😂	face with tears of joy	crying|face|feels|funny|haha|happy|hehe|hilarious|joy|laugh|lmao|lol|rofl|roflmao|tear|with|tears|of
❤️	red heart	emotion|heart|love|red
😍	smiling face with heart-eyes	143|bae|eye|face|feels|heart-eyes|hearts|ily|kisses|love|romance|romantic|smile|xoxo|smiling|with
🤣	rolling on the floor laughing	crying|face|floor|funny|haha|happy|hehe|hilarious|joy|laugh|lmao|lol|rofl|roflmao|rolling|tear|on|the|laughing
😊	smiling face with smiling eyes	blush|eye|eyes|face|glad|satisfied|smile|smiling|with
🙏	folded hands	appreciate|ask|beg|blessed|bow|cmon|five|folded|gesture|hand|high|please|pray|thanks|thx|hands
💕	two hearts	143|anniversary|date|dating|emotion|heart|hearts|ily|kisses|love|loving|two|xoxo
😭	loudly crying face	bawling|cry|crying|face|loudly|sad|sob|tear|tears|unhappy
😘	face blowing a kiss	adorbs|bae|blowing|face|flirt|heart|ily|kiss|love|lover|miss|muah|romantic|smooch|xoxo|you
👍	thumbs up	+1|good|hand|like|thumb|up|yes|thumbs
😅	grinning face with sweat	cold|dejected|excited|face|grinning|mouth|nervous|open|smile|smiling|stress|stressed|sweat|with
👏	clapping hands	applause|approval|awesome|clap|congrats|congratulations|excited|good|great|hand|homie|job|nice|prayed|well|yay|clapping|hands
😁	beaming face with smiling eyes	beaming|eye|eyes|face|grin|grinning|happy|nice|smile|smiling|teeth|with
♥️	heart suit	card|emotion|game|heart|hearts|suit
🔥	fire	af|burn|flame|hot|lit|litaf|tool
💔	broken heart	break|broken|crushed|emotion|heart|heartbroken|lonely|sad
💖	sparkling heart	143|emotion|excited|good|heart|ily|kisses|morning|night|sparkle|sparkling|xoxo
💙	blue heart	143|blue|emotion|heart|ily|love|romance
😢	crying face	awful|cry|crying|face|feels|miss|sad|tear|triste|unhappy
🤔	thinking face	chin|consider|face|hmm|ponder|pondering|thinking|wondering
😆	grinning squinting face	closed|eyes|face|grinning|haha|hahaha|happy|laugh|lol|mouth|open|rofl|smile|smiling|squinting
🙄	face with rolling eyes	eyeroll|eyes|face|rolling|shade|ugh|whatever|with
💪	flexed biceps	arm|beast|bench|biceps|bodybuilder|bro|curls|flex|gains|gym|jacked|muscle|press|ripped|strong|weightlift|flexed
😉	winking face	face|flirt|heartbreaker|sexy|slide|tease|wink|winking|winks
☺️	smiling face	face|happy|outlined|relaxed|smile|smiling
👌	ok hand	awesome|bet|dope|fleek|fosho|got|gotcha|hand|legit|ok|okay|pinch|rad|sure|sweet|three
🤗	smiling face with open hands	face|hands|hug|hugging|open|smiling|with
💜	purple heart	143|bestest|emotion|heart|ily|love|purple
😔	pensive face	awful|bored|dejected|died|disappointed|face|losing|lost|pensive|sad|sucks
😎	smiling face with sunglasses	awesome|beach|bright|bro|chilling|cool|face|rad|relaxed|shades|slay|smile|style|sunglasses|swag|win|smiling|with
😇	smiling face with halo	angel|angelic|angels|blessed|face|fairy|fairytale|fantasy|halo|happy|innocent|peaceful|smile|smiling|spirit|tale|with
🌹	rose	beauty|elegant|flower|love|plant|red|valentine
🤦	person facepalming	again|bewilder|disbelief|exasperation|facepalm|no|not|oh|omg|person|shock|smh|facepalming
🎉	party popper	awesome|birthday|celebrate|celebration|excited|hooray|party|popper|tada|woohoo
‼️	double exclamation mark	!|!!|bangbang|double|exclamation|mark|punctuation
💞	revolving hearts	143|adorbs|anniversary|emotion|heart|hearts|revolving
✌️	victory hand	hand|peace|v|victory
✨	sparkles	*|magic|sparkle|star
🤷	person shrugging	doubt|dunno|guess|idk|ignorance|indifference|knows|maybe|person|shrug|shrugging|whatever|who
😱	face screaming in fear	epic|face|fear|fearful|munch|scared|scream|screamer|screaming|shocked|surprised|woah|in
😌	relieved face	calm|face|peace|relief|relieved|zen
🌸	cherry blossom	blossom|cherry|flower|plant|spring|springtime
🙌	raising hands	celebration|gesture|hand|hands|hooray|praise|raised|raising
😋	face savoring food	delicious|eat|face|food|full|hungry|savor|smile|smiling|tasty|um|yum|yummy|savoring
💗	growing heart	143|emotion|excited|growing|heart|heartpulse|ily|kisses|muah|nervous|pulse|xoxo
💚	green heart	143|emotion|green|heart|ily|love|romantic
😏	smirking face	boss|dapper|face|flirt|homie|kidding|leer|shade|slick|sly|smirk|smug|snicker|suave|suspicious|swag|smirking
💛	yellow heart	143|cardiac|emotion|heart|ily|love|yellow
🙂	slightly smiling face	face|happy|slightly|smile|smiling
💓	beating heart	143|beating|cardio|emotion|heart|heartbeat|ily|love|pulsating|pulse
🤩	star-struck	excited|eyes|face|grinning|smile|star|starry-eyed|wow
😄	grinning face with smiling eyes	eye|eyes|face|grin|grinning|happy|laugh|lol|mouth|open|smile|smiling|with
😀	grinning face	cheerful|cheery|face|grin|grinning|happy|laugh|nice|smile|smiling|teeth
🖤	black heart	black|evil|heart|wicked
😃	grinning face with big eyes	awesome|big|eyes|face|grin|grinning|happy|mouth|open|smile|smiling|teeth|yay|with
💯	hundred points	100|a+|agree|clearly|definitely|faithful|fleek|full|hundred|keep|perfect|point|score|true|truth|yup|points
🙈	see-no-evil monkey	embarrassed|evil|face|forbidden|forgot|gesture|hide|monkey|no|omg|prohibited|scared|secret|smh|watch|see-no-evil
👇	backhand index pointing down	backhand|down|finger|hand|index|point|pointing
🎶	musical notes	music|musical|note|notes|sound
😒	unamused face	...|bored|face|fine|jealous|jel|jelly|pissed|smh|ugh|uhh|unamused|unhappy|weird|whatever
🤭	face with hand over mouth	face|giggle|giggling|hand|mouth|oops|realization|secret|shock|sudden|surprise|whoops|with|over
❣️	heart exclamation	bang|exclamation|heart|heavy|mark|punctuation
❗	red exclamation mark	!|bang|exclamation|mark|punctuation|red
😜	winking face with tongue	crazy|epic|eye|face|funny|joke|loopy|nutty|party|stuck-out|tongue|wacky|weirdo|wink|winking|yolo|with
💋	kiss mark	dating|emotion|heart|kiss|kissing|lips|mark|romance|sexy
👀	eyes	body|eye|face|googly|look|looking|omg|peep|see|seeing
😪	sleepy face	crying|face|good|night|sad|sleep|sleeping|sleepy|tired
😑	expressionless face	awkward|dead|expressionless|face|fine|inexpressive|jealous|meh|not|oh|omg|straight|uh|unhappy|unimpressed|whatever
💥	collision	bomb|boom|collide|comic|explode
🙋	person raising hand	gesture|hand|here|know|me|person|pick|question|raise|raising
😞	disappointed face	awful|blame|dejected|disappointed|face|fail|losing|sad|unhappy
😩	weary face	crying|face|fail|feels|hungry|mad|nooo|sad|sleepy|tired|unhappy|weary
😡	enraged face	anger|angry|enraged|face|feels|mad|maddening|pouting|rage|red|shade|unhappy|upset
🤪	zany face	crazy|eye|eyes|face|goofy|large|small|zany
👊	oncoming fist	absolutely|agree|boom|bro|bruh|bump|clenched|correct|fist|hand|knuckle|oncoming|pound|punch|rock|ttyl
☀️	sun	bright|rays|space|sunny|weather
😥	sad but relieved face	anxious|call|close|complicated|disappointed|face|not|relieved|sad|sweat|time|whew|but
🤤	drooling face	drooling|face
👉	backhand index pointing right	backhand|finger|hand|index|point|pointing|right
💃	woman dancing	dance|dancer|dancing|elegant|festive|flair|flamenco|groove|let's|salsa|tango|woman
😳	flushed face	amazed|awkward|crazy|dazed|dead|disbelief|embarrassed|face|flushed|geez|heat|hot|impressed|jeez|what|wow
✋	raised hand	5|five|hand|high|raised|stop
😚	kissing face with closed eyes	143|bae|blush|closed|date|dating|eye|eyes|face|flirt|ily|kisses|kissing|smooches|xoxo|with
😝	squinting face with tongue	closed|eye|eyes|face|gross|horrible|omg|squinting|stuck-out|taste|tongue|whatever|yolo|with
😴	sleeping face	bed|bedtime|face|good|goodnight|nap|night|sleep|sleeping|tired|whatever|yawn|zzz
🌟	glowing star	glittery|glow|glowing|night|shining|sparkle|star|win
😬	grimacing face	awk|awkward|dentist|face|grimace|grimacing|grinning|smile|smiling
🙃	upside-down face	face|hehe|smile|upside-down
🍀	four leaf clover	4|clover|four|four-leaf|irish|leaf|lucky|plant
🌷	tulip	blossom|flower|growth|plant
😻	smiling cat with heart-eyes	animal|cat|eye|face|heart|heart-eyes|love|smile|smiling|with
😓	downcast face with sweat	close|cold|downcast|face|feels|headache|nervous|sad|scared|sweat|yikes|with
⭐	star	astronomy|medium|stars|white
✅	check mark button	✓|button|check|checked|checkmark|complete|completed|done|fixed|mark|tick
🌈	rainbow	gay|genderqueer|glbt|glbtq|lesbian|lgbt|lgbtq|lgbtqia|nature|pride|queer|rain|trans|transgender|weather
😈	smiling face with horns	demon|devil|evil|face|fairy|fairytale|fantasy|horns|purple|shade|smile|smiling|tale|with
🤘	sign of the horns	finger|hand|horns|rock-on|sign|of|the
💦	sweat droplets	comic|drip|droplet|droplets|drops|splashing|squirt|sweat|water|wet|work|workout
✔️	check mark	✓|check|checked|checkmark|done|heavy|mark|tick
😣	persevering face	concentrate|concentration|face|focus|headache|persevere|persevering
🏃	person running	fast|hurry|marathon|move|person|quick|race|racing|run|rush|speed|running
💐	bouquet	anniversary|birthday|date|flower|love|plant|romance
☹️	frowning face	face|frown|frowning|sad
🎊	confetti ball	ball|celebrate|celebration|confetti|party|woohoo
💘	heart with arrow	143|adorbs|arrow|cupid|date|emotion|heart|ily|love|romance|valentine|with
😠	angry face	anger|angry|blame|face|feels|frustrated|mad|maddening|rage|shade|unhappy|upset
☝️	index pointing up	finger|hand|index|point|pointing|this|up
😕	confused face	befuddled|confused|confusing|dunno|face|frown|hm|meh|not|sad|sorry|sure
🌺	hibiscus	flower|plant
🎂	birthday cake	bday|birthday|cake|celebration|dessert|happy|pastry|sweet
🌻	sunflower	flower|outdoors|plant|sun
😐	neutral face	awkward|blank|deadpan|expressionless|face|fine|jealous|meh|neutral|oh|shade|straight|unamused|unhappy|unimpressed|whatever
🖕	middle finger	finger|hand|middle
💝	heart with ribbon	143|anniversary|emotion|heart|ily|kisses|ribbon|valentine|xoxo|with
🙊	speak-no-evil monkey	animal|evil|face|forbidden|gesture|monkey|no|not|oops|prohibited|quiet|secret|speak|stealth|speak-no-evil
😹	cat with tears of joy	animal|cat|face|joy|laugh|laughing|lol|tear|tears|with|of
🗣️	speaking head	face|head|silhouette|speak|speaking
💫	dizzy	comic|shining|shooting|star|stars
💀	skull	body|dead|death|face|fairy|fairytale|i'm|lmao|monster|tale|yolo
👑	crown	clothing|family|king|medieval|queen|royal|royalty|win
🎵	musical note	music|musical|note|sound
🤞	crossed fingers	cross|crossed|finger|fingers|hand|luck
😛	face with tongue	awesome|cool|face|nice|party|stuck-out|sweet|tongue|with
🔴	red circle	circle|geometric|red
😤	face with steam from nose	anger|angry|face|feels|fume|fuming|furious|fury|mad|nose|steam|triumph|unhappy|won|with|from
🌼	blossom	buttercup|dandelion|flower|plant
😫	tired face	cost|face|feels|nap|sad|sneeze|tired
⚽	soccer ball	ball|football|futbol|soccer|sport
🤙	call me hand	call|hand|hang|loose|me|shaka
☕	hot beverage	beverage|cafe|caffeine|chai|coffee|drink|hot|morning|steaming|tea
🏆	trophy	champion|champs|prize|slay|sport|victory|win|winning
🧡	orange heart	143|heart|orange
🎁	wrapped gift	birthday|bow|box|celebration|christmas|gift|present|surprise|wrapped
⚡	high voltage	danger|electric|electricity|high|lightning|nature|thunder|thunderbolt|voltage|zap
🌞	sun with face	beach|bright|day|face|heat|shine|sun|sunny|sunshine|weather|with
🎈	balloon	birthday|celebrate|celebration
❌	cross mark	×|cancel|cross|mark|multiplication|multiply|x
✊	raised fist	clenched|fist|hand|punch|raised|solidarity
👋	waving hand	bye|cya|g2g|greetings|gtg|hand|hello|hey|hi|later|outtie|ttfn|ttyl|wave|yo|you|waving
😲	astonished face	astonished|cost|face|no|omg|shocked|totally|way
🌿	herb	leaf|plant
🤫	shushing face	face|quiet|shh|shush|shushing
👈	backhand index pointing left	backhand|finger|hand|index|left|point|pointing
😮	face with open mouth	believe|face|forgot|mouth|omg|open|shocked|surprised|sympathy|unbelievable|unreal|whoa|wow|you|with
🙆	person gesturing ok	exercise|gesture|gesturing|hand|ok|omg|person
🍻	clinking beer mugs	alcohol|bar|beer|booze|bottoms|cheers|clink|clinking|drinking|drinks|mugs
🍃	leaf fluttering in wind	blow|flutter|fluttering|leaf|wind|in
🐶	dog face	adorbs|animal|dog|face|pet|puppies|puppy
💁	person tipping hand	fetch|flick|flip|gossip|hand|person|sarcasm|sarcastic|sassy|seriously|tipping|whatever
😰	anxious face with sweat	anxious|blue|cold|eek|face|mouth|nervous|open|rushed|scared|sweat|yikes|with
🤨	face with raised eyebrow	disapproval|disbelief|distrust|emoji|eyebrow|face|hmm|mild|raised|skeptic|skeptical|skepticism|surprise|what|with
😶	face without mouth	awkward|blank|expressionless|face|mouth|mouthless|mute|quiet|secret|silence|silent|speechless|without
🤝	handshake	agreement|deal|hand|meeting|shake
🚶	person walking	amble|gait|hike|man|pace|pedestrian|person|stride|stroll|walk|walking
💰	money bag	bag|bank|bet|billion|cash|cost|dollar|gold|million|money|moneybag|paid|paying|pot|rich|win
🍓	strawberry	berry|fruit
💢	anger symbol	anger|angry|comic|mad|symbol|upset
🇺🇸	flag: united states	flag|flag:|united|states
🤟	love-you gesture	fingers|gesture|hand|ily|love|love-you|three|you
🙁	slightly frowning face	face|frown|frowning|sad|slightly
🚨	police car light	alarm|alert|beacon|car|emergency|light|police|revolving|siren
💨	dashing away	away|cloud|comic|dash|dashing|fart|fast|go|gone|gotta|running|smoke
🤬	face with symbols on mouth	censor|cursing|cussing|face|mad|mouth|pissed|swearing|symbols|with|on
✈️	airplane	aeroplane|fly|flying|jet|plane|travel
🎀	ribbon	celebration
🍺	beer mug	alcohol|ale|bar|beer|booze|drink|drinking|drinks|mug|octoberfest|oktoberfest|pint|stein|summer
🤓	nerd face	brainy|clever|expert|face|geek|gifted|glasses|intelligent|nerd|smart
😙	kissing face with smiling eyes	143|closed|date|dating|eye|eyes|face|flirt|ily|kiss|kisses|kissing|love|night|smile|smiling|with
💟	heart decoration	143|decoration|emotion|heart|hearth|purple|white
🌱	seedling	plant|sapling|sprout|young
😖	confounded face	annoyed|confounded|confused|cringe|distraught|face|feels|frustrated|mad|sad
👶	baby	babies|children|goo|infant|newborn|pregnant|young
▶️	play button	arrow|button|play|right|triangle
➡️	right arrow	arrow|cardinal|direction|east|right
❓	red question mark	?|mark|punctuation|question|red
💎	gem stone	diamond|engagement|gem|jewel|money|romance|stone|wedding
💸	money with wings	bank|banknote|bill|billion|cash|dollar|fly|million|money|note|pay|wings|with
⬇️	down arrow	arrow|cardinal|direction|down|south
😨	fearful face	afraid|anxious|blame|face|fear|fearful|scared|worried
🌚	new moon face	face|moon|new|space
🦋	butterfly	insect|pretty
😷	face with medical mask	cold|dentist|dermatologist|doctor|dr|face|germs|mask|medical|medicine|sick|with
🕺	man dancing	dance|dancer|dancing|elegant|festive|flair|flamenco|groove|let's|man|salsa|tango
⚠️	warning	caution
🙅	person gesturing no	forbidden|gesture|hand|no|not|person|prohibit|gesturing
😟	worried face	anxious|butterflies|face|nerves|nervous|sad|stress|stressed|surprised|worried|worry
😵	face with crossed-out eyes	crossed-out|dead|dizzy|eyes|face|feels|knocked|out|sick|tired|with
👎	thumbs down	-1|bad|dislike|down|good|hand|no|nope|thumb|thumbs
🤲	palms up together	cupped|dua|hands|palms|pray|prayer|together|up|wish
🤠	cowboy hat face	cowboy|cowgirl|face|hat
🤧	sneezing face	face|fever|flu|gesundheit|sick|sneeze|sneezing
📌	pushpin	collage|pin
🔵	blue circle	blue|circle|geometric
💅	nail polish	bored|care|cosmetics|done|makeup|manicure|nail|polish|whatever
🧐	face with monocle	classy|face|fancy|monocle|rich|stuffy|wealthy|with
🐾	paw prints	feet|paw|paws|print|prints
🍒	cherries	berries|cherry|fruit|red
😗	kissing face	143|date|dating|face|flirt|ily|kiss|love|smooch|smooches|xoxo|you|kissing
🤑	money-mouth face	face|money|money-mouth|mouth|paid
🚀	rocket	launch|rockets|space|travel
🌊	water wave	nature|ocean|surf|surfer|surfing|water|wave
🤯	exploding head	blown|explode|exploding|head|mind|mindblown|no|shocked|way
🐷	pig face	animal|bacon|face|farm|pig|pork
☎️	telephone	phone
💧	droplet	cold|comic|drop|nature|sad|sweat|tear|water|weather
😯	hushed face	epic|face|hushed|omg|stunned|surprised|whoa|woah
💆	person getting massage	face|getting|headache|massage|person|relax|relaxing|salon|soothe|spa|tension|therapy|treatment
👆	backhand index pointing up	backhand|finger|hand|index|point|pointing|up
🎤	microphone	karaoke|mic|music|sing|sound
🙇	person bowing	apology|ask|beg|bow|bowing|favor|forgive|gesture|meditate|meditation|person|pity|regret|sorry
🍑	peach	fruit
❄️	snowflake	cold|snow|weather
🌴	palm tree	beach|palm|plant|tree|tropical
🇧🇷	flag: brazil	flag|flag:|brazil
💣	bomb	boom|comic|dangerous|explosion|hot
🐸	frog	animal|face
💌	love letter	heart|letter|love|mail|romance|valentine
📍	round pushpin	location|map|pin|pushpin|round
🥀	wilted flower	dying|flower|wilted
🤢	nauseated face	face|gross|nasty|nauseated|sick|vomit
👅	tongue	body|lick|slurp
💡	light bulb	bulb|comic|electric|idea|light
💩	pile of poo	bs|comic|doo|dung|face|fml|monster|pile|poo|poop|smelly|smh|stink|stinks|stinky|turd|of
⁉️	exclamation question mark	!|!?|?|exclamation|interrobang|mark|punctuation|question
👐	open hands	hand|hands|hug|jazz|open|swerve
📸	camera with flash	camera|flash|video|with
👻	ghost	boo|creature|excited|face|fairy|fairytale|fantasy|halloween|haunting|monster|scary|silly|tale
🤐	zipper-mouth face	face|keep|mouth|quiet|secret|shut|zip|zipper|zipper-mouth
🤮	face vomiting	barf|ew|face|gross|puke|sick|spew|throw|up|vomit|vomiting
🎼	musical score	music|musical|note|score
✍️	writing hand	hand|write|writing
🚩	triangular flag	construction|flag|golf|post|triangular
🍎	red apple	apple|diet|food|fruit|health|red|ripe
🍊	tangerine	c|citrus|fruit|nectarine|orange|vitamin
👼	baby angel	angel|baby|church|face|fairy|fairytale|fantasy|tale
💍	ring	diamond|engaged|engagement|married|romance|shiny|sparkling|wedding
📣	megaphone	cheering|sound
🥂	clinking glasses	celebrate|clink|clinking|drink|glass|glasses
⤵️	right arrow curving down	arrow|curving|down|right
📱	mobile phone	cell|communication|mobile|phone|telephone
☔	umbrella with rain drops	clothing|drop|drops|rain|umbrella|weather|with
🌙	crescent moon	crescent|moon|ramadan|space
🍾	bottle with popping cork	bar|bottle|cork|drink|popping|with
🎧	headphone	earbud|sound
🍁	maple leaf	falling|leaf|maple
⭕	hollow red circle	circle|heavy|hollow|large|o|red
🏀	basketball	ball|hoop|sport
☠️	skull and crossbones	bone|crossbones|dead|death|face|monster|skull|and
⚫	black circle	black|circle|geometric
🖐️	hand with fingers splayed	finger|fingers|hand|raised|splayed|stop|with
😧	anguished face	anguished|face|forgot|scared|scary|stressed|surprise|unhappy|what|wow
🎯	bullseye	bull|dart|direct|entertainment|game|hit|target
📲	mobile phone with arrow	arrow|build|call|cell|communication|mobile|phone|receive|telephone|with
☘️	shamrock	irish|plant
👁️	eye	1|body|one
🍷	wine glass	alcohol|bar|beverage|booze|club|drink|drinking|drinks|glass|restaurant|wine
👄	mouth	beauty|body|kiss|kissing|lips|lipstick
🐟	fish	animal|dinner|fishes|fishing|pisces|zodiac
🍰	shortcake	cake|dessert|pastry|slice|sweet
💤	zzz	comic|good|goodnight|night|sleep|sleeping|sleepy|tired
🕊️	dove	bird|fly|ornithology|peace
📺	television	tv|video
💭	thought balloon	balloon|bubble|cartoon|cloud|comic|daydream|decisions|dream|idea|invent|invention|realize|think|thoughts|wonder|thought
🐱	cat face	animal|cat|face|kitten|kitty|pet
🐝	honeybee	animal|bee|bumblebee|honey|insect|nature|spring
🇲🇽	flag: mexico	flag|flag:|mexico
🧚	fairy	fairytale|fantasy|myth|person|pixie|tale|wings
🔝	top arrow	arrow|homie|top|up
📢	loudspeaker	address|communication|loud|public|sound
📷	camera	photo|selfie|snap|tbt|trip|video
🐕	dog	animal|animals|dogs|pet
🎸	guitar	instrument|music|strat
🔫	water pistol	gun|handgun|pistol|revolver|tool|water|weapon
🤚	raised back of hand	back|backhand|hand|raised|of
🍭	lollipop	candy|dessert|food|restaurant|sweet
🍆	eggplant	aubergine|vegetable
💉	syringe	doctor|flu|medicine|needle|shot|sick|tool|vaccination
🌎	globe showing americas	americas|earth|globe|showing|world
😦	frowning face with open mouth	caught|face|frown|frowning|guard|mouth|open|scared|scary|surprise|what|wow|with
🌀	cyclone	dizzy|hurricane|twister|typhoon|weather
👿	angry face with horns	angry|demon|devil|evil|face|fairy|fairytale|fantasy|horns|imp|mischievous|purple|shade|tale|with
☑️	check box with check	✓|ballot|box|check|checked|done|off|tick|with
🎥	movie camera	bollywood|camera|cinema|film|hollywood|movie|record
🌧️	cloud with rain	cloud|rain|weather|with
👽	alien	creature|extraterrestrial|face|fairy|fairytale|fantasy|monster|space|tale|ufo
🍋	lemon	citrus|fruit|sour
🤒	face with thermometer	face|ill|sick|thermometer|with
🤡	clown face	clown|face
🍫	chocolate bar	bar|candy|chocolate|dessert|halloween|sweet|tooth
📚	books	book|education|fantasy|knowledge|library|novels|reading|school|study
🏁	chequered flag	checkered|chequered|finish|flag|flags|game|race|racing|sport|win
🤕	face with head-bandage	bandage|face|head-bandage|hurt|injury|ouch|with
🦄	unicorn	face
🍅	tomato	food|fruit|vegetable
🚗	automobile	car|driving|vehicle
🚫	prohibited	entry|forbidden|no|not|smoke
💵	dollar banknote	bank|banknote|bill|currency|dollar|money|note
⚾	baseball	ball|sport
🔪	kitchen knife	chef|cooking|hocho|kitchen|knife|tool|weapon
🔔	bell	break|church|sound
♨️	hot springs	hot|hotsprings|springs|steaming
🌳	deciduous tree	deciduous|forest|green|habitat|shedding|tree
🔊	speaker high volume	high|loud|music|sound|speaker|volume
🍬	candy	cavities|dessert|halloween|restaurant|sweet|tooth|wrapper
💏	kiss	anniversary|babe|bae|couple|date|dating|heart|love|mwah|person|romance|together|xoxo
🍼	baby bottle	babies|baby|birth|born|bottle|drink|infant|milk|newborn
🍜	steaming bowl	bowl|chopsticks|food|noodle|pho|ramen|soup|steaming
🐼	panda	animal|bamboo|face
🙉	hear-no-evil monkey	animal|ears|evil|face|forbidden|gesture|hear|listen|monkey|no|not|prohibited|secret|shh|tmi|hear-no-evil
🐈	cat	animal|animals|cats|kitten|pet
🐻	bear	animal|face|grizzly|growl|honey
🤸	person cartwheeling	active|cartwheel|cartwheeling|excited|flip|gymnastics|happy|person|somersault
🌝	full moon face	bright|face|full|moon
👸	princess	crown|fairy|fairytale|fantasy|queen|royal|royalty|tale
🍕	pizza	cheese|food|hungry|pepperoni|slice
🍌	banana	fruit|potassium
🍦	soft ice cream	cream|dessert|food|ice|icecream|restaurant|serve|soft|sweet
⚪	white circle	circle|geometric|white
👩	woman	adult|lady
😿	crying cat	animal|cat|cry|crying|face|sad|tear
🍂	fallen leaf	autumn|fall|fallen|falling|leaf
📞	telephone receiver	communication|phone|receiver|telephone|voip
⏰	alarm clock	alarm|clock|hours|hrs|late|time|waiting
🔞	no one under eighteen	18|age|eighteen|forbidden|no|not|one|prohibited|restriction|underage|under
🌍	globe showing europe-africa	africa|earth|europe|europe-africa|globe|showing|world
🌠	shooting star	falling|night|shooting|space|star
🙀	weary cat	animal|cat|face|oh|surprised|weary
▪️	black small square	black|geometric|small|square
☁️	cloud	weather
👹	ogre	creature|devil|face|fairy|fairytale|fantasy|mask|monster|scary|tale
🍉	watermelon	fruit
🐥	front-facing baby chick	animal|baby|bird|chick|front-facing|newborn|ornithology
🌶️	hot pepper	hot|pepper
1️⃣	keycap: 1	1|keycap|one|keycap:
🌵	cactus	desert|drought|nature|plant
🇮🇳	flag: india	flag|flag:|india
👧	girl	bright-eyed|child|daughter|granddaughter|kid|virgo|young|younger|zodiac
🍄	mushroom	fungus|toadstool
👮	police officer	apprehend|arrest|citation|cop|law|officer|over|police|pulled|undercover
💮	white flower	flower|white
🐰	rabbit face	animal|bunny|face|pet|rabbit
🔷	large blue diamond	blue|diamond|geometric|large
🌾	sheaf of rice	ear|grain|grains|plant|rice|sheaf|of
🔹	small blue diamond	blue|diamond|geometric|small
🇹🇷	flag: türkiye	flag|flag:|türkiye
🥇	1st place medal	1st|first|gold|medal|place
🇮🇹	flag: italy	flag|flag:|italy
🍪	cookie	chip|chocolate|dessert|sweet
🇦🇷	flag: argentina	flag|flag:|argentina
🛑	stop sign	octagonal|sign|stop
🐍	snake	animal|bearer|ophiuchus|serpent|zodiac
🎓	graduation cap	cap|celebration|clothing|education|graduation|hat|scholar
🇨🇦	flag: canada	flag|flag:|canada
🍏	green apple	apple|fruit|green
🦁	lion	alpha|animal|face|leo|mane|order|rawr|roar|safari|strong|zodiac
😽	kissing cat	animal|cat|closed|eye|eyes|face|kiss|kissing
🚬	cigarette	smoking
🍖	meat on bone	bone|meat|on
🍴	fork and knife	breakfast|breaky|cooking|cutlery|delicious|dinner|eat|feed|food|fork|hungry|knife|lunch|restaurant|yum|yummy|and
🆘	sos button	button|help|sos
🤜	right-facing fist	fist|right-facing|rightwards
🍿	popcorn	corn|movie|pop
🍔	hamburger	burger|eat|fast|food|hungry
📝	memo	communication|media|notes|pencil
🇯🇵	flag: japan	flag|flag:|japan
🍮	custard	dessert|pudding|sweet
🍇	grapes	dionysus|fruit|grape
2️⃣	keycap: 2	2|keycap|two|keycap:
🏠	house	building|country|heart|home|ranch|settle|simple|suburban|suburbia|where
🤰	pregnant woman	pregnant|woman
🐣	hatching chick	animal|baby|bird|chick|egg|hatching
🐒	monkey	animal|banana
👦	boy	bright-eyed|child|grandson|kid|son|young|younger
🍩	doughnut	breakfast|dessert|donut|food|sweet
🍣	sushi	food
🤛	left-facing fist	fist|left-facing|leftwards
👯	people with bunny ears	bestie|bff|bunny|counterpart|dancer|double|ear|identical|pair|party|partying|people|soulmate|twin|twinsies|with|ears
🏳️‍🌈	rainbow flag	bisexual|flag|gay|genderqueer|glbt|glbtq|lesbian|lgbt|lgbtq|lgbtqia|pride|queer|rainbow|trans|transgender
♠️	spade suit	card|game|spade|suit
🌲	evergreen tree	christmas|evergreen|forest|pine|tree
🐴	horse face	animal|dressage|equine|face|farm|horse|horses
🍛	curry rice	curry|food|rice
🎆	fireworks	boom|celebration|entertainment|yolo
💑	couple with heart	anniversary|babe|bae|couple|dating|heart|kiss|love|person|relationship|romance|together|you|with
🍞	bread	carbs|food|grain|loaf|restaurant|toast|wheat
🍯	honey pot	barrel|bear|food|honey|honeypot|jar|pot|sweet
☄️	comet	space
😸	grinning cat with smiling eyes	animal|cat|eye|eyes|face|grin|grinning|smile|smiling|with
🍚	cooked rice	cooked|food|rice
🎬	clapper board	action|board|clapper|movie
🎙️	studio microphone	mic|microphone|music|studio
🇨🇴	flag: colombia	flag|flag:|colombia
🐳	spouting whale	animal|beach|face|ocean|spouting|whale
🦀	crab	cancer|zodiac
🥃	tumbler glass	glass|liquor|scotch|shot|tumbler|whiskey|whisky
🔸	small orange diamond	diamond|geometric|orange|small
💊	pill	doctor|drugs|medicated|medicine|pills|sick|vitamin
🐎	horse	animal|equestrian|farm|racehorse|racing
🍹	tropical drink	alcohol|bar|booze|club|cocktail|drink|drinking|drinks|drunk|mai|party|tai|tropical|tropics
♦️	diamond suit	card|diamond|game|suit
🔮	crystal ball	ball|crystal|fairy|fairytale|fantasy|fortune|future|magic|tale|tool
👨	man	adult|bro
🍸	cocktail glass	alcohol|bar|booze|club|cocktail|drink|drinking|drinks|glass|mad|martini|men
🌏	globe showing asia-australia	asia|asia-australia|australia|earth|globe|showing|world
👴	old man	adult|bald|elderly|gramps|grandfather|grandpa|man|old|wise
🧢	billed cap	baseball|bent|billed|cap|dad|hat
🐽	pig nose	animal|face|farm|nose|pig|smell|snout
🐔	chicken	animal|bird|ornithology
🎻	violin	instrument|music
⬆️	up arrow	arrow|cardinal|direction|north|up
✂️	scissors	cut|cutting|paper|tool
👫	woman and man holding hands	bae|bestie|bff|couple|dating|flirt|friends|hand|hold|man|twins|woman|and|holding|hands
👣	footprints	barefoot|clothing|footprint|omw|print|walk
🐯	tiger face	animal|big|cat|face|predator|tiger
🎮	video game	controller|entertainment|game|video
🍵	teacup without handle	beverage|cup|drink|handle|oolong|tea|teacup|without
🐦	bird	animal|ornithology
🇬🇧	flag: united kingdom	flag|flag:|united|kingdom
〰️	wavy dash	dash|punctuation|wavy
👭	women holding hands	bae|bestie|bff|couple|dating|flirt|friends|girls|hand|hold|sisters|twins|women|holding|hands
🐬	dolphin	animal|beach|flipper|ocean
🍟	french fries	fast|food|french|fries
👙	bikini	bathing|beach|clothing|pool|suit|swim
✖️	multiply	×|cancel|multiplication|sign|x
📩	envelope with arrow	arrow|communication|down|e-mail|email|envelope|letter|mail|outgoing|send|sent|with
👵	old woman	adult|elderly|grandma|grandmother|granny|lady|old|wise|woman
🍨	ice cream	cream|dessert|food|ice|restaurant|sweet
🇫🇷	flag: france	flag|flag:|france
🐖	pig	animal|bacon|farm|pork|sow
✝️	latin cross	christ|christian|cross|latin|religion
♻️	recycling symbol	recycle|recycling|symbol
🥊	boxing glove	boxing|glove
🦅	eagle	animal|bird|ornithology
💬	speech balloon	balloon|bubble|comic|dialog|message|sms|speech|talk|text|typing
🇨🇱	flag: chile	flag|flag:|chile
🐢	turtle	animal|terrapin|tortoise
🔰	japanese symbol for beginner	beginner|chevron|green|japanese|leaf|symbol|tool|yellow|for
🔶	large orange diamond	diamond|geometric|large|orange
🎗️	reminder ribbon	celebration|reminder|ribbon
💄	lipstick	cosmetics|date|makeup
👠	high-heeled shoe	clothes|clothing|dress|fashion|heel|heels|high-heeled|shoe|shoes|shopping|stiletto|woman
🥕	carrot	food|vegetable
➖	minus	-|−|heavy|math|sign
🐺	wolf	animal|face
📖	open book	book|education|fantasy|knowledge|library|novels|open|reading
🍍	pineapple	colada|fruit|pina|tropical
🌃	night with stars	night|star|stars|with
✴️	eight-pointed star	*|eight-pointed|star
🌌	milky way	milky|space|way
🐓	rooster	animal|bird|ornithology
👂	ear	body|ears|hear|hearing|listen|listening|sound
🍤	fried shrimp	fried|prawn|shrimp|tempura
🐐	goat	animal|capricorn|farm|milk|zodiac
🔻	red triangle pointed down	down|geometric|pointed|red|triangle
💻	laptop	computer|office|pc|personal
🦐	shrimp	food|shellfish|small
🇩🇪	flag: germany	flag|flag:|germany
🌛	first quarter moon face	face|first|moon|quarter|space
↘️	down-right arrow	arrow|direction|down-right|intercardinal|southeast
✏️	pencil	
🧘	person in lotus position	cross|legged|legs|lotus|meditation|peace|person|position|relax|serenity|yoga|yogi|zen|in
🥁	drum	drumsticks|music
🏖️	beach with umbrella	beach|umbrella|with
⚜️	fleur-de-lis	knights
❕	white exclamation mark	!|bang|exclamation|mark|outlined|punctuation|white
🅰️	a button (blood type)	blood|button|type|(blood|type)
🚴	person biking	bicycle|bicyclist|bike|biking|cycle|cyclist|person|riding|sport
💠	diamond with a dot	comic|diamond|dot|geometric|with
㊗️	japanese “congratulations” button	button|congratulations|ideograph|japanese|“congratulations”
🐙	octopus	animal|creature|ocean
♣️	club suit	card|club|clubs|game|suit
🍡	dango	dessert|japanese|skewer|stick|sweet
⏩	fast-forward button	arrow|button|double|fast|fast-forward|forward
🎨	artist palette	art|artist|artsy|arty|colorful|creative|entertainment|museum|painter|painting|palette
🐠	tropical fish	animal|fish|fishes|tropical
🇰🇷	flag: south korea	flag|flag:|south|korea
🍗	poultry leg	bone|chicken|drumstick|hungry|leg|poultry|turkey
🚮	litter in bin sign	bin|litter|litterbin|sign|in
▫️	white small square	geometric|small|square|white
🌪️	tornado	cloud|weather|whirlwind
😼	cat with wry smile	animal|cat|face|ironic|smile|wry|with
👤	bust in silhouette	bust|mysterious|shadow|silhouette|in
🏊	person swimming	freestyle|person|sport|swim|swimmer|swimming|triathlon
🌽	ear of corn	corn|crops|ear|farm|maize|maze|of
🎩	top hat	clothes|clothing|fancy|formal|hat|magic|top|tophat
🇪🇸	flag: spain	flag|flag:|spain
🎹	musical keyboard	instrument|keyboard|music|musical|piano
🍈	melon	cantaloupe|fruit
◀️	reverse button	arrow|button|left|reverse|triangle
↔️	left-right arrow	arrow|left-right
🏡	house with garden	building|country|garden|heart|home|house|ranch|settle|simple|suburban|suburbia|where|with
🇵🇰	flag: pakistan	flag|flag:|pakistan
🎇	sparkler	boom|celebration|fireworks|sparkle
🥩	cut of meat	chop|cut|lambchop|meat|porkchop|red|steak|of
🐞	lady beetle	animal|beetle|garden|insect|lady|ladybird|ladybug|nature
3️⃣	keycap: 3	3|keycap|three|keycap:
⬅️	left arrow	arrow|cardinal|direction|left|west
🌐	globe with meridians	earth|globe|internet|meridians|web|world|worldwide|with
↗️	up-right arrow	arrow|direction|intercardinal|northeast|up-right
🍽️	fork and knife with plate	cooking|dinner|eat|fork|knife|plate|and|with
🧀	cheese wedge	cheese|wedge
🥦	broccoli	cabbage|wild
🐜	ant	animal|garden|insect
⚔️	crossed swords	crossed|swords|weapon
😺	grinning cat	animal|cat|face|grinning|mouth|open|smile|smiling
🥞	pancakes	breakfast|crêpe|food|hotcake|pancake
🏄	person surfing	beach|ocean|person|sport|surf|surfer|surfing|swell|waves
🔨	hammer	home|improvement|repairs|tool
🏝️	desert island	desert|island
🔆	bright button	bright|brightness|button|light
👥	busts in silhouette	bff|bust|busts|everyone|friend|friends|people|silhouette|in
👓	glasses	clothing|eye|eyeglasses|eyewear
🥒	cucumber	food|pickle|vegetable
🏈	american football	american|ball|bowl|football|sport|super
🇵🇭	flag: philippines	flag|flag:|philippines
🏋️	person lifting weights	barbell|bodybuilder|deadlift|lifter|lifting|person|powerlifting|weight|weightlifter|weights|workout
0️⃣	keycap: 0	0|keycap|zero|keycap:
🚘	oncoming automobile	automobile|car|cars|drove|oncoming|vehicle
🦖	t-rex	dinosaur|rex|t|tyrannosaurus
🌕	full moon	full|moon|space
🎭	performing arts	actor|actress|art|arts|entertainment|mask|performing|theater|theatre|thespian
👾	alien monster	alien|creature|extraterrestrial|face|fairy|fairytale|fantasy|game|gamer|games|monster|pixelated|space|tale|ufo
🍳	cooking	breakfast|easy|egg|fry|frying|over|pan|restaurant|side|sunny|up
🏵️	rosette	plant
🍧	shaved ice	dessert|ice|restaurant|shaved|sweet
🔗	link	links
🕋	kaaba	hajj|islam|muslim|religion|umrah
☃️	snowman	cold|man|snow
🌅	sunrise	morning|nature|sun
🤴	prince	crown|fairy|fairytale|fantasy|king|royal|royalty|tale
🖖	vulcan salute	finger|hand|hands|salute|vulcan
🐊	crocodile	animal|zoo
🐘	elephant	animal
🌤️	sun behind small cloud	behind|cloud|sun|weather|small
🥑	avocado	food|fruit
🥚	egg	breakfast|food
⛈️	cloud with lightning and rain	cloud|lightning|rain|thunder|thunderstorm|with|and
🐵	monkey face	animal|banana|face|monkey
🔜	soon arrow	arrow|brb|omw|soon
🍶	sake	bar|beverage|bottle|cup|drink|restaurant
🐄	cow	animal|animals|farm|milk|moo
🇻🇪	flag: venezuela	flag|flag:|venezuela
🐮	cow face	animal|cow|face|farm|milk|moo
🦈	shark	animal|fish
🚲	bicycle	bike|class|cycle|cycling|cyclist|gang|ride|spin|spinning
⛔	no entry	do|entry|fail|forbidden|no|not|pass|prohibited|traffic
🕯️	candle	light
➕	plus	+
🔺	red triangle pointed up	geometric|pointed|red|triangle|up
💇	person getting haircut	barber|beauty|chop|cosmetology|cut|groom|hair|haircut|parlor|person|shears|style|getting
🧠	brain	intelligent|smart
📻	radio	entertainment|tbt|video
🥤	cup with straw	cup|drink|juice|malt|soda|soft|straw|water|with
🍝	spaghetti	food|meatballs|pasta|restaurant
🍥	fish cake with swirl	cake|fish|food|pastry|restaurant|swirl|with
💴	yen banknote	bank|banknote|bill|currency|money|note|yen
🌬️	wind face	blow|cloud|face|wind
🥓	bacon	breakfast|food|meat
🙍	person frowning	annoyed|disappointed|disgruntled|disturbed|frown|frowning|frustrated|gesture|irritated|person|upset
⚓	anchor	ship|tool
👰	person with veil	person|veil|wedding|with
🐂	ox	animal|animals|bull|farm|taurus|zodiac
📽️	film projector	cinema|film|movie|projector|video
🏅	sports medal	award|gold|medal|sports|winner
⛅	sun behind cloud	behind|cloud|cloudy|sun|weather
🇦🇪	flag: united arab emirates	flag|flag:|united|arab|emirates
🇵🇪	flag: peru	flag|flag:|peru
🧜	merperson	creature|fairytale|folklore|ocean|sea|siren|trident
📮	postbox	mail|mailbox
⛳	flag in hole	flag|golf|hole|sport|in
🔽	downwards button	arrow|button|down|downwards|red
🚂	locomotive	caboose|engine|railway|steam|train|trains|travel
🏌️	person golfing	ball|birdie|caddy|driving|golf|golfing|green|person|pga|putt|range|tee
🐇	rabbit	animal|bunny|pet
🏍️	motorcycle	racing
🎲	game die	dice|die|entertainment|game
🥛	glass of milk	drink|glass|milk|of
🎣	fishing pole	entertainment|fish|fishing|pole|sport
👱	person: blond hair	blond|blond-haired|human|person|person:|hair
🎏	carp streamer	carp|celebration|streamer
🕷️	spider	animal|insect
🦍	gorilla	animal
🔘	radio button	button|geometric|radio
🐅	tiger	animal|big|cat|predator|zoo
🏇	horse racing	horse|jockey|racehorse|racing|riding|sport
🔐	locked with key	bike|closed|key|lock|locked|secure|with
🏩	love hotel	building|hotel|love
👺	goblin	angry|creature|face|fairy|fairytale|fantasy|mask|mean|monster|tale
🅱️	b button (blood type)	b|blood|button|type|(blood|type)
🚙	sport utility vehicle	car|drive|recreational|sport|sportutility|utility|vehicle
🐧	penguin	animal|antarctica|bird|ornithology
⚖️	balance scale	balance|justice|libra|scale|scales|tool|weight|zodiac
🎃	jack-o-lantern	celebration|halloween|jack|lantern|pumpkin
🌄	sunrise over mountains	morning|mountains|over|sun|sunrise
🎾	tennis	ball|racquet|sport
🐚	spiral shell	animal|beach|conch|sea|shell|spiral
🎺	trumpet	instrument|music
❇️	sparkle	*
🎫	ticket	admission|stub
⌚	watch	clock|time
🌋	volcano	eruption|mountain|nature
💒	wedding	chapel|hitched|nuptials|romance
👳	person wearing turban	person|turban|wearing
❎	cross mark button	×|button|cross|mark|multiplication|multiply|square|x
👟	running shoe	athletic|clothes|clothing|fast|kick|running|shoe|shoes|shopping|sneaker|tennis
👃	nose	body|noses|nosey|odor|smell|smells
🛌	person in bed	bed|bedtime|good|goodnight|hotel|nap|night|person|sleep|tired|zzz|in
🚓	police car	5–0|car|cops|patrol|police
⏬	fast down button	arrow|button|double|down|fast
📈	chart increasing	chart|data|graph|growth|increasing|right|trend|up|upward
⛄	snowman without snow	cold|man|snow|snowman|without
⏱️	stopwatch	clock|time
😾	pouting cat	animal|cat|face|pouting
🛫	airplane departure	aeroplane|airplane|check-in|departure|departures|plane
🤱	breast-feeding	baby|breast|feeding|mom|mother|nursing|woman
🍐	pear	fruit
☮️	peace symbol	healing|peace|peaceful|symbol
🚃	railway car	car|electric|railway|train|tram|travel|trolleybus
⏳	hourglass not done	done|flowing|hourglass|hours|not|sand|timer|waiting|yolo
🌜	last quarter moon face	dreams|face|last|moon|quarter
📹	video camera	camcorder|camera|tbt|video
🐛	bug	animal|garden|insect
👔	necktie	clothing|employed|serious|shirt|tie
👗	dress	clothes|clothing|dressed|fancy|shopping
🐌	snail	animal|escargot|garden|nature|slug
🎱	pool 8 ball	8|8ball|ball|billiard|eight|game|pool
🌰	chestnut	almond|plant
🌮	taco	mexican
🕵️	detective	sleuth|spy
🔅	dim button	brightness|button|dim|low
✉️	envelope	e-mail|email|letter
🇪🇬	flag: egypt	flag|flag:|egypt
🚑	ambulance	emergency|vehicle
📦	package	box|communication|delivery|parcel|shipping
🤥	lying face	face|liar|lie|lying|pinocchio
🔄	counterclockwise arrows button	again|anticlockwise|arrow|arrows|button|counterclockwise|deja|refresh|rewindershins|vu
🤳	selfie	camera|phone
💲	heavy dollar sign	billion|cash|charge|currency|dollar|heavy|million|money|pay|sign
🎋	tanabata tree	banner|celebration|japanese|tanabata|tree
🗓️	spiral calendar	calendar|pad|spiral
🤖	robot	face|monster
🥔	potato	food|vegetable
🆗	ok button	button|ok|okay
🔑	key	keys|lock|major|password|unlock
🇨🇳	flag: china	flag|flag:|china
🐤	baby chick	animal|baby|bird|chick|ornithology
4️⃣	keycap: 4	4|four|keycap|keycap:
🐑	ewe	animal|baa|farm|female|fluffy|lamb|sheep|wool
➰	curly loop	curl|curly|loop
👩‍🎓	woman student	graduate|student|woman
☂️	umbrella	clothing|rain
🇦🇹	flag: austria	flag|flag:|austria
🦆	duck	animal|bird|ornithology
🚌	bus	school|vehicle
💿	optical disk	blu-ray|cd|computer|disk|dvd|optical
🏥	hospital	building|doctor|medicine
🐋	whale	animal|beach|ocean
🚒	fire engine	engine|fire|truck
🏐	volleyball	ball|game
🇪🇨	flag: ecuador	flag|flag:|ecuador
🥐	croissant	bread|breakfast|crescent|food|french|roll
🎷	saxophone	instrument|music|sax
🗽	statue of liberty	liberty|new|ny|nyc|statue|york|of
🗡️	dagger	knife|weapon
🏏	cricket game	ball|bat|cricket|game
🐭	mouse face	animal|face|mouse
🙎	person pouting	disappointed|downtrodden|frown|grimace|person|pouting|scowl|sulk|upset|whine
🌑	new moon	dark|moon|new|space
🚔	oncoming police car	car|oncoming|police
🇮🇩	flag: indonesia	flag|flag:|indonesia
🚿	shower	water
🥝	kiwi fruit	food|fruit|kiwi
🕌	mosque	islam|masjid|muslim|religion
🐀	rat	animal
🛡️	shield	weapon
🔒	locked	closed|lock|private
✳️	eight-spoked asterisk	*|asterisk|eight-spoked
🕶️	sunglasses	dark|eye|eyewear|glasses
👩‍❤️‍💋‍👩	kiss: woman, woman	anniversary|babe|bae|couple|date|dating|heart|kiss|love|mwah|person|romance|together|woman|xoxo|kiss:|woman,
🎟️	admission tickets	admission|ticket|tickets
🐉	dragon	animal|fairy|fairytale|knights|tale
🔱	trident emblem	anchor|emblem|poseidon|ship|tool|trident
🔎	magnifying glass tilted right	contact|glass|lab|magnifying|right|right-pointing|science|search|tilted|tool
🇦🇺	flag: australia	flag|flag:|australia
⚰️	coffin	dead|death|vampire
🐩	poodle	animal|dog|fluffy
🦑	squid	animal|food|mollusk
🧟	zombie	apocalypse|dead|halloween|horror|scary|undead|walking
🆕	new button	button|new
🦊	fox	animal|face
👕	t-shirt	blue|casual|clothes|clothing|collar|dressed|shirt|shopping|tshirt|weekend
🏹	bow and arrow	archer|archery|arrow|bow|sagittarius|tool|weapon|zodiac|and
🇩🇿	flag: algeria	flag|flag:|algeria
👬	men holding hands	bae|bestie|bff|boys|brothers|couple|dating|flirt|friends|hand|hold|men|twins|holding|hands
🍱	bento box	bento|box|food
📰	newspaper	communication|news|paper
🥋	martial arts uniform	arts|judo|karate|martial|taekwondo|uniform
🚤	speedboat	billionaire|boat|lake|luxury|millionaire|summer|travel
🏰	castle	building|european
5️⃣	keycap: 5	5|five|keycap|keycap:
🦉	owl	animal|bird|ornithology|wise
🚢	ship	boat|passenger|travel
🌨️	cloud with snow	cloud|cold|snow|weather|with
📆	tear-off calendar	calendar|tear-off
🗝️	old key	clue|key|lock|old
🎌	crossed flags	celebration|cross|crossed|flags|japanese
🧔	person: beard	beard|bearded|person|whiskers|person:
💳	credit card	bank|card|cash|charge|credit|money|pay
🇺🇾	flag: uruguay	flag|flag:|uruguay
🥗	green salad	food|green|salad
☯️	yin yang	difficult|lives|religion|tao|taoist|total|yang|yin|yinyang
⚙️	gear	cog|cogwheel|tool
💶	euro banknote	100|bank|banknote|bill|currency|euro|money|note|rich
⛩️	shinto shrine	religion|shinto|shrine
🗻	mount fuji	fuji|mount|mountain|nature
✒️	black nib	black|nib|pen
🇺🇲	flag: u.s. outlying islands	flag|flag:|u.s.|outlying|islands
🇵🇹	flag: portugal	flag|flag:|portugal
🍠	roasted sweet potato	food|potato|roasted|sweet
👷	construction worker	build|construction|fix|hardhat|hat|man|person|rebuild|remodel|repair|work|worker
🛍️	shopping bags	bag|bags|hotel|shopping
🏎️	racing car	car|racing|zoom
🔛	on! arrow	arrow|mark|on!
🔙	back arrow	arrow|back
🗼	tokyo tower	tokyo|tower
🎖️	military medal	award|celebration|medal|military
🚺	women's room	bathroom|lavatory|restroom|room|toilet|wc|woman|women's
🐹	hamster	animal|face|pet
🥖	baguette bread	baguette|bread|food|french
🇵🇷	flag: puerto rico	flag|flag:|puerto|rico
🎡	ferris wheel	amusement|ferris|park|theme|wheel
🔍	magnifying glass tilted left	glass|lab|left|left-pointing|magnifying|science|search|tilted|tool
🏟️	stadium	
🖥️	desktop computer	computer|desktop|monitor
🌭	hot dog	dog|frankfurter|hot|hotdog|sausage
🇹🇭	flag: thailand	flag|flag:|thailand
✡️	star of david	david|jew|jewish|judaism|religion|star|of
🏒	ice hockey	game|hockey|ice|puck|stick
🛀	person taking bath	bath|bathtub|person|taking|tub
📅	calendar	date
🖋️	fountain pen	fountain|pen
🇸🇪	flag: sweden	flag|flag:|sweden
🎞️	film frames	cinema|film|frames|movie
🎪	circus tent	circus|tent
🍙	rice ball	ball|food|japanese|rice
🛁	bathtub	bath
📕	closed book	book|closed|education
👒	woman's hat	clothes|clothing|garden|hat|hats|party|woman|woman's
🖇️	linked paperclips	link|linked|paperclip|paperclips
❔	white question mark	?|mark|outlined|punctuation|question|white
🎄	christmas tree	celebration|christmas|tree
🕸️	spider web	spider|web
🥜	peanuts	food|nut|peanut|vegetable
🕴️	person in suit levitating	business|levitating|person|suit|in
🥟	dumpling	empanada|gyōza|jiaozi|pierogi|potsticker
↙️	down-left arrow	arrow|direction|down-left|intercardinal|southwest
◾	black medium-small square	black|geometric|medium-small|square
🐲	dragon face	animal|dragon|face|fairy|fairytale|tale
🏴	black flag	black|flag|waving
🦌	deer	animal
🆔	id button	button|id|identity
👛	purse	clothes|clothing|coin|dress|fancy|handbag|shopping
🚚	delivery truck	car|delivery|drive|truck|vehicle
↪️	left arrow curving right	arrow|curving|left|right
🇬🇷	flag: greece	flag|flag:|greece
📿	prayer beads	beads|clothing|necklace|prayer|religion
🌫️	fog	cloud|weather
🌂	closed umbrella	closed|clothing|rain|umbrella
🕉️	om	hindu|religion
🆚	vs button	button|versus|vs
📉	chart decreasing	chart|data|decreasing|down|downward|graph|negative|trend
🗨️	left speech bubble	balloon|bubble|dialog|left|speech
🛒	shopping cart	cart|shopping|trolley
📛	name badge	badge|name
🇳🇱	flag: netherlands	flag|flag:|netherlands
🐿️	chipmunk	animal|squirrel
🅾️	o button (blood type)	blood|button|o|type|(blood|type)
☢️	radioactive	sign
🇲🇦	flag: morocco	flag|flag:|morocco
🐃	water buffalo	animal|buffalo|water|zoo
⛽	fuel pump	diesel|fuel|fuelpump|gas|gasoline|pump|station
🅿️	p button	button|p|parking
🦇	bat	animal|vampire
⤴️	right arrow curving up	arrow|curving|right|up
⛵	sailboat	boat|resort|sailing|sea|yacht
👞	man's shoe	brown|clothes|clothing|feet|foot|kick|man|man's|shoe|shoes|shopping
🔓	unlocked	cracked|lock|open|unlock
🧞	genie	djinn|fantasy|jinn|lamp|myth|rub|wishes
⛰️	mountain	
📎	paperclip	
🦎	lizard	animal|reptile
🔌	electric plug	electric|electricity|plug
🏳️	white flag	flag|waving|white
🚽	toilet	bathroom
🍲	pot of food	food|pot|soup|stew|of
⚒️	hammer and pick	hammer|pick|tool|and
♊	gemini	horoscope|twins|zodiac
👢	woman's boot	boot|clothes|clothing|dress|shoe|shoes|shopping|woman|woman's
🧙	mage	fantasy|magic|play|sorcerer|sorceress|sorcery|spell|summon|witch|wizard
🇵🇱	flag: poland	flag|flag:|poland
⛪	church	bless|chapel|christian|cross|religion
🇧🇪	flag: belgium	flag|flag:|belgium
🎎	japanese dolls	celebration|doll|dolls|festival|japanese
🔖	bookmark	mark
🔋	battery	
📡	satellite antenna	aliens|antenna|contact|dish|satellite|science
🌇	sunset	building|dusk|sun
🏉	rugby football	ball|football|rugby|sport
👪	family	child
👖	jeans	blue|casual|clothes|clothing|denim|dressed|pants|shopping|trousers|weekend
📊	bar chart	bar|chart|data|graph
🐆	leopard	animal|big|cat|predator|zoo
🔁	repeat button	arrow|button|clockwise|repeat
🛩️	small airplane	aeroplane|airplane|plane|small
🐡	blowfish	animal|fish
🃏	joker	card|game|wildcard
👩‍💻	woman technologist	coder|computer|developer|inventor|software|technologist|woman
🌩️	cloud with lightning	cloud|lightning|weather|with
🇳🇬	flag: nigeria	flag|flag:|nigeria
🐏	ram	animal|aries|horns|male|sheep|zodiac|zoo
6️⃣	keycap: 6	6|keycap|six|keycap:
⛹️	person bouncing ball	athletic|ball|basketball|bouncing|championship|dribble|net|person|player|throw
🗯️	right anger bubble	anger|angry|balloon|bubble|mad|right
🇨🇭	flag: switzerland	flag|flag:|switzerland
🍢	oden	food|kebab|restaurant|seafood|skewer|stick
🗺️	world map	map|world
🚕	taxi	cab|cabbie|car|drive|vehicle|yellow
🇷🇺	flag: russia	flag|flag:|russia
Ⓜ️	circled m	circle|circled|m
⛱️	umbrella on ground	ground|rain|sun|umbrella|on
🏫	school	building
📀	dvd	blu-ray|cd|computer|disk|optical
🆙	up! button	button|mark|up|up!
🤼	people wrestling	combat|duel|grapple|people|ring|tournament|wrestle|wrestling
🐨	koala	animal|australia|bear|down|face|marsupial|under
🦂	scorpion	scorpio|scorpius|zodiac
💷	pound banknote	bank|banknote|bill|billion|cash|currency|money|note|pound|pounds
🥈	2nd place medal	2nd|medal|place|second|silver
👨‍💻	man technologist	coder|computer|developer|inventor|man|software|technologist
🛏️	bed	hotel|sleep
◼️	black medium square	black|geometric|medium|square
🚄	high-speed train	high-speed|railway|shinkansen|speed|train
🧖	person in steamy room	day|luxurious|pamper|person|relax|room|sauna|spa|steam|steambath|unwind|in|steamy
🎠	carousel horse	carousel|entertainment|horse
🐁	mouse	animal|animals
🗳️	ballot box with ballot	ballot|box|with
🏮	red paper lantern	bar|lantern|light|paper|red|restaurant
🥪	sandwich	bread
🌥️	sun behind large cloud	behind|cloud|sun|weather|large
🚪	door	back|closet|front
㊙️	japanese “secret” button	button|ideograph|japanese|secret|“secret”
🗞️	rolled-up newspaper	news|newspaper|paper|rolled|rolled-up
👨‍⚕️	man health worker	doctor|health|healthcare|man|nurse|therapist|worker
🖊️	pen	ballpoint
⬛	black large square	black|geometric|large|square
🆒	cool button	button|cool
🇨🇺	flag: cuba	flag|flag:|cuba
🥧	pie	apple|filling|fruit|meat|pastry|pumpkin|slice
👩‍⚕️	woman health worker	doctor|health|healthcare|nurse|therapist|woman|worker
🇳🇮	flag: nicaragua	flag|flag:|nicaragua
👨‍🎓	man student	graduate|man|student
🚧	construction	barrier
⛓️	chains	chain
🛵	motor scooter	motor|scooter
🥅	goal net	goal|net
🚅	bullet train	bullet|high-speed|nose|railway|shinkansen|speed|train|travel
🖼️	framed picture	art|frame|framed|museum|painting|picture
♿	wheelchair symbol	access|handicap|symbol|wheelchair
📏	straight ruler	angle|edge|math|ruler|straight|straightedge
🀄	mahjong red dragon	dragon|game|mahjong|red
🖌️	paintbrush	painting
🉐	japanese “bargain” button	bargain|button|ideograph|japanese|“bargain”
📬	open mailbox with raised flag	flag|mail|mailbox|open|postbox|raised|with
🚁	helicopter	copter|roflcopter|travel|vehicle
🗑️	wastebasket	can|garbage|trash|waste
🤵	person in tuxedo	formal|person|tuxedo|wedding|in
🏷️	label	tag
🌡️	thermometer	weather
🎐	wind chime	bell|celebration|chime|wind
🇯🇲	flag: jamaica	flag|flag:|jamaica
🦒	giraffe	animal|spots
🎒	backpack	backpacking|bag|bookbag|education|rucksack|satchel|school
🇵🇾	flag: paraguay	flag|flag:|paraguay
🇺🇦	flag: ukraine	flag|flag:|ukraine
🇲🇨	flag: monaco	flag|flag:|monaco
🥉	3rd place medal	3rd|bronze|medal|place|third
7️⃣	keycap: 7	7|keycap|seven|keycap:
⌛	hourglass done	done|hourglass|sand|time|timer
🌒	waxing crescent moon	crescent|dreams|moon|space|waxing
🥥	coconut	colada|palm|piña
🎅	santa claus	celebration|christmas|claus|fairy|fantasy|father|holiday|merry|santa|tale|xmas
🧕	woman with headscarf	bandana|head|headscarf|hijab|kerchief|mantilla|tichel|woman|with
🛐	place of worship	place|pray|religion|worship|of
♋	cancer	crab|horoscope|zodiac
🧑	person	adult
🇩🇴	flag: dominican republic	flag|flag:|dominican|republic
🇮🇪	flag: ireland	flag|flag:|ireland
🛸	flying saucer	aliens|extra|flying|saucer|terrestrial|ufo
🧒	child	bright-eyed|grandchild|kid|young|younger
📧	e-mail	email|letter|mail
🥢	chopsticks	hashi|jeotgarak|kuaizi
🎢	roller coaster	amusement|coaster|park|roller|theme
🐪	camel	animal|desert|dromedary|hump|one
🇮🇱	flag: israel	flag|flag:|israel
👨‍🍳	man cook	chef|cook|man
🚛	articulated lorry	articulated|car|drive|lorry|move|semi|truck|vehicle
🥄	spoon	eat|tableware
🤹	person juggling	act|balance|balancing|handle|juggle|juggling|manage|multitask|person|skill
🏢	office building	building|city|cubical|job|office
💈	barber pole	barber|cut|fresh|haircut|pole|shave
👘	kimono	clothing|comfortable
🇳🇴	flag: norway	flag|flag:|norway
🇬🇭	flag: ghana	flag|flag:|ghana
🏔️	snow-capped mountain	cold|mountain|snow|snow-capped
〽️	part alternation mark	alternation|mark|part
🚦	vertical traffic light	drove|intersection|light|signal|stop|stoplight|traffic|vertical
🇿🇦	flag: south africa	flag|flag:|south|africa
🇹🇳	flag: tunisia	flag|flag:|tunisia
💼	briefcase	office
♈	aries	horoscope|ram|zodiac
🦓	zebra	animal|stripe
🚻	restroom	bathroom|lavatory|toilet|wc
🎰	slot machine	casino|gamble|gambling|game|machine|slot|slots
◽	white medium-small square	geometric|medium-small|square|white
🦗	cricket	animal|bug|grasshopper|insect|orthoptera
🤾	person playing handball	athletics|ball|catch|chuck|handball|hurl|lob|person|pitch|playing|sport|throw|toss
👚	woman's clothes	blouse|clothes|clothing|collar|dress|dressed|lady|shirt|shopping|woman|woman's
👡	woman's sandal	clothing|sandal|shoe|woman|woman's
⛏️	pick	hammer|mining|tool
9️⃣	keycap: 9	9|keycap|nine|keycap:
🛎️	bellhop bell	bell|bellhop|hotel
🐗	boar	animal|pig
🌦️	sun behind rain cloud	behind|cloud|rain|sun|weather
🇸🇦	flag: saudi arabia	flag|flag:|saudi|arabia
🚹	men's room	bathroom|lavatory|man|men's|restroom|room|toilet|wc
🇾🇪	flag: yemen	flag|flag:|yemen
☪️	star and crescent	crescent|islam|muslim|ramadan|religion|star|and
🤺	person fencing	fencer|fencing|person|sword
🚣	person rowing boat	boat|canoe|cruise|fishing|lake|oar|paddle|person|raft|river|row|rowboat|rowing
🗿	moai	face|moyai|statue|stoneface|travel
🥘	shallow pan of food	casserole|food|paella|pan|shallow|of
🇩🇰	flag: denmark	flag|flag:|denmark
🦕	sauropod	brachiosaurus|brontosaurus|dinosaur|diplodocus
🇱🇷	flag: liberia	flag|flag:|liberia
🏕️	camping	
☣️	biohazard	sign
🌆	cityscape at dusk	at|building|city|cityscape|dusk|evening|landscape|sun|sunset
↕️	up-down arrow	arrow|up-down
📨	incoming envelope	delivering|e-mail|email|envelope|incoming|letter|mail|receive|sent
🏨	hotel	building
🕹️	joystick	game|video|videogame
👩‍🍳	woman cook	chef|cook|woman
🇨🇮	flag: côte d'ivoire	flag|flag:|côte|d'ivoire
📯	postal horn	horn|post|postal
👜	handbag	bag|clothes|clothing|dress|lady|purse|shopping
🏘️	houses	house
🐫	two-hump camel	animal|bactrian|camel|desert|hump|two|two-hump
⛺	tent	camping
👩‍🏫	woman teacher	instructor|lecturer|professor|teacher|woman
🕳️	hole	
🏯	japanese castle	building|castle|japanese
🌓	first quarter moon	first|moon|quarter|space
🌉	bridge at night	at|bridge|night
8️⃣	keycap: 8	8|eight|keycap|keycap:
💂	guard	buckingham|helmet|london|palace
🔉	speaker medium volume	medium|sound|speaker|volume
👨‍👩‍👧‍👦	family: man, woman, girl, boy	boy|child|family|girl|man|woman|family:|man,|woman,|girl,
🇪🇺	flag: european union	flag|flag:|european|union
🚜	tractor	vehicle
🔕	bell with slash	bell|forbidden|mute|no|not|prohibited|quiet|silent|slash|sound|with
📥	inbox tray	box|email|inbox|letter|mail|receive|tray|zero
🌔	waxing gibbous moon	gibbous|moon|space|waxing
🏙️	cityscape	city
🥨	pretzel	convoluted|twisted
🇲🇾	flag: malaysia	flag|flag:|malaysia
📘	blue book	blue|book|education|fantasy|library|reading
📗	green book	book|education|fantasy|green|library|reading
📜	scroll	paper
♏	scorpio	horoscope|scorpion|scorpius|zodiac
🇧🇴	flag: bolivia	flag|flag:|bolivia
🏜️	desert	
🍘	rice cracker	cracker|food|rice
🛬	airplane arrival	aeroplane|airplane|arrival|arrivals|arriving|landing|plane
🌯	burrito	mexican|wrap
🏗️	building construction	building|construction|crane
🏴󠁧󠁢󠁥󠁮󠁧󠁿	flag: england	flag|flag:|england
🚼	baby symbol	baby|changing|symbol
🏞️	national park	national|park
🔈	speaker low volume	low|soft|sound|speaker|volume
🕰️	mantelpiece clock	clock|mantelpiece|time
🏓	ping pong	ball|bat|game|paddle|ping|pingpong|pong|table|tennis
🇨🇷	flag: costa rica	flag|flag:|costa|rica
👨‍🌾	man farmer	farmer|gardener|man|rancher
🦃	turkey	bird|gobble|thanksgiving
🔦	flashlight	electric|light|tool|torch
🔃	clockwise vertical arrows	arrow|arrows|clockwise|refresh|reload|vertical
🇸🇻	flag: el salvador	flag|flag:|el|salvador
🛳️	passenger ship	passenger|ship
🌘	waning crescent moon	crescent|moon|space|waning
🇧🇩	flag: bangladesh	flag|flag:|bangladesh
🧛	vampire	blood|dracula|fangs|halloween|scary|supernatural|teeth|undead
👩‍❤️‍👩	couple with heart: woman, woman	anniversary|babe|bae|couple|dating|heart|kiss|love|person|relationship|romance|together|woman|you|with|heart:|woman,
🔚	end arrow	arrow|end
🔟	keycap: 10	keycap|keycap:|10
ℹ️	information	i
🛢️	oil drum	drum|oil
🏴󠁧󠁢󠁳󠁣󠁴󠁿	flag: scotland	flag|flag:|scotland
🇸🇩	flag: sudan	flag|flag:|sudan
🔭	telescope	contact|extraterrestrial|science|tool
🇮🇶	flag: iraq	flag|flag:|iraq
🎍	pine decoration	bamboo|celebration|decoration|japanese|pine|plant
🥣	bowl with spoon	bowl|breakfast|cereal|congee|oatmeal|porridge|spoon|with
🌗	last quarter moon	last|moon|quarter|space
↖️	up-left arrow	arrow|direction|intercardinal|northwest|up-left
🎳	bowling	ball|game|sport|strike
👨‍❤️‍💋‍👨	kiss: man, man	anniversary|babe|bae|couple|date|dating|heart|kiss|love|man|mwah|person|romance|together|xoxo|kiss:|man,
👨‍🏫	man teacher	instructor|lecturer|man|professor|teacher
📄	page facing up	document|facing|page|paper|up
🇶🇦	flag: qatar	flag|flag:|qatar
👨‍👩‍👧	family: man, woman, girl	child|family|girl|man|woman|family:|man,|woman,
🎚️	level slider	level|music|slider
🛠️	hammer and wrench	hammer|spanner|tool|wrench|and
🆓	free button	button|free
🇵🇸	flag: palestinian territories	flag|flag:|palestinian|territories
🏛️	classical building	building|classical
♐	sagittarius	archer|horoscope|zodiac
🧦	socks	stocking
🗾	map of japan	japan|map|of
👩‍🌾	woman farmer	farmer|gardener|rancher|woman
🎑	moon viewing ceremony	celebration|ceremony|moon|viewing
🇬🇹	flag: guatemala	flag|flag:|guatemala
🧤	gloves	hand
🧝	elf	elves|enchantment|fantasy|folklore|magic|magical|myth
➿	double curly loop	curl|curly|double|loop
🇻🇳	flag: vietnam	flag|flag:|vietnam
📒	ledger	notebook
♉	taurus	bull|horoscope|ox|zodiac
♓	pisces	fish|horoscope|zodiac
🚭	no smoking	forbidden|no|not|prohibited|smoke|smoking
🔧	wrench	home|improvement|spanner|tool
♌	leo	horoscope|lion|zodiac
↩️	right arrow curving left	arrow|curving|left|right
♒	aquarius	bearer|horoscope|water|zodiac
🏦	bank	building
🈵	japanese “no vacancy” button	button|ideograph|japanese|no|vacancy|“no|vacancy”
🥫	canned food	can|canned|food
🌖	waning gibbous moon	gibbous|moon|space|waning
🛴	kick scooter	kick|scooter
🚖	oncoming taxi	cab|cabbie|cars|drove|hail|oncoming|taxi|yellow
🥙	stuffed flatbread	falafel|flatbread|food|gyro|kebab|stuffed
🛰️	satellite	space
🦏	rhinoceros	animal
🇸🇬	flag: singapore	flag|flag:|singapore
⏺️	record button	button|circle|record
🖍️	crayon	
⛸️	ice skate	ice|skate|skating
📙	orange book	book|education|fantasy|library|orange|reading
👲	person with skullcap	cap|chinese|gua|guapi|hat|mao|person|pi|skullcap|with
🏂	snowboarder	ski|snow|snowboard|sport
*️⃣	keycap: *	keycap|keycap:
🔲	black square button	black|button|geometric|square
🇭🇺	flag: hungary	flag|flag:|hungary
🚐	minibus	bus|drive|van|vehicle
👨‍❤️‍👨	couple with heart: man, man	anniversary|babe|bae|couple|dating|heart|kiss|love|man|person|relationship|romance|together|you|with|heart:|man,
🔇	muted speaker	mute|muted|quiet|silent|sound|speaker
🦔	hedgehog	animal|spiny
🔯	dotted six-pointed star	dotted|fortune|jewish|judaism|six-pointed|star
🚵	person mountain biking	bicycle|bicyclist|bike|biking|cycle|cyclist|mountain|person|riding|sport
🚯	no littering	forbidden|litter|littering|no|not|prohibited
🕛	twelve o'clock	12|12:00|clock|o'clock|time|twelve
📼	videocassette	old|school|tape|vcr|vhs|video
🧓	older person	adult|elderly|grandparent|old|person|wise|older
🎛️	control knobs	control|knobs|music
🇨🇿	flag: czechia	flag|flag:|czechia
🇭🇰	flag: hong kong sar china	flag|flag:|hong|kong|sar|china
💺	seat	chair
👩‍🎤	woman singer	actor|entertainer|rock|rockstar|singer|star|woman
⛲	fountain	
⚛️	atom symbol	atheist|atom|symbol
🕒	three o'clock	3|3:00|clock|o'clock|three|time
📶	antenna bars	antenna|bar|bars|cell|communication|mobile|phone|signal|telephone
🚋	tram car	bus|car|tram|trolley|trolleybus
🇱🇧	flag: lebanon	flag|flag:|lebanon
📠	fax machine	communication|fax|machine
🚇	metro	subway|travel
⏲️	timer clock	clock|timer
⏪	fast reverse button	arrow|button|double|fast|reverse|rewind
🇰🇼	flag: kuwait	flag|flag:|kuwait
🛃	customs	packing
🇭🇳	flag: honduras	flag|flag:|honduras
👨‍✈️	man pilot	man|pilot|plane
📓	notebook	
👩‍👧	family: woman, girl	child|family|girl|woman|family:|woman,
♎	libra	balance|horoscope|justice|scales|zodiac
🏑	field hockey	ball|field|game|hockey|stick
📋	clipboard	do|list|notes
🔼	upwards button	arrow|button|red|up|upwards
🇨🇵	flag: clipperton island	flag|flag:|clipperton|island
🇯🇴	flag: jordan	flag|flag:|jordan
📃	page with curl	curl|document|page|paper|with
🔬	microscope	experiment|lab|science|tool
🇫🇮	flag: finland	flag|flag:|finland
🚥	horizontal traffic light	horizontal|intersection|light|signal|stop|stoplight|traffic
🇱🇰	flag: sri lanka	flag|flag:|sri|lanka
♍	virgo	horoscope|zodiac
🇵🇦	flag: panama	flag|flag:|panama
🇸🇾	flag: syria	flag|flag:|syria
🚾	water closet	bathroom|closet|lavatory|restroom|toilet|water|wc
🇭🇷	flag: croatia	flag|flag:|croatia
🇳🇿	flag: new zealand	flag|flag:|new|zealand
🚍	oncoming bus	bus|cars|oncoming
🏸	badminton	birdie|game|racquet|shuttlecock
🔳	white square button	button|geometric|outlined|square|white
🛂	passport control	control|passport
📵	no mobile phones	cell|forbidden|mobile|no|not|phone|phones|prohibited|telephone
⛑️	rescue worker's helmet	aid|cross|face|hat|helmet|rescue|worker's
🏚️	derelict house	derelict|home|house
🎽	running shirt	athletics|running|sash|shirt
🚰	potable water	drinking|potable|water
🏪	convenience store	24|building|convenience|hours|store
⛷️	skier	ski|snow
👩‍💼	woman office worker	architect|business|manager|office|white-collar|woman|worker
♑	capricorn	goat|horoscope|zodiac
🇨🇲	flag: cameroon	flag|flag:|cameroon
🇱🇾	flag: libya	flag|flag:|libya
⏫	fast up button	arrow|button|double|fast|up
🏣	japanese post office	building|japanese|office|post
🚉	station	railway|train
🛅	left luggage	baggage|case|left|locker|luggage
⚕️	medical symbol	aesculapius|medical|medicine|staff|symbol
⛴️	ferry	boat|passenger
👁️‍🗨️	eye in speech bubble	balloon|bubble|eye|speech|witness|in
🏧	atm sign	atm|automated|bank|cash|money|sign|teller
◻️	white medium square	geometric|medium|square|white
👩‍🔬	woman scientist	biologist|chemist|engineer|mathematician|physicist|scientist|woman
⏹️	stop button	button|square|stop
🇷🇴	flag: romania	flag|flag:|romania
👩‍👦	family: woman, boy	boy|child|family|woman|family:|woman,
⬜	white large square	geometric|large|square|white
#️⃣	keycap: #	keycap|keycap:
🇦🇱	flag: albania	flag|flag:|albania
🇹🇼	flag: taiwan	flag|flag:|taiwan
🛣️	motorway	highway|road
🏤	post office	building|european|office|post
🛄	baggage claim	arrived|baggage|bags|case|checked|claim|journey|packing|plane|ready|travel|trip
🇮🇸	flag: iceland	flag|flag:|iceland
🏬	department store	building|department|store
👨‍🎤	man singer	actor|entertainer|man|rock|rockstar|singer|star
🕐	one o'clock	1|1:00|clock|o'clock|one|time
🎦	cinema	camera|film|movie
👨‍💼	man office worker	architect|business|man|manager|office|white-collar|worker
💹	chart increasing with yen	bank|chart|currency|graph|growth|increasing|market|money|rise|trend|upward|yen|with
☸️	wheel of dharma	buddhist|dharma|religion|wheel|of
📴	mobile phone off	cell|mobile|off|phone|telephone
📐	triangular ruler	angle|math|rule|ruler|set|slide|triangle|triangular
🖱️	computer mouse	computer|mouse
🇭🇹	flag: haiti	flag|flag:|haiti
🇸🇳	flag: senegal	flag|flag:|senegal
🔩	nut and bolt	bolt|home|improvement|nut|tool|and
🈲	japanese “prohibited” button	button|ideograph|japanese|prohibited|“prohibited”
🎴	flower playing cards	card|cards|flower|game|japanese|playing
📳	vibration mode	cell|communication|mobile|mode|phone|telephone|vibration
☦️	orthodox cross	christian|cross|orthodox|religion
🚆	train	arrived|choo|railway
📁	file folder	file|folder
📔	notebook with decorative cover	book|cover|decorated|decorative|education|notebook|school|writing|with
🇦🇫	flag: afghanistan	flag|flag:|afghanistan
👩‍🎨	woman artist	artist|palette|woman
🕑	two o'clock	2|2:00|clock|o'clock|time|two
🚸	children crossing	child|children|crossing|pedestrian|traffic
🧣	scarf	bundle|cold|neck|up
👨‍🚀	man astronaut	astronaut|man|rocket|space
🇧🇭	flag: bahrain	flag|flag:|bahrain
🏭	factory	building
🏺	amphora	aquarius|cooking|drink|jug|tool|weapon|zodiac
🇬🇳	flag: guinea	flag|flag:|guinea
🤽	person playing water polo	person|playing|polo|sport|swimming|water|waterpolo
🛥️	motor boat	boat|motor|motorboat
🇲🇱	flag: mali	flag|flag:|mali
🌁	foggy	fog
🤶	mrs. claus	celebration|christmas|claus|fairy|fantasy|holiday|merry|mother|mrs|santa|tale|xmas|mrs.
🇦🇿	flag: azerbaijan	flag|flag:|azerbaijan
💽	computer disk	computer|disk|minidisk|optical
🇦🇴	flag: angola	flag|flag:|angola
🚎	trolleybus	bus|tram|trolley
🇮🇷	flag: iran	flag|flag:|iran
🇳🇵	flag: nepal	flag|flag:|nepal
🗒️	spiral notepad	note|notepad|pad|spiral
🇨🇩	flag: congo - kinshasa	flag|flag:|congo|kinshasa
🛋️	couch and lamp	couch|hotel|lamp|and
⌨️	keyboard	computer
🆎	ab button (blood type)	ab|blood|button|type|(blood|type)
🧗	person climbing	climb|climber|climbing|mountain|person|rock|scale|up
🧥	coat	brr|bundle|cold|jacket|up
🇰🇪	flag: kenya	flag|flag:|kenya
🛶	canoe	boat
📑	bookmark tabs	bookmark|mark|marker|tabs
👝	clutch bag	bag|clothes|clothing|clutch|dress|handbag|pouch|purse
🇦🇲	flag: armenia	flag|flag:|armenia
⏯️	play or pause button	arrow|button|pause|play|right|triangle|or
🇬🇪	flag: georgia	flag|flag:|georgia
💱	currency exchange	bank|currency|exchange|money
👨‍🎨	man artist	artist|man|palette
🇧🇬	flag: bulgaria	flag|flag:|bulgaria
🇪🇦	flag: ceuta & melilla	flag|flag:|ceuta|melilla
👩‍⚖️	woman judge	judge|justice|law|scales|woman
🕓	four o'clock	4|4:00|clock|four|o'clock|time
👩‍🚀	woman astronaut	astronaut|rocket|space|woman
🚞	mountain railway	car|mountain|railway|trip
👨‍🚒	man firefighter	fire|firefighter|firetruck|man
🆖	ng button	button|ng
🔀	shuffle tracks button	arrow|button|crossed|shuffle|tracks
👨‍🔬	man scientist	biologist|chemist|engineer|man|mathematician|physicist|scientist
👨‍⚖️	man judge	judge|justice|law|man|scales
👨‍👩‍👦‍👦	family: man, woman, boy, boy	boy|child|family|man|woman|family:|man,|woman,|boy,
🏴󠁧󠁢󠁷󠁬󠁳󠁿	flag: wales	flag|flag:|wales
🥠	fortune cookie	cookie|fortune|prophecy
🚳	no bicycles	bicycle|bicycles|bike|forbidden|no|not|prohibited
🇧🇯	flag: benin	flag|flag:|benin
🇲🇬	flag: madagascar	flag|flag:|madagascar
🇪🇪	flag: estonia	flag|flag:|estonia
⏭️	next track button	arrow|button|next|scene|track|triangle
🕎	menorah	candelabrum|candlestick|hanukkah|jewish|judaism|religion
🈚	japanese “free of charge” button	button|charge|free|ideograph|japanese|“free|of|charge”
🚡	aerial tramway	aerial|cable|car|gondola|ropeway|tramway
🕕	six o'clock	6|6:00|clock|o'clock|six|time
🇷🇸	flag: serbia	flag|flag:|serbia
🉑	japanese “acceptable” button	acceptable|button|ideograph|japanese|“acceptable”
📂	open file folder	file|folder|open
🇹🇿	flag: tanzania	flag|flag:|tanzania
📫	closed mailbox with raised flag	closed|communication|flag|mail|mailbox|postbox|raised|with
🕘	nine o'clock	9|9:00|clock|nine|o'clock|time
🚊	tram	trolleybus
🚈	light rail	arrived|light|monorail|rail|railway
🔂	repeat single button	arrow|button|clockwise|once|repeat|single
➗	divide	÷|division|heavy|math|sign
🕗	eight o'clock	8|8:00|clock|eight|o'clock|time
👨‍👩‍👧‍👧	family: man, woman, girl, girl	child|family|girl|man|woman|family:|man,|woman,|girl,
🈹	japanese “discount” button	button|discount|ideograph|japanese|“discount”
🇱🇺	flag: luxembourg	flag|flag:|luxembourg
🛤️	railway track	railway|track|train
🇺🇬	flag: uganda	flag|flag:|uganda
🕖	seven o'clock	0|7|7:00|clock|o'clock|seven
🈴	japanese “passing grade” button	button|grade|ideograph|japanese|passing|“passing|grade”
👨‍🔧	man mechanic	electrician|man|mechanic|plumber|tradesperson
🔏	locked with pen	ink|lock|locked|nib|pen|privacy|with
🇧🇼	flag: botswana	flag|flag:|botswana
🚷	no pedestrians	forbidden|no|not|pedestrian|pedestrians|prohibited
🇲🇰	flag: north macedonia	flag|flag:|north|macedonia
🇱🇻	flag: latvia	flag|flag:|latvia
🕙	ten o'clock	0|10|10:00|clock|o'clock|ten
🇹🇹	flag: trinidad & tobago	flag|flag:|trinidad|tobago
🇱🇹	flag: lithuania	flag|flag:|lithuania
👩‍❤️‍💋‍👨	kiss: woman, man	anniversary|babe|bae|couple|date|dating|heart|kiss|love|man|mwah|person|romance|together|woman|xoxo|kiss:|woman,
👨‍👧	family: man, girl	child|family|girl|man|family:|man,
📟	pager	communication
👩‍✈️	woman pilot	pilot|plane|woman
⏸️	pause button	bar|button|double|pause|vertical
👩‍🚒	woman firefighter	fire|firefighter|firetruck|woman
🇿🇼	flag: zimbabwe	flag|flag:|zimbabwe
🥡	takeout box	box|chopsticks|delivery|food|oyster|pail|takeout
🇸🇰	flag: slovakia	flag|flag:|slovakia
🕔	five o'clock	5|5:00|clock|five|o'clock|time
🇴🇲	flag: oman	flag|flag:|oman
💾	floppy disk	computer|disk|floppy
📤	outbox tray	box|email|letter|mail|outbox|sent|tray
⚗️	alembic	chemistry|tool
🔠	input latin uppercase	abcd|input|latin|letters|uppercase
🚝	monorail	vehicle
🆑	cl button	button|cl
🇲🇲	flag: myanmar (burma)	flag|flag:|myanmar|(burma)
👨‍👦	family: man, boy	boy|child|family|man|family:|man,
🇲🇹	flag: malta	flag|flag:|malta
🕚	eleven o'clock	11|11:00|clock|eleven|o'clock|time
🇧🇦	flag: bosnia & herzegovina	flag|flag:|bosnia|herzegovina
👩‍👧‍👦	family: woman, girl, boy	boy|child|family|girl|woman|family:|woman,|girl,
🎿	skis	ski|snow|sport
🔤	input latin letters	abc|alphabet|input|latin|letters
🈶	japanese “not free of charge” button	button|charge|free|ideograph|japanese|not|“not|of|charge”
🚱	non-potable water	dry|non-drinking|non-potable|prohibited|water
🚏	bus stop	bus|busstop|stop
🇳🇪	flag: niger	flag|flag:|niger
👩‍🔧	woman mechanic	electrician|mechanic|plumber|tradesperson|woman
🇧🇸	flag: bahamas	flag|flag:|bahamas
🕍	synagogue	jew|jewish|judaism|religion|temple
🇰🇭	flag: cambodia	flag|flag:|cambodia
🔢	input numbers	1234|input|numbers
🇨🇾	flag: cyprus	flag|flag:|cyprus
📭	open mailbox with lowered flag	flag|lowered|mail|mailbox|open|postbox|with
📪	closed mailbox with lowered flag	closed|flag|lowered|mail|mailbox|postbox|with
🈳	japanese “vacancy” button	button|ideograph|japanese|vacancy|“vacancy”
🇲🇷	flag: mauritania	flag|flag:|mauritania
👩‍❤️‍👨	couple with heart: woman, man	anniversary|babe|bae|couple|dating|heart|kiss|love|man|person|relationship|romance|together|woman|you|with|heart:|woman,
👩‍👩‍👧	family: woman, woman, girl	child|family|girl|woman|family:|woman,
🇰🇿	flag: kazakhstan	flag|flag:|kazakhstan
🖨️	printer	computer
⏮️	last track button	arrow|button|last|previous|scene|track|triangle
🇬🇾	flag: guyana	flag|flag:|guyana
🇸🇮	flag: slovenia	flag|flag:|slovenia
🇧🇾	flag: belarus	flag|flag:|belarus
🇸🇴	flag: somalia	flag|flag:|somalia
🕠	five-thirty	30|5|5:30|clock|five|thirty|time
🇦🇼	flag: aruba	flag|flag:|aruba
🖲️	trackball	computer
⚱️	funeral urn	ashes|death|funeral|urn
🇲🇪	flag: montenegro	flag|flag:|montenegro
🇿🇲	flag: zambia	flag|flag:|zambia
🇧🇧	flag: barbados	flag|flag:|barbados
🇹🇯	flag: tajikistan	flag|flag:|tajikistan
🇨🇬	flag: congo - brazzaville	flag|flag:|congo|brazzaville
🇺🇿	flag: uzbekistan	flag|flag:|uzbekistan
🇸🇱	flag: sierra leone	flag|flag:|sierra|leone
🇳🇦	flag: namibia	flag|flag:|namibia
🚟	suspension railway	railway|suspension
🇧🇮	flag: burundi	flag|flag:|burundi
🇽🇰	flag: kosovo	flag|flag:|kosovo
🇦🇮	flag: anguilla	flag|flag:|anguilla
🇪🇹	flag: ethiopia	flag|flag:|ethiopia
👩‍👩‍👧‍👧	family: woman, woman, girl, girl	child|family|girl|woman|family:|woman,|girl,
🇦🇬	flag: antigua & barbuda	flag|flag:|antigua|barbuda
👨‍🏭	man factory worker	assembly|factory|industrial|man|worker
👩‍👧‍👧	family: woman, girl, girl	child|family|girl|woman|family:|woman,|girl,
👨‍👨‍👧‍👧	family: man, man, girl, girl	child|family|girl|man|family:|man,|girl,
🈯	japanese “reserved” button	button|ideograph|japanese|reserved|“reserved”
🚠	mountain cableway	cable|cableway|gondola|lift|mountain|ski
🕟	four-thirty	30|4|4:30|clock|four|thirty|time
👨‍👨‍👦‍👦	family: man, man, boy, boy	boy|child|family|man|family:|man,|boy,
👩‍👩‍👧‍👦	family: woman, woman, girl, boy	boy|child|family|girl|woman|family:|woman,|girl,
🇷🇼	flag: rwanda	flag|flag:|rwanda
🇦🇽	flag: åland islands	flag|flag:|åland|islands
👩‍👦‍👦	family: woman, boy, boy	boy|child|family|woman|family:|woman,|boy,
🇫🇯	flag: fiji	flag|flag:|fiji
🥌	curling stone	curling|game|rock|stone
🇦🇸	flag: american samoa	flag|flag:|american|samoa
🇹🇩	flag: chad	flag|flag:|chad
👨‍👧‍👦	family: man, girl, boy	boy|child|family|girl|man|family:|man,|girl,
🇦🇩	flag: andorra	flag|flag:|andorra
🇬🇲	flag: gambia	flag|flag:|gambia
🇬🇦	flag: gabon	flag|flag:|gabon
🗂️	card index dividers	card|dividers|index
🇧🇲	flag: bermuda	flag|flag:|bermuda
👩‍🏭	woman factory worker	assembly|factory|industrial|woman|worker
🕝	two-thirty	2|2:30|30|clock|thirty|time|two
🕦	eleven-thirty	11|11:30|30|clock|eleven|thirty|time
🕢	seven-thirty	30|7|7:30|clock|seven|thirty
🕜	one-thirty	1|1:30|30|clock|one|thirty|time
🇲🇳	flag: mongolia	flag|flag:|mongolia
🇹🇬	flag: togo	flag|flag:|togo
🕤	nine-thirty	30|9|9:30|clock|nine|thirty|time
🇲🇿	flag: mozambique	flag|flag:|mozambique
👨‍👨‍👦	family: man, man, boy	boy|child|family|man|family:|man,
🈂️	japanese “service charge” button	button|charge|japanese|katakana|service|“service|charge”
🇬🇼	flag: guinea-bissau	flag|flag:|guinea-bissau
🇧🇳	flag: brunei	flag|flag:|brunei
🇲🇻	flag: maldives	flag|flag:|maldives
🕧	twelve-thirty	12|12:30|30|clock|thirty|time|twelve
🇲🇴	flag: macao sar china	flag|flag:|macao|sar|china
🕡	six-thirty	30|6|6:30|clock|six|thirty
⛎	ophiuchus	bearer|serpent|snake|zodiac
🇹🇴	flag: tonga	flag|flag:|tonga
🕣	eight-thirty	30|8|8:30|clock|eight|thirty|time
👨‍👨‍👧‍👦	family: man, man, girl, boy	boy|child|family|girl|man|family:|man,|girl,
🇪🇷	flag: eritrea	flag|flag:|eritrea
🇦🇨	flag: ascension island	flag|flag:|ascension|island
🇰🇬	flag: kyrgyzstan	flag|flag:|kyrgyzstan
🇦🇶	flag: antarctica	flag|flag:|antarctica
🇨🇻	flag: cape verde	flag|flag:|cape|verde
🇧🇫	flag: burkina faso	flag|flag:|burkina|faso
🇰🇵	flag: north korea	flag|flag:|north|korea
👨‍👦‍👦	family: man, boy, boy	boy|child|family|man|family:|man,|boy,
🕥	ten-thirty	10|10:30|30|clock|ten|thirty|time
🇲🇩	flag: moldova	flag|flag:|moldova
🇮🇨	flag: canary islands	flag|flag:|canary|islands
🇻🇦	flag: vatican city	flag|flag:|vatican|city
🇬🇩	flag: grenada	flag|flag:|grenada
🇮🇲	flag: isle of man	flag|flag:|isle|of|man
👩‍👩‍👦‍👦	family: woman, woman, boy, boy	boy|child|family|woman|family:|woman,|boy,
🇲🇫	flag: st. martin	flag|flag:|st.|martin
📇	card index	card|index|old|rolodex|school
🈺	japanese “open for business” button	business|button|ideograph|japanese|open|“open|for|business”
🇱🇦	flag: laos	flag|flag:|laos
🛷	sled	luge|sledge|sleigh|snow|toboggan
🕞	three-thirty	3|3:30|30|clock|thirty|three|time
🇲🇼	flag: malawi	flag|flag:|malawi
👩‍👩‍👦	family: woman, woman, boy	boy|child|family|woman|family:|woman,
👨‍👨‍👧	family: man, man, girl	child|family|girl|man|family:|man,
🈷️	japanese “monthly amount” button	amount|button|ideograph|japanese|monthly|“monthly|amount”
👨‍👧‍👧	family: man, girl, girl	child|family|girl|man|family:|man,|girl,
🇺🇳	flag: united nations	flag|flag:|united|nations
🗃️	card file box	box|card|file
🇱🇸	flag: lesotho	flag|flag:|lesotho
🗜️	clamp	compress|tool|vice
🇬🇺	flag: guam	flag|flag:|guam
🇧🇻	flag: bouvet island	flag|flag:|bouvet|island
🔡	input latin lowercase	abcd|input|latin|letters|lowercase
🇫🇴	flag: faroe islands	flag|flag:|faroe|islands
🇲🇺	flag: mauritius	flag|flag:|mauritius
🇵🇬	flag: papua new guinea	flag|flag:|papua|new|guinea
🇨🇼	flag: curaçao	flag|flag:|curaçao
🇬🇬	flag: guernsey	flag|flag:|guernsey
🈁	japanese “here” button	button|here|japanese|katakana|“here”
🔣	input symbols	&|%|♪|〒|input|symbols
🇼🇸	flag: samoa	flag|flag:|samoa
🇸🇷	flag: suriname	flag|flag:|suriname
🇹🇲	flag: turkmenistan	flag|flag:|turkmenistan
🇸🇸	flag: south sudan	flag|flag:|south|sudan
🗄️	file cabinet	cabinet|file|filing|paper
🇧🇹	flag: bhutan	flag|flag:|bhutan
🇸🇽	flag: sint maarten	flag|flag:|sint|maarten
🇰🇲	flag: comoros	flag|flag:|comoros
🈸	japanese “application” button	application|button|ideograph|japanese|“application”
🇩🇲	flag: dominica	flag|flag:|dominica
🇪🇭	flag: western sahara	flag|flag:|western|sahara
🇧🇿	flag: belize	flag|flag:|belize
🇻🇮	flag: u.s. virgin islands	flag|flag:|u.s.|virgin|islands
🇬🇫	flag: french guiana	flag|flag:|french|guiana
🇸🇲	flag: san marino	flag|flag:|san|marino
🇩🇯	flag: djibouti	flag|flag:|djibouti
🇹🇨	flag: turks & caicos islands	flag|flag:|turks|caicos|islands
🇱🇨	flag: st. lucia	flag|flag:|st.|lucia
🇻🇺	flag: vanuatu	flag|flag:|vanuatu
🇵🇫	flag: french polynesia	flag|flag:|french|polynesia
🇬🇮	flag: gibraltar	flag|flag:|gibraltar
🇸🇨	flag: seychelles	flag|flag:|seychelles
🇰🇳	flag: st. kitts & nevis	flag|flag:|st.|kitts|nevis
🇯🇪	flag: jersey	flag|flag:|jersey
🇲🇶	flag: martinique	flag|flag:|martinique
👨‍👩‍👦	family: man, woman, boy	boy|child|family|man|woman|family:|man,|woman,
🇷🇪	flag: réunion	flag|flag:|réunion
🇸🇿	flag: eswatini	flag|flag:|eswatini
🇰🇾	flag: cayman islands	flag|flag:|cayman|islands
⏏️	eject button	button|eject
🇻🇨	flag: st. vincent & grenadines	flag|flag:|st.|vincent|grenadines
🇻🇬	flag: british virgin islands	flag|flag:|british|virgin|islands
🇱🇮	flag: liechtenstein	flag|flag:|liechtenstein
🇨🇨	flag: cocos (keeling) islands	flag|flag:|cocos|(keeling)|islands
🇨🇫	flag: central african republic	flag|flag:|central|african|republic
🇸🇹	flag: são tomé & príncipe	flag|flag:|são|tomé|príncipe
🇬🇱	flag: greenland	flag|flag:|greenland
🇵🇼	flag: palau	flag|flag:|palau
🇬🇵	flag: guadeloupe	flag|flag:|guadeloupe
🇭🇲	flag: heard island & mcdonald islands	flag|flag:|heard|island|mcdonald|islands
🇨🇰	flag: cook islands	flag|flag:|cook|islands
🇫🇰	flag: falkland islands	flag|flag:|falkland|islands
🇵🇳	flag: pitcairn islands	flag|flag:|pitcairn|islands
🇳🇫	flag: norfolk island	flag|flag:|norfolk|island
🇸🇧	flag: solomon islands	flag|flag:|solomon|islands
🇹🇱	flag: timor-leste	flag|flag:|timor-leste
🇫🇲	flag: micronesia	flag|flag:|micronesia
🇮🇴	flag: british indian ocean territory	flag|flag:|british|indian|ocean|territory
🇲🇭	flag: marshall islands	flag|flag:|marshall|islands
🇬🇶	flag: equatorial guinea	flag|flag:|equatorial|guinea
🇹🇰	flag: tokelau	flag|flag:|tokelau
🫠	melting face	disappear|dissolve|embarrassed|face|haha|heat|hot|liquid|lol|melt|melting|sarcasm|sarcastic
🥰	smiling face with hearts	3|adore|crush|face|heart|hearts|ily|love|romance|smile|smiling|you|with
🥲	smiling face with tear	face|glad|grateful|happy|joy|pain|proud|relieved|smile|smiley|smiling|tear|touched|with
🫢	face with open eyes and hand over mouth	amazement|awe|disbelief|embarrass|eyes|face|gasp|hand|mouth|omg|open|over|quiet|scared|shock|surprise|with|and
🫣	face with peeking eye	captivated|embarrass|eye|face|hide|hiding|peek|peeking|peep|scared|shy|stare|with
🫡	saluting face	face|good|luck|ma'am|ok|respect|salute|saluting|sir|troops|yes
🫥	dotted line face	depressed|disappear|dotted|face|hidden|hide|introvert|invisible|line|meh|whatever|wtv
😶‍🌫️	face in clouds	absentminded|clouds|face|fog|head|in
😮‍💨	face exhaling	blow|blowing|exhale|exhaling|exhausted|face|gasp|groan|relief|sigh|smiley|smoke|whisper|whistle
🫨	shaking face	crazy|daze|earthquake|face|omg|panic|shaking|shock|surprise|vibrate|whoa|wow
🙂‍↔️	head shaking horizontally	head|horizontally|no|shake|shaking
🙂‍↕️	head shaking vertically	head|nod|shaking|vertically|yes
🫩	face with bags under eyes	bags|bored|exhausted|eyes|face|fatigued|late|sleepy|tired|weary|with|under
🥵	hot face	dying|face|feverish|heat|hot|panting|red-faced|stroke|sweating|tongue
🥶	cold face	blue|blue-faced|cold|face|freezing|frostbite|icicles|subzero|teeth
🥴	woozy face	dizzy|drunk|eyes|face|intoxicated|mouth|tipsy|uneven|wavy|woozy
😵‍💫	face with spiral eyes	confused|dizzy|eyes|face|hypnotized|omg|smiley|spiral|trouble|whoa|woah|woozy|with
🥳	partying face	bday|birthday|celebrate|celebration|excited|face|happy|hat|hooray|horn|party|partying
🥸	disguised face	disguise|eyebrow|face|glasses|incognito|moustache|mustache|nose|person|spy|tache|tash|disguised
🫤	face with diagonal mouth	confused|confusion|diagonal|disappointed|doubt|doubtful|face|frustrated|frustration|meh|mouth|skeptical|unsure|whatever|wtv|with
🫪	distorted face	anxiety|bloated|panic|shocked|surprised|vulnerable|distorted|face
🥺	pleading face	begging|big|eyes|face|mercy|not|pleading|please|pretty|puppy|sad|why
🥹	face holding back tears	admiration|aww|back|cry|embarrassed|face|feelings|grateful|gratitude|holding|joy|please|proud|resist|sad|tears
🥱	yawning face	bedtime|bored|face|goodnight|nap|night|sleep|sleepy|tired|whatever|yawn|yawning|zzz
❤️‍🔥	heart on fire	burn|fire|heart|love|lust|sacred|on
❤️‍🩹	mending heart	healthier|heart|improving|mending|recovering|recuperating|well
🩷	pink heart	143|adorable|cute|emotion|heart|ily|like|love|pink|special|sweet
🩵	light blue heart	143|blue|cute|cyan|emotion|heart|ily|light|like|love|sky|special|teal
🤎	brown heart	143|brown|heart
🩶	grey heart	143|emotion|gray|grey|heart|ily|love|silver|slate|special
🤍	white heart	143|heart|white
🫯	fight cloud	argument|brawl|debate|disagreement|fight|ruckus|wrestle|cloud
🫱	rightwards hand	hand|handshake|hold|reach|right|rightward|rightwards|shake
🫲	leftwards hand	hand|handshake|hold|left|leftward|leftwards|reach|shake
🫳	palm down hand	dismiss|down|drop|dropped|hand|palm|pick|shoo|up
🫴	palm up hand	beckon|catch|come|hand|hold|know|lift|me|offer|palm|tell|up
🫷	leftwards pushing hand	block|five|halt|hand|high|hold|leftward|leftwards|pause|push|pushing|refuse|slap|stop|wait
🫸	rightwards pushing hand	block|five|halt|hand|high|hold|pause|push|pushing|refuse|rightward|rightwards|slap|stop|wait
🤌	pinched fingers	fingers|gesture|hand|hold|huh|interrogation|patience|pinched|relax|sarcastic|ugh|what|zip
🤏	pinching hand	amount|bit|fingers|hand|little|pinching|small|sort
🫰	hand with index finger and thumb crossed	<3|crossed|expensive|finger|hand|heart|index|love|money|snap|thumb|with|and
🫵	index pointing at the viewer	at|finger|hand|index|pointing|poke|viewer|you|the
🫶	heart hands	<3|hands|heart|love|you
🦾	mechanical arm	accessibility|arm|mechanical|prosthetic
🦿	mechanical leg	accessibility|leg|mechanical|prosthetic
🦵	leg	bent|foot|kick|knee|limb
🦶	foot	ankle|feet|kick|stomp
🦻	ear with hearing aid	accessibility|aid|ear|hard|hearing|with
🫀	anatomical heart	anatomical|beat|cardiology|heart|heartbeat|organ|pulse|real|red
🫁	lungs	breath|breathe|exhalation|inhalation|lung|organ|respiration
🦷	tooth	dentist|pearly|teeth|white
🦴	bone	bones|dog|skeleton|wishbone
🫦	biting lip	anxious|bite|biting|fear|flirt|flirting|kiss|lip|lipstick|nervous|sexy|uncomfortable|worried|worry
🧔‍♂️	man: beard	beard|bearded|man|whiskers|man:
🧔‍♀️	woman: beard	beard|bearded|whiskers|woman|woman:
👨‍🦰	man: red hair	adult|bro|man|red hair|man:|red|hair
👨‍🦱	man: curly hair	adult|bro|curly hair|man|man:|curly|hair
👨‍🦳	man: white hair	adult|bro|man|white hair|man:|white|hair
👨‍🦲	man: bald	adult|bald|bro|man|man:
👩‍🦰	woman: red hair	adult|lady|red hair|woman|woman:|red|hair
🧑‍🦰	person: red hair	adult|person|red hair|person:|red|hair
👩‍🦱	woman: curly hair	adult|curly hair|lady|woman|woman:|curly|hair
🧑‍🦱	person: curly hair	adult|curly hair|person|person:|curly|hair
👩‍🦳	woman: white hair	adult|lady|white hair|woman|woman:|white|hair
🧑‍🦳	person: white hair	adult|person|white hair|person:|white|hair
👩‍🦲	woman: bald	adult|bald|lady|woman|woman:
🧑‍🦲	person: bald	adult|bald|person|person:
👱‍♀️	woman: blond hair	blond|blond-haired|blonde|hair|woman|woman:
👱‍♂️	man: blond hair	blond|blond-haired|hair|man|man:
🙍‍♂️	man frowning	annoyed|disappointed|disgruntled|disturbed|frown|frowning|frustrated|gesture|irritated|man|upset
🙍‍♀️	woman frowning	annoyed|disappointed|disgruntled|disturbed|frown|frowning|frustrated|gesture|irritated|upset|woman
🙎‍♂️	man pouting	disappointed|downtrodden|frown|grimace|man|pouting|scowl|sulk|upset|whine
🙎‍♀️	woman pouting	disappointed|downtrodden|frown|grimace|pouting|scowl|sulk|upset|whine|woman
🙅‍♂️	man gesturing no	forbidden|gesture|hand|man|no|not|prohibit|gesturing
🙅‍♀️	woman gesturing no	forbidden|gesture|hand|no|not|prohibit|woman|gesturing
🙆‍♂️	man gesturing ok	exercise|gesture|gesturing|hand|man|ok|omg
🙆‍♀️	woman gesturing ok	exercise|gesture|gesturing|hand|ok|omg|woman
💁‍♂️	man tipping hand	fetch|flick|flip|gossip|hand|man|sarcasm|sarcastic|sassy|seriously|tipping|whatever
💁‍♀️	woman tipping hand	fetch|flick|flip|gossip|hand|sarcasm|sarcastic|sassy|seriously|tipping|whatever|woman
🙋‍♂️	man raising hand	gesture|hand|here|know|man|me|pick|question|raise|raising
🙋‍♀️	woman raising hand	gesture|hand|here|know|me|pick|question|raise|raising|woman
🧏	deaf person	accessibility|deaf|ear|gesture|hear|person
🧏‍♂️	deaf man	accessibility|deaf|ear|gesture|hear|man
🧏‍♀️	deaf woman	accessibility|deaf|ear|gesture|hear|woman
🙇‍♂️	man bowing	apology|ask|beg|bow|bowing|favor|forgive|gesture|man|meditate|meditation|pity|regret|sorry
🙇‍♀️	woman bowing	apology|ask|beg|bow|bowing|favor|forgive|gesture|meditate|meditation|pity|regret|sorry|woman
🤦‍♂️	man facepalming	again|bewilder|disbelief|exasperation|facepalm|man|no|not|oh|omg|shock|smh|facepalming
🤦‍♀️	woman facepalming	again|bewilder|disbelief|exasperation|facepalm|no|not|oh|omg|shock|smh|woman|facepalming
🤷‍♂️	man shrugging	doubt|dunno|guess|idk|ignorance|indifference|knows|man|maybe|shrug|shrugging|whatever|who
🤷‍♀️	woman shrugging	doubt|dunno|guess|idk|ignorance|indifference|knows|maybe|shrug|shrugging|whatever|who|woman
🧑‍⚕️	health worker	doctor|health|healthcare|nurse|therapist|worker
🧑‍🎓	student	graduate
🧑‍🏫	teacher	instructor|lecturer|professor
🧑‍⚖️	judge	justice|law|scales
🧑‍🌾	farmer	gardener|rancher
🧑‍🍳	cook	chef
🧑‍🔧	mechanic	electrician|plumber|tradesperson
🧑‍🏭	factory worker	assembly|factory|industrial|worker
🧑‍💼	office worker	architect|business|manager|office|white-collar|worker
🧑‍🔬	scientist	biologist|chemist|engineer|mathematician|physicist
🧑‍💻	technologist	coder|computer|developer|inventor|software
🧑‍🎤	singer	actor|entertainer|rock|rockstar|star
🧑‍🎨	artist	palette
🧑‍✈️	pilot	plane
🧑‍🚀	astronaut	rocket|space
🧑‍🚒	firefighter	fire|firetruck
👮‍♂️	man police officer	apprehend|arrest|citation|cop|law|man|officer|over|police|pulled|undercover
👮‍♀️	woman police officer	apprehend|arrest|citation|cop|law|officer|over|police|pulled|undercover|woman
🕵️‍♂️	man detective	detective|man|sleuth|spy
🕵️‍♀️	woman detective	detective|sleuth|spy|woman
💂‍♂️	man guard	buckingham|guard|helmet|london|man|palace
💂‍♀️	woman guard	buckingham|guard|helmet|london|palace|woman
🥷	ninja	assassin|fight|fighter|hidden|person|secret|skills|sly|soldier|stealth|war
👷‍♂️	man construction worker	build|construction|fix|hardhat|hat|man|rebuild|remodel|repair|work|worker
👷‍♀️	woman construction worker	build|construction|fix|hardhat|hat|man|rebuild|remodel|repair|woman|work|worker
🫅	person with crown	crown|monarch|noble|person|regal|royal|royalty|with
👳‍♂️	man wearing turban	man|turban|wearing
👳‍♀️	woman wearing turban	turban|wearing|woman
🤵‍♂️	man in tuxedo	formal|groom|man|tuxedo|wedding|in
🤵‍♀️	woman in tuxedo	formal|tuxedo|wedding|woman|in
👰‍♂️	man with veil	man|veil|wedding|with
👰‍♀️	woman with veil	bride|veil|wedding|woman|with
🫃	pregnant man	belly|bloated|full|man|overeat|pregnant
🫄	pregnant person	belly|bloated|full|overeat|person|pregnant|stuffed
👩‍🍼	woman feeding baby	baby|feed|feeding|mom|mother|nanny|newborn|nursing|woman
👨‍🍼	man feeding baby	baby|dad|father|feed|feeding|man|nanny|newborn|nursing
🧑‍🍼	person feeding baby	baby|feed|feeding|nanny|newborn|nursing|parent|person
🧑‍🎄	mx claus	celebration|christmas|claus|fairy|fantasy|holiday|merry|mx|santa|tale|xmas
🦸	superhero	good|hero|superpower
🦸‍♂️	man superhero	good|hero|man|superhero|superpower
🦸‍♀️	woman superhero	good|hero|heroine|superhero|superpower|woman
🦹	supervillain	bad|criminal|evil|superpower|villain
🦹‍♂️	man supervillain	bad|criminal|evil|man|superpower|supervillain|villain
🦹‍♀️	woman supervillain	bad|criminal|evil|superpower|supervillain|villain|woman
🧙‍♂️	man mage	fantasy|mage|magic|man|play|sorcerer|sorceress|sorcery|spell|summon|witch|wizard
🧙‍♀️	woman mage	fantasy|mage|magic|play|sorcerer|sorceress|sorcery|spell|summon|witch|wizard|woman
🧚‍♂️	man fairy	fairy|fairytale|fantasy|man|myth|oberon|person|pixie|puck|tale|wings
🧚‍♀️	woman fairy	fairy|fairytale|fantasy|myth|person|pixie|tale|titania|wings|woman
🧛‍♂️	man vampire	blood|fangs|halloween|man|scary|supernatural|teeth|undead|vampire
🧛‍♀️	woman vampire	blood|fangs|halloween|scary|supernatural|teeth|undead|vampire|woman
🧜‍♂️	merman	creature|fairytale|folklore|neptune|ocean|poseidon|sea|siren|trident|triton
🧜‍♀️	mermaid	creature|fairytale|folklore|merwoman|ocean|sea|siren|trident
🧝‍♂️	man elf	elf|elves|enchantment|fantasy|folklore|magic|magical|man|myth
🧝‍♀️	woman elf	elf|elves|enchantment|fantasy|folklore|magic|magical|myth|woman
🧞‍♂️	man genie	djinn|fantasy|genie|jinn|lamp|man|myth|rub|wishes
🧞‍♀️	woman genie	djinn|fantasy|genie|jinn|lamp|myth|rub|wishes|woman
🧟‍♂️	man zombie	apocalypse|dead|halloween|horror|man|scary|undead|walking|zombie
🧟‍♀️	woman zombie	apocalypse|dead|halloween|horror|scary|undead|walking|woman|zombie
🧌	troll	fairy|fantasy|monster|tale|trolling
🫈	hairy creature	bigfoot|cryptid|forest|giant|hairy|sasquatch|woodwose|yeti|creature
💆‍♂️	man getting massage	face|getting|headache|man|massage|relax|relaxing|salon|soothe|spa|tension|therapy|treatment
💆‍♀️	woman getting massage	face|getting|headache|massage|relax|relaxing|salon|soothe|spa|tension|therapy|treatment|woman
💇‍♂️	man getting haircut	barber|beauty|chop|cosmetology|cut|groom|hair|haircut|man|parlor|person|shears|style|getting
💇‍♀️	woman getting haircut	barber|beauty|chop|cosmetology|cut|groom|hair|haircut|parlor|person|shears|style|woman|getting
🚶‍♂️	man walking	amble|gait|hike|man|pace|pedestrian|stride|stroll|walk|walking
🚶‍♀️	woman walking	amble|gait|hike|man|pace|pedestrian|stride|stroll|walk|walking|woman
🚶‍➡️	person walking: facing right	amble|facing|gait|hike|man|pace|pedestrian|person|right|stride|stroll|walk|walking|walking:
🚶‍♀️‍➡️	woman walking: facing right	amble|facing|gait|hike|man|pace|pedestrian|right|stride|stroll|walk|walking|woman|walking:
🚶‍♂️‍➡️	man walking: facing right	amble|facing|gait|hike|man|pace|pedestrian|right|stride|stroll|walk|walking|walking:
🧍	person standing	person|stand|standing
🧍‍♂️	man standing	man|stand|standing
🧍‍♀️	woman standing	stand|standing|woman
🧎	person kneeling	kneel|kneeling|knees|person
🧎‍♂️	man kneeling	kneel|kneeling|knees|man
🧎‍♀️	woman kneeling	kneel|kneeling|knees|woman
🧎‍➡️	person kneeling: facing right	facing|kneel|kneeling|knees|person|right|kneeling:
🧎‍♀️‍➡️	woman kneeling: facing right	facing|kneel|kneeling|knees|right|woman|kneeling:
🧎‍♂️‍➡️	man kneeling: facing right	facing|kneel|kneeling|knees|man|right|kneeling:
🧑‍🦯	person with white cane	accessibility|blind|cane|person|probing|white|with
🧑‍🦯‍➡️	person with white cane: facing right	accessibility|blind|cane|facing|person|probing|right|white|with|cane:
👨‍🦯	man with white cane	accessibility|blind|cane|man|probing|white|with
👨‍🦯‍➡️	man with white cane: facing right	accessibility|blind|cane|facing|man|probing|right|white|with|cane:
👩‍🦯	woman with white cane	accessibility|blind|cane|probing|white|woman|with
👩‍🦯‍➡️	woman with white cane: facing right	accessibility|blind|cane|facing|probing|right|white|woman|with|cane:
🧑‍🦼	person in motorized wheelchair	accessibility|motorized|person|wheelchair|in
🧑‍🦼‍➡️	person in motorized wheelchair: facing right	accessibility|facing|motorized|person|right|wheelchair|in|wheelchair:
👨‍🦼	man in motorized wheelchair	accessibility|man|motorized|wheelchair|in
👨‍🦼‍➡️	man in motorized wheelchair: facing right	accessibility|facing|man|motorized|right|wheelchair|in|wheelchair:
👩‍🦼	woman in motorized wheelchair	accessibility|motorized|wheelchair|woman|in
👩‍🦼‍➡️	woman in motorized wheelchair: facing right	accessibility|facing|motorized|right|wheelchair|woman|in|wheelchair:
🧑‍🦽	person in manual wheelchair	accessibility|manual|person|wheelchair|in
🧑‍🦽‍➡️	person in manual wheelchair: facing right	accessibility|facing|manual|person|right|wheelchair|in|wheelchair:
👨‍🦽	man in manual wheelchair	accessibility|man|manual|wheelchair|in
👨‍🦽‍➡️	man in manual wheelchair: facing right	accessibility|facing|man|manual|right|wheelchair|in|wheelchair:
👩‍🦽	woman in manual wheelchair	accessibility|manual|wheelchair|woman|in
👩‍🦽‍➡️	woman in manual wheelchair: facing right	accessibility|facing|manual|right|wheelchair|woman|in|wheelchair:
🏃‍♂️	man running	fast|hurry|man|marathon|move|quick|race|racing|run|rush|speed|running
🏃‍♀️	woman running	fast|hurry|marathon|move|quick|race|racing|run|rush|speed|woman|running
🏃‍➡️	person running: facing right	facing|fast|hurry|marathon|move|person|quick|race|racing|right|run|rush|speed|running:
🏃‍♀️‍➡️	woman running: facing right	facing|fast|hurry|marathon|move|quick|race|racing|right|run|rush|speed|woman|running:
🏃‍♂️‍➡️	man running: facing right	facing|fast|hurry|man|marathon|move|quick|race|racing|right|run|rush|speed|running:
🧑‍🩰	ballet dancer	ballet|dancer
👯‍♂️	men with bunny ears	bestie|bff|bunny|counterpart|dancer|double|ear|identical|men|pair|party|partying|people|soulmate|twin|twinsies|with|ears
👯‍♀️	women with bunny ears	bestie|bff|bunny|counterpart|dancer|double|ear|identical|pair|party|partying|people|soulmate|twin|twinsies|women|with|ears
🧖‍♂️	man in steamy room	day|luxurious|man|pamper|relax|room|sauna|spa|steam|steambath|unwind|in|steamy
🧖‍♀️	woman in steamy room	day|luxurious|pamper|relax|room|sauna|spa|steam|steambath|unwind|woman|in|steamy
🧗‍♂️	man climbing	climb|climber|climbing|man|mountain|rock|scale|up
🧗‍♀️	woman climbing	climb|climber|climbing|mountain|rock|scale|up|woman
🏌️‍♂️	man golfing	ball|birdie|caddy|driving|golf|golfing|green|man|pga|putt|range|tee
🏌️‍♀️	woman golfing	ball|birdie|caddy|driving|golf|golfing|green|pga|putt|range|tee|woman
🏄‍♂️	man surfing	beach|man|ocean|sport|surf|surfer|surfing|swell|waves
🏄‍♀️	woman surfing	beach|ocean|person|sport|surf|surfer|surfing|swell|waves|woman
🚣‍♂️	man rowing boat	boat|canoe|cruise|fishing|lake|man|oar|paddle|raft|river|row|rowboat|rowing
🚣‍♀️	woman rowing boat	boat|canoe|cruise|fishing|lake|oar|paddle|raft|river|row|rowboat|rowing|woman
🏊‍♂️	man swimming	freestyle|man|sport|swim|swimmer|swimming|triathlon
🏊‍♀️	woman swimming	freestyle|man|sport|swim|swimmer|swimming|triathlon|woman
⛹️‍♂️	man bouncing ball	athletic|ball|basketball|bouncing|championship|dribble|man|net|player|throw
⛹️‍♀️	woman bouncing ball	athletic|ball|basketball|bouncing|championship|dribble|net|player|throw|woman
🏋️‍♂️	man lifting weights	barbell|bodybuilder|deadlift|lifter|lifting|man|powerlifting|weight|weightlifter|weights|workout
🏋️‍♀️	woman lifting weights	barbell|bodybuilder|deadlift|lifter|lifting|powerlifting|weight|weightlifter|weights|woman|workout
🚴‍♂️	man biking	bicycle|bicyclist|bike|biking|cycle|cyclist|man|riding|sport
🚴‍♀️	woman biking	bicycle|bicyclist|bike|biking|cycle|cyclist|riding|sport|woman
🚵‍♂️	man mountain biking	bicycle|bicyclist|bike|biking|cycle|cyclist|man|mountain|riding|sport
🚵‍♀️	woman mountain biking	bicycle|bicyclist|bike|biking|cycle|cyclist|mountain|riding|sport|woman
🤸‍♂️	man cartwheeling	active|cartwheel|cartwheeling|excited|flip|gymnastics|happy|man|somersault
🤸‍♀️	woman cartwheeling	active|cartwheel|cartwheeling|excited|flip|gymnastics|happy|somersault|woman
🤼‍♂️	men wrestling	combat|duel|grapple|men|ring|tournament|wrestle|wrestling
🤼‍♀️	women wrestling	combat|duel|grapple|ring|tournament|women|wrestle|wrestling
🤽‍♂️	man playing water polo	man|playing|polo|sport|swimming|water|waterpolo
🤽‍♀️	woman playing water polo	playing|polo|sport|swimming|water|waterpolo|woman
🤾‍♂️	man playing handball	athletics|ball|catch|chuck|handball|hurl|lob|man|pitch|playing|sport|throw|toss
🤾‍♀️	woman playing handball	athletics|ball|catch|chuck|handball|hurl|lob|pitch|playing|sport|throw|toss|woman
🤹‍♂️	man juggling	act|balance|balancing|handle|juggle|juggling|man|manage|multitask|skill
🤹‍♀️	woman juggling	act|balance|balancing|handle|juggle|juggling|manage|multitask|skill|woman
🧘‍♂️	man in lotus position	cross|legged|legs|lotus|man|meditation|peace|position|relax|serenity|yoga|yogi|zen|in
🧘‍♀️	woman in lotus position	cross|legged|legs|lotus|meditation|peace|position|relax|serenity|woman|yoga|yogi|zen|in
🧑‍🤝‍🧑	people holding hands	bae|bestie|bff|couple|dating|flirt|friends|hand|hold|people|twins|holding|hands
🫂	people hugging	comfort|embrace|farewell|friendship|goodbye|hello|hug|hugging|love|people|thanks
🧑‍🧑‍🧒	family: adult, adult, child	adult|child|family|family:|adult,
🧑‍🧑‍🧒‍🧒	family: adult, adult, child, child	adult|child|family|family:|adult,|child,
🧑‍🧒	family: adult, child	adult|child|family|family:|adult,
🧑‍🧒‍🧒	family: adult, child, child	adult|child|family|family:|adult,|child,
🫆	fingerprint	clue|crime|detective|forensics|identity|mystery|print|safety|trace
🦧	orangutan	animal|ape|monkey
🦮	guide dog	accessibility|animal|blind|dog|guide
🐕‍🦺	service dog	accessibility|animal|assistance|dog|service
🦝	raccoon	animal|curious|sly
🐈‍⬛	black cat	animal|black|cat|feline|halloween|meow|unlucky
🫎	moose	alces|animal|antlers|elk|mammal
🫏	donkey	animal|ass|burro|hinny|mammal|mule|stubborn
🦬	bison	animal|buffalo|herd|wisent
🦙	llama	alpaca|animal|guanaco|vicuña|wool
🦣	mammoth	animal|extinction|large|tusk|wooly
🦛	hippopotamus	animal|hippo
🦫	beaver	animal|dam|teeth
🐻‍❄️	polar bear	animal|arctic|bear|polar|white
🦥	sloth	lazy|slow
🦦	otter	animal|fishing|playful
🦨	skunk	animal|stink
🦘	kangaroo	animal|joey|jump|marsupial
🦡	badger	animal|honey|pester
🦢	swan	animal|bird|cygnet|duckling|ornithology|ugly
🦤	dodo	animal|bird|extinction|large|ornithology
🪶	feather	bird|flight|light|plumage
🦩	flamingo	animal|bird|flamboyant|ornithology|tropical
🦚	peacock	animal|bird|colorful|ornithology|ostentatious|peahen|pretty|proud
🦜	parrot	animal|bird|ornithology|pirate|talk
🪽	wing	angelic|ascend|aviation|bird|fly|flying|heavenly|mythology|soar
🐦‍⬛	black bird	animal|beak|bird|black|caw|corvid|crow|ornithology|raven|rook
🪿	goose	animal|bird|duck|flock|fowl|gaggle|gander|geese|honk|ornithology|silly
🐦‍🔥	phoenix	ascend|ascension|emerge|fantasy|firebird|glory|immortal|rebirth|reincarnation|reinvent|renewal|revival|revive|rise|transform
🫍	orca	marine|ocean|whale
🦭	seal	animal|lion|ocean|sea
🪸	coral	change|climate|ocean|reef|sea
🪼	jellyfish	animal|aquarium|burn|invertebrate|jelly|life|marine|ocean|ouch|plankton|sea|sting|stinger|tentacles
🦞	lobster	animal|bisque|claws|seafood
🦪	oyster	diving|pearl
🪲	beetle	animal|bug|insect
🪳	cockroach	animal|insect|pest|roach
🦟	mosquito	bite|disease|fever|insect|malaria|pest|virus
🪰	fly	animal|disease|insect|maggot|pest|rotting
🪱	worm	animal|annelid|earthworm|parasite
🦠	microbe	amoeba|bacteria|science|virus
🪷	lotus	beauty|buddhism|calm|flower|hinduism|peace|purity|serenity
🪻	hyacinth	bloom|bluebonnet|flower|indigo|lavender|lilac|lupine|plant|purple|shrub|snapdragon|spring|violet
🪴	potted plant	decor|grow|house|nurturing|plant|pot|potted
🪹	empty nest	branch|empty|home|nest|nesting
🪺	nest with eggs	bird|branch|egg|eggs|nest|nesting|with
🪾	leafless tree	bare|barren|branches|dead|drought|leafless|tree|trunk|winter|wood
🍋‍🟩	lime	acidity|citrus|cocktail|fruit|garnish|key|margarita|mojito|refreshing|salsa|sour|tangy|tequila|tropical|zest
🥭	mango	food|fruit|tropical
🫐	blueberries	berries|berry|bilberry|blue|blueberry|food|fruit
🫒	olive	food
🫑	bell pepper	bell|capsicum|food|pepper|vegetable
🥬	leafy green	bok|burgers|cabbage|choy|green|kale|leafy|lettuce|salad
🧄	garlic	flavoring
🧅	onion	flavoring
🫘	beans	food|kidney|legume|small
🫚	ginger root	beer|ginger|health|herb|natural|root|spice
🫛	pea pod	beans|beanstalk|edamame|legume|pea|pod|soybean|vegetable|veggie
🍄‍🟫	brown mushroom	food|fungi|fungus|mushroom|nature|pizza|portobello|shiitake|shroom|spore|sprout|toppings|truffle|vegetable|vegetarian|veggie|brown
🫜	root vegetable	beet|food|garden|radish|root|salad|turnip|vegetable|vegetarian
🫓	flatbread	arepa|bread|food|gordita|lavash|naan|pita
🥯	bagel	bakery|bread|breakfast|schmear
🧇	waffle	breakfast|indecisive|iron
🫔	tamale	food|mexican|pamonha|wrapped
🧆	falafel	chickpea|meatball
🫕	fondue	cheese|chocolate|food|melted|pot|ski
🧈	butter	dairy
🧂	salt	condiment|flavor|mad|salty|shaker|taste|upset
🥮	moon cake	autumn|cake|festival|moon|yuèbǐng
🧁	cupcake	bakery|dessert|sprinkles|sugar|sweet|treat
🫖	teapot	brew|drink|food|pot|tea
🫗	pouring liquid	accident|drink|empty|glass|liquid|oops|pour|pouring|spill|water
🧋	bubble tea	boba|bubble|food|milk|pearl|tea
🧃	beverage box	beverage|box|juice|straw|sweet
🧉	mate	drink
🧊	ice	cold|cube|iceberg
🫙	jar	condiment|container|empty|nothing|sauce|store
🧭	compass	direction|magnetic|navigation|orienteering
🛘	landslide	avalanche|danger|disaster|earthquake|mountain|mudslide|rocks
🧱	brick	bricks|clay|mortar|wall
🪨	rock	boulder|heavy|solid|stone|tough
🪵	wood	log|lumber|timber
🛖	hut	home|house|roundhouse|shelter|yurt
🛕	hindu temple	hindu|temple
🛝	playground slide	amusement|park|play|playground|playing|slide|sliding|theme
🛻	pickup truck	automobile|car|flatbed|pick-up|pickup|transportation|truck
🦽	manual wheelchair	accessibility|manual|wheelchair
🦼	motorized wheelchair	accessibility|motorized|wheelchair
🛺	auto rickshaw	auto|rickshaw|tuk
🛹	skateboard	board|skate|skater|wheels
🛼	roller skate	blades|roller|skate|skates|sport
🛞	wheel	car|circle|tire|turn|vehicle
🛟	ring buoy	buoy|float|life|lifesaver|preserver|rescue|ring|safety|save|saver|swim
🪂	parachute	hang-glide|parasail|skydive
🧳	luggage	bag|packing|roller|suitcase|travel
🪐	ringed planet	planet|ringed|saturn|saturnine
🧨	firecracker	dynamite|explosive|fire|fireworks|light|pop|popping|spark
🧧	red envelope	envelope|gift|good|hóngbāo|lai|luck|money|red|see
🥎	softball	ball|glove|sports|underarm
🥏	flying disc	disc|flying|ultimate
🥍	lacrosse	ball|goal|sports|stick
🤿	diving mask	diving|mask|scuba|snorkeling
🪀	yo-yo	fluctuate|toy
🪁	kite	fly|soar
🪄	magic wand	magic|magician|wand|witch|wizard
🧩	puzzle piece	clue|interlocking|jigsaw|piece|puzzle
🧸	teddy bear	bear|plaything|plush|stuffed|teddy|toy
🪅	piñata	candy|celebrate|celebration|cinco|de|festive|mayo|party|pinada|pinata
🪩	mirror ball	ball|dance|disco|glitter|mirror|party
🪆	nesting dolls	babooshka|baboushka|babushka|doll|dolls|matryoshka|nesting|russia
♟️	chess pawn	chess|dupe|expendable|pawn
🧵	thread	needle|sewing|spool|string
🪡	sewing needle	embroidery|needle|sew|sewing|stitches|sutures|tailoring|thread
🧶	yarn	ball|crochet|knit
🪢	knot	cord|rope|tangled|tie|twine|twist
🥽	goggles	dive|eye|protection|scuba|swimming|welding
🥼	lab coat	clothes|coat|doctor|dr|experiment|jacket|lab|scientist|white
🦺	safety vest	emergency|safety|vest
🥻	sari	clothing|dress
🩱	one-piece swimsuit	bathing|one-piece|suit|swimsuit
🩲	briefs	bathing|one-piece|suit|swimsuit|underwear
🩳	shorts	bathing|pants|suit|swimsuit|underwear
🪭	folding hand fan	clack|clap|cool|cooling|dance|fan|flirt|flutter|folding|hand|hot|shy
🩴	thong sandal	beach|flip|flop|sandal|sandals|shoe|thong|thongs|zōri
🥾	hiking boot	backpacking|boot|brown|camping|hiking|outdoors|shoe
🥿	flat shoe	ballet|comfy|flat|flats|shoe|slip-on|slipper
🩰	ballet shoes	ballet|dance|shoes
🪮	hair pick	afro|comb|groom|hair|pick
🪖	military helmet	army|helmet|military|soldier|war|warrior
🪊	trombone	brass|instrument|jazz|music|sad|slide
🪗	accordion	box|concertina|instrument|music|squeeze|squeezebox
🪕	banjo	music|stringed
🪘	long drum	beat|conga|drum|instrument|long|rhythm
🪇	maracas	cha|dance|instrument|music|party|percussion|rattle|shake|shaker
🪈	flute	band|fife|flautist|instrument|marching|music|orchestra|piccolo|pipe|recorder|woodwind
🪉	harp	cupid|instrument|love|music|orchestra
🪫	low battery	battery|drained|electronic|energy|low|power
🧮	abacus	calculation|calculator
🪔	diya lamp	diya|lamp|light|oil
🪙	coin	dollar|euro|gold|metal|money|rich|silver|treasure
🪎	treasure chest	gem|gold|jewels|loot|money|prize|silver|valuables|wealth|treasure|chest
🧾	receipt	accounting|bookkeeping|evidence|invoice|proof
🪓	axe	ax|chop|hatchet|split|wood
🪃	boomerang	rebound|repercussion|weapon
🪚	carpentry saw	carpenter|carpentry|cut|lumber|saw|tool|trim
🪛	screwdriver	flathead|handy|screw|tool
🦯	white cane	accessibility|blind|cane|probing|white
⛓️‍💥	broken chain	break|breaking|broken|chain|cuffs|freedom
🪝	hook	catch|crook|curve|ensnare|point|selling
🧰	toolbox	box|chest|mechanic|red|tool
🧲	magnet	attraction|horseshoe|magnetic|negative|positive|shape|u
🪜	ladder	climb|rung|step
🪏	shovel	bury|dig|garden|hole|plant|scoop|snow|spade
🧪	test tube	chemist|chemistry|experiment|lab|science|test|tube
🧫	petri dish	bacteria|biologist|biology|culture|dish|lab|petri
🧬	dna	biologist|evolution|gene|genetics|life
🩸	drop of blood	bleed|blood|donation|drop|injury|medicine|menstruation|of
🩹	adhesive bandage	adhesive|bandage
🩼	crutch	aid|cane|disability|help|hurt|injured|mobility|stick
🩺	stethoscope	doctor|heart|medicine
🩻	x-ray	bones|doctor|medical|skeleton|skull|xray
🛗	elevator	accessibility|hoist|lift
🪞	mirror	makeup|reflection|reflector|speculum
🪟	window	air|frame|fresh|opening|transparent|view
🪑	chair	seat|sit
🪠	plunger	cup|force|plumber|poop|suction|toilet
🪤	mouse trap	bait|cheese|lure|mouse|mousetrap|snare|trap
🪒	razor	sharp|shave
🧴	lotion bottle	bottle|lotion|moisturizer|shampoo|sunscreen
🧷	safety pin	diaper|pin|punk|rock|safety
🧹	broom	cleaning|sweeping|witch
🧺	basket	farming|laundry|picnic
🧻	roll of paper	paper|roll|toilet|towels|of
🪣	bucket	cask|pail|vat
🧼	soap	bar|bathing|clean|cleaning|lather|soapdish
🫧	bubbles	bubble|burp|clean|floating|pearl|soap|underwater
🪥	toothbrush	bathroom|brush|clean|dental|hygiene|teeth|toiletry
🧽	sponge	absorbing|cleaning|porous|soak
🧯	fire extinguisher	extinguish|extinguisher|fire|quench
🪦	headstone	cemetery|dead|grave|graveyard|memorial|rip|tomb|tombstone
🧿	nazar amulet	amulet|bead|blue|charm|evil-eye|nazar|talisman
🪬	hamsa	amulet|fatima|fortune|guide|hand|mary|miriam|palm|protect|protection
🪧	placard	card|demonstration|notice|picket|plaque|protest|sign
🪪	identification card	card|credentials|document|id|identification|license|security
🪯	khanda	deg|fateh|khalsa|religion|sikh|sikhism|tegh
🛜	wireless	broadband|computer|connectivity|hotspot|internet|network|router|smartphone|wi-fi|wifi|wlan
♀️	female sign	female|sign|woman
♂️	male sign	male|man|sign
⚧️	transgender symbol	symbol|transgender
🟰	heavy equals sign	answer|equal|equality|equals|heavy|math|sign
♾️	infinity	forever|unbounded|universal
©️	copyright	c
®️	registered	r
™️	trade mark	mark|tm|trade|trademark
🫟	splatter	drip|holi|ink|liquid|mess|paint|spill|stain
🟠	orange circle	circle|orange
🟡	yellow circle	circle|yellow
🟢	green circle	circle|green
🟣	purple circle	circle|purple
🟤	brown circle	brown|circle
🟥	red square	card|penalty|red|square
🟧	orange square	orange|square
🟨	yellow square	card|penalty|square|yellow
🟩	green square	green|square
🟦	blue square	blue|square
🟪	purple square	purple|square
🟫	brown square	brown|square
🏳️‍⚧️	transgender flag	blue|flag|light|pink|transgender|white
🏴‍☠️	pirate flag	flag|jolly|pirate|plunder|roger|treasure
🇧🇱	flag: st. barthélemy	flag|flag:|st.|barthélemy
🇧🇶	flag: caribbean netherlands	flag|flag:|caribbean|netherlands
🇨🇶	flag: sark	flag|flag:|sark
🇨🇽	flag: christmas island	flag|flag:|christmas|island
🇩🇬	flag: diego garcia	flag|flag:|diego|garcia
🇬🇸	flag: south georgia & south sandwich islands	flag|flag:|south|georgia|sandwich|islands
🇰🇮	flag: kiribati	flag|flag:|kiribati
🇲🇵	flag: northern mariana islands	flag|flag:|northern|mariana|islands
🇲🇸	flag: montserrat	flag|flag:|montserrat
🇳🇨	flag: new caledonia	flag|flag:|new|caledonia
🇳🇷	flag: nauru	flag|flag:|nauru
🇳🇺	flag: niue	flag|flag:|niue
🇵🇲	flag: st. pierre & miquelon	flag|flag:|st.|pierre|miquelon
🇸🇭	flag: st. helena, ascension & tristan da cunha	flag|flag:|st.|helena,|ascension|tristan|da|cunha
🇸🇯	flag: svalbard & jan mayen	flag|flag:|svalbard|jan|mayen
🇹🇦	flag: tristan da cunha	flag|flag:|tristan|da|cunha
🇹🇫	flag: french southern and antarctic lands	flag|flag:|french|southern|and|antarctic|lands
🇹🇻	flag: tuvalu	flag|flag:|tuvalu
🇼🇫	flag: wallis & futuna	flag|flag:|wallis|futuna
🇾🇹	flag: mayotte	flag|flag:|mayotte
