the	1036
of	1012
and	1011
to	1008
a	996
in	993
for	977
is	967
on	957
that	953
by	953
this	951
with	950
i	949
you	948
it	945
not	942
or	941
be	938
are	938
from	936
at	936
as	935
your	931
all	931
have	919
new	919
more	919
an	918
was	917
we	914
will	913
home	911
can	909
us	909
about	909
if	905
page	903
my	903
has	902
search	901
free	901
but	900
our	900
one	900
other	899
do	898
no	897
information	897
time	896
they	895
site	893
he	893
up	892
may	892
what	891
which	891
their	889
news	888
out	887
use	886
any	885
there	885
see	883
only	882
so	882
his	882
when	881
contact	881
here	881
business	880
who	880
web	879
also	879
now	879
help	879
get	878
pm	878
view	878
online	878
it's	876
first	876
am	876
been	876
would	876
how	876
were	876
me	875
services	875
some	874
these	873
click	873
its	872
like	872
service	872
than	870
find	870
price	870
date	869
back	869
top	869
people	868
had	868
list	867
name	867
just	867
over	866
state	866
year	865
day	865
into	865
email	865
two	864
health	864
world	864
re	863
next	863
used	862
go	862
work	862
last	862
most	862
products	862
music	862
buy	861
data	861
make	861
them	861
should	860
product	860
system	860
post	859
her	859
city	859
add	859
policy	858
number	858
such	858
please	858
available	858
copyright	857
support	857
message	857
after	857
best	857
software	857
then	857
jan	856
good	856
video	856
well	856
where	856
info	855
rights	855
public	854
books	854
high	854
school	854
through	853
each	853
links	853
she	853
review	853
years	853
order	853
very	852
privacy	852
book	852
items	852
company	851
read	851
group	851
need	850
many	850
user	850
said	850
de	850
does	850
set	850
under	850
general	849
research	849
university	849
january	849
mail	849
full	849
map	849
reviews	849
program	849
life	849
know	849
games	849
way	849
days	848
management	848
part	848
could	848
great	848
united	848
hotel	847
real	847
item	847
international	847
center	847
ebay	847
must	847
store	846
travel	846
comments	846
made	846
development	846
report	846
off	845
member	845
details	845
line	845
terms	844
before	844
hotels	844
did	844
send	844
right	844
type	844
because	843
local	843
those	843
using	843
results	843
office	843
education	843
national	843
car	842
design	842
take	842
posted	842
internet	842
address	842
community	842
within	842
states	842
area	841
want	841
phone	841
dvd	841
shipping	841
reserved	841
subject	841
between	841
forum	841
family	841
long	840
based	840
code	840
show	839
even	839
black	839
check	839
special	839
prices	839
website	839
index	839
being	839
women	838
much	838
sign	838
file	838
link	838
open	838
today	838
technology	838
south	838
case	837
project	837
same	837
pages	837
uk	837
version	837
section	837
own	837
found	837
sports	837
house	836
related	836
security	836
both	836
county	836
american	836
photo	836
game	836
members	836
power	836
while	835
care	835
network	835
down	835
computer	835
systems	835
three	835
total	835
place	834
end	834
following	834
download	834
him	834
without	834
per	834
access	834
think	834
north	834
resources	834
current	834
posts	834
big	834
media	834
law	833
control	833
water	833
history	833
pictures	833
size	833
art	833
personal	833
since	833
including	833
guide	833
shop	833
directory	833
board	833
location	832
change	832
white	832
text	832
small	832
rating	832
rate	832
government	832
children	832
during	831
usa	831
return	831
students	831
shopping	831
account	831
times	831
sites	831
level	831
digital	831
profile	831
previous	830
form	830
events	830
love	830
old	830
john	830
main	830
call	830
hours	830
image	830
department	830
title	829
description	829
non	829
insurance	829
another	828
why	828
shall	828
property	828
class	828
still	828
money	828
quality	828
every	828
listing	828
content	828
country	828
private	827
little	827
visit	827
save	827
tools	827
low	827
reply	827
customer	827
december	826
compare	826
movies	826
include	826
college	826
value	826
article	826
york	826
man	826
card	826
jobs	826
provide	826
food	826
source	826
author	825
different	825
press	825
learn	825
sale	825
around	825
print	825
course	825
job	825
canada	825
process	825
teen	825
room	825
stock	825
training	825
too	825
credit	825
point	824
join	824
science	824
men	824
categories	824
advanced	824
west	824
sales	824
look	824
english	824
left	823
team	823
estate	823
box	823
conditions	823
select	823
windows	823
photos	822
gay	822
thread	822
week	822
category	822
note	822
live	822
large	822
gallery	822
table	822
register	822
however	821
june	821
october	821
november	821
market	821
library	821
really	821
action	821
start	821
series	821
model	821
features	821
air	821
industry	821
plan	821
human	821
provided	820
tv	820
yes	820
required	820
second	820
hot	820
accessories	820
cost	820
movie	820
forums	820
march	820
la	820
september	820
better	820
say	820
questions	820
july	819
yahoo	819
going	819
medical	819
test	819
friend	819
come	819
dec	819
server	819
pc	819
study	818
application	818
cart	818
staff	818
articles	818
san	818
feedback	818
again	818
play	818
looking	818
issues	818
april	818
never	817
users	817
complete	817
street	817
topic	817
comment	817
financial	817
things	817
working	817
against	817
standard	817
tax	817
person	817
below	816
mobile	816
less	816
got	816
blog	816
party	816
payment	816
equipment	816
login	816
student	816
let	816
programs	815
offers	815
legal	815
above	815
recent	815
park	815
stores	815
side	815
act	815
problem	815
red	815
give	815
memory	815
performance	815
social	814
august	814
quote	814
language	814
story	814
sell	814
options	814
experience	814
rates	814
create	814
key	814
body	814
young	813
america	813
important	813
field	813
few	813
east	813
paper	813
single	813
age	812
activities	812
club	812
example	812
girls	812
additional	812
password	812
I'd	812
latest	812
something	812
road	812
gift	812
question	812
changes	812
night	812
ca	812
hard	811
texas	811
oct	811
pay	811
four	811
poker	811
status	811
browse	811
issue	811
range	811
building	811
seller	811
court	811
february	811
always	811
result	811
audio	810
light	810
write	810
war	810
nov	810
offer	810
blue	810
groups	810
easy	810
given	810
files	810
event	810
release	810
analysis	810
request	810
fax	810
china	810
making	809
picture	809
needs	809
possible	809
might	809
professional	809
yet	809
month	809
major	809
star	809
areas	809
future	809
space	808
committee	808
hand	808
sun	808
cards	808
problems	808
london	808
washington	808
meeting	808
become	808
interest	808
id	808
child	808
keep	808
enter	808
california	808
share	808
similar	808
garden	808
schools	808
million	807
added	807
reference	807
companies	807
listed	807
baby	807
learning	807
energy	807
run	807
delivery	807
popular	807
term	807
film	806
stories	806
put	806
computers	806
journal	806
reports	806
co	806
try	806
welcome	806
central	806
images	806
president	806
notice	806
god	806
original	805
head	805
radio	805
until	805
cell	805
color	805
self	805
council	805
away	805
includes	805
track	805
australia	805
discussion	805
archive	805
once	805
others	805
entertainment	805
agreement	805
format	805
least	805
society	805
months	805
log	805
safety	805
friends	804
sure	804
faq	804
trade	804
edition	804
cars	804
messages	804
marketing	804
tell	804
further	804
updated	804
association	804
able	804
having	804
provides	804
david	804
fun	803
already	803
green	803
studies	803
close	803
common	803
drive	803
specific	803
several	803
gold	803
feb	803
living	803
sep	803
collection	803
called	803
short	803
arts	803
lot	803
ask	803
display	803
limited	803
powered	803
solutions	803
means	803
director	802
daily	802
beach	802
past	802
natural	802
whether	802
due	802
et	802
electronics	802
five	802
upon	802
period	802
planning	802
database	802
says	802
official	802
weather	801
mar	801
land	801
average	801
done	801
technical	801
window	801
france	801
pro	801
region	801
island	801
record	801
direct	801
microsoft	801
conference	801
environment	801
records	801
st	801
district	801
calendar	801
costs	800
style	800
front	800
statement	800
update	800
parts	800
aug	800
ever	800
downloads	800
early	800
miles	800
sound	800
resource	800
present	800
applications	800
either	800
ago	799
document	799
word	799
works	799
material	799
bill	799
apr	799
written	799
talk	799
federal	799
hosting	799
rules	799
final	799
adult	799
tickets	799
thing	799
centre	799
requirements	799
via	799
cheap	799
kids	798
finance	798
true	798
minutes	798
else	798
mark	798
third	798
rock	798
gifts	798
europe	798
reading	798
topics	798
bad	798
individual	798
tips	798
plus	798
auto	798
cover	798
usually	798
edit	797
together	797
videos	797
percent	797
fast	797
function	797
fact	797
unit	797
getting	797
global	797
tech	797
meet	797
far	797
economic	797
en	797
player	797
projects	797
lyrics	797
often	797
subscribe	797
submit	797
germany	796
amount	796
watch	796
included	796
feel	796
though	796
bank	796
risk	796
thanks	796
everything	796
deals	796
various	796
words	796
linux	796
jul	796
production	796
commercial	796
james	796
weight	796
town	796
heart	796
advertising	796
received	795
choose	795
treatment	795
newsletter	795
archives	795
points	795
knowledge	795
magazine	795
error	795
camera	795
jun	795
girl	795
currently	795
construction	795
toys	795
registered	795
clear	795
golf	795
receive	795
domain	794
methods	794
chapter	794
makes	794
protection	794
policies	794
loan	794
wide	794
beauty	794
manager	794
india	794
position	794
taken	794
sort	794
listings	794
models	794
michael	794
known	794
half	794
cases	794
step	794
engineering	793
florida	793
simple	793
quick	793
none	793
wireless	793
license	793
paul	793
friday	793
lake	793
whole	793
annual	793
published	793
later	793
basic	793
sony	793
shows	793
corporate	793
google	793
church	793
method	793
purchase	793
customers	793
active	792
response	792
practice	792
hardware	792
figure	792
materials	792
fire	792
holiday	792
chat	792
enough	792
designed	792
along	792
among	792
death	792
writing	792
speed	792
countries	792
loss	792
face	792
brand	792
discount	792
higher	792
effects	792
created	792
remember	791
standards	791
oil	791
bit	791
yellow	791
political	791
increase	791
advertise	791
kingdom	791
base	791
near	791
environmental	791
thought	791
stuff	791
french	791
storage	791
oh	791
japan	791
doing	791
loans	791
shoes	791
entry	791
stay	791
nature	791
orders	791
availability	791
africa	791
summary	791
turn	790
mean	790
growth	790
notes	790
agency	790
king	790
monday	790
european	790
activity	790
copy	790
although	790
drug	790
pics	790
western	790
income	790
force	790
cash	790
employment	790
overall	790
bay	790
river	790
commission	790
package	789
contents	789
seen	789
players	789
engine	789
port	789
album	789
regional	789
stop	789
supplies	789
started	789
administration	789
bar	789
institute	789
views	789
plans	789
double	789
dog	789
build	789
screen	789
exchange	789
types	789
soon	789
sponsored	789
lines	789
electronic	788
continue	788
across	788
benefits	788
needed	788
season	788
apply	788
someone	788
held	788
ny	788
anything	788
printer	788
condition	788
effective	788
believe	788
organization	788
effect	788
asked	788
eur	788
mind	788
sunday	788
selection	788
lost	787
tour	787
menu	787
volume	787
cross	787
anyone	787
mortgage	787
hope	787
silver	787
corporation	787
wish	787
inside	787
solution	787
mature	787
role	787
rather	787
weeks	787
we'd	787
addition	787
came	787
supply	786
nothing	786
certain	786
usr	786
executive	786
running	786
lower	786
necessary	786
union	786
jewelry	786
according	786
dc	786
clothing	786
mon	786
particular	786
fine	786
names	786
robert	786
homepage	786
hour	786
gas	785
skills	785
six	785
bush	785
islands	785
advice	785
career	785
military	785
rental	785
decision	785
leave	785
british	785
teens	785
pre	785
huge	785
sat	785
woman	785
facilities	785
zip	785
bid	785
kind	785
sellers	785
middle	785
move	785
cable	785
opportunities	785
taking	785
values	784
division	784
coming	784
tuesday	784
object	784
lesbian	784
appropriate	784
machine	784
logo	784
length	784
actually	784
nice	784
score	784
statistics	784
client	784
ok	784
returns	784
capital	784
follow	784
sample	784
investment	784
sent	784
shown	784
saturday	784
christmas	784
england	784
culture	784
band	784
flash	784
ms	783
lead	783
george	783
choice	783
went	783
starting	783
registration	783
fri	783
thursday	783
courses	783
consumer	783
hi	783
airport	783
foreign	783
artist	783
outside	783
furniture	783
levels	783
channel	783
letter	783
mode	783
phones	783
ideas	783
wednesday	783
structure	783
fund	783
summer	783
allow	783
degree	783
contract	783
button	782
releases	782
wed	782
homes	782
super	782
male	782
matter	782
custom	782
virginia	782
almost	782
took	782
located	782
multiple	782
asian	782
distribution	782
editor	782
inn	782
industrial	782
cause	782
potential	782
song	782
cnet	782
ltd	782
los	782
hp	782
focus	782
late	782
fall	782
featured	782
idea	782
rooms	782
female	782
responsible	782
inc	781
communications	781
win	781
associated	781
thomas	781
primary	781
cancer	781
numbers	781
reason	781
tool	781
browser	781
spring	781
foundation	781
answer	781
voice	781
eg	781
friendly	781
schedule	781
documents	781
communication	781
purpose	781
feature	781
bed	781
comes	781
police	781
everyone	781
independent	781
ip	781
approach	781
cameras	781
brown	781
physical	781
operating	781
hill	781
maps	781
medicine	781
deal	781
hold	780
ratings	780
chicago	780
forms	780
glass	780
happy	780
tue	780
smith	780
wanted	780
developed	780
thank	780
safe	780
unique	780
survey	780
prior	780
telephone	780
sport	780
ready	780
feed	780
animal	780
sources	780
mexico	780
population	780
pa	780
regular	779
secure	779
navigation	779
operations	779
therefore	779
ass	779
simply	779
evidence	779
station	779
christian	779
round	779
paypal	779
favorite	779
understand	779
option	779
master	779
valley	779
recently	779
probably	779
thu	779
rentals	779
sea	779
built	779
publications	779
blood	779
cut	779
worldwide	779
improve	779
connection	779
publisher	779
hall	779
larger	779
anti	779
networks	779
earth	779
parents	779
nokia	779
impact	779
transfer	779
introduction	779
kitchen	779
strong	779
tel	778
carolina	778
wedding	778
properties	778
hospital	778
ground	778
overview	778
ship	778
accommodation	778
owners	778
disease	778
tx	778
excellent	778
paid	778
italy	778
perfect	778
hair	778
opportunity	778
kit	778
classic	778
basis	778
command	778
cities	778
william	778
express	778
anal	778
award	778
distance	778
tree	778
peter	777
assessment	777
ensure	777
thus	777
wall	777
ie	777
involved	777
el	777
extra	777
especially	777
interface	777
pussy	777
partners	777
budget	777
rated	777
guides	777
success	777
maximum	777
ma	777
operation	777
existing	777
quite	777
selected	777
boy	777
amazon	777
patients	777
restaurants	777
beautiful	777
warning	777
wine	777
locations	777
horse	777
vote	777
forward	777
flowers	777
stars	777
significant	777
lists	777
technologies	777
owner	776
retail	776
animals	776
useful	776
directly	776
manufacturer	776
ways	776
est	776
son	776
providing	776
rule	776
mac	776
housing	776
takes	776
iii	776
gmt	776
bring	776
catalog	776
searches	776
max	776
trying	776
mother	776
authority	776
considered	776
told	776
traffic	776
programme	776
joined	776
input	776
strategy	776
feet	776
agent	776
valid	776
bin	776
modern	776
senior	776
ireland	775
teaching	775
door	775
grand	775
testing	775
trial	775
charge	775
units	775
instead	775
canadian	775
cool	775
normal	775
wrote	775
enterprise	775
ships	775
entire	775
educational	775
md	775
leading	775
metal	775
positive	775
fl	775
fitness	775
chinese	775
opinion	775
mb	775
asia	775
football	775
abstract	775
uses	775
output	775
funds	775
mr	775
greater	775
likely	775
develop	775
employees	774
artists	774
alternative	774
processing	774
responsibility	774
resolution	774
java	774
guest	774
seems	774
publication	774
pass	774
relations	774
trust	774
van	774
contains	774
session	774
multi	774
photography	774
republic	774
fees	774
components	774
vacation	774
century	774
academic	774
assistance	774
completed	774
skin	774
graphics	774
indian	774
prev	774
ads	774
mary	774
il	774
expected	774
ring	774
grade	773
dating	773
pacific	773
mountain	773
organizations	773
pop	773
filter	773
mailing	773
vehicle	773
longer	773
consider	773
int	773
northern	773
behind	773
panel	773
floor	773
german	773
buying	773
match	773
proposed	773
default	773
require	773
iraq	773
boys	773
outdoor	773
deep	773
morning	773
otherwise	773
allows	773
rest	773
protein	773
plant	773
reported	773
hit	773
transportation	773
pool	772
mini	772
politics	772
partner	772
disclaimer	772
authors	772
boards	772
faculty	772
parties	772
fish	772
membership	772
mission	772
eye	772
string	772
sense	772
modified	772
pack	772
released	772
stage	772
internal	772
goods	772
recommended	772
born	772
unless	772
richard	772
detailed	772
japanese	772
race	772
approved	772
background	772
target	772
except	772
character	772
usb	772
maintenance	772
ability	772
maybe	772
functions	771
ed	771
moving	771
brands	771
places	771
pretty	771
trademarks	771
phentermine	771
spain	771
southern	771
yourself	771
etc	771
winter	771
rape	771
battery	771
youth	771
pressure	771
submitted	771
boston	771
incest	771
debt	771
keywords	771
medium	771
television	771
interested	771
core	771
break	771
purposes	771
throughout	771
sets	771
dance	771
wood	771
msn	771
itself	771
defined	771
papers	771
playing	771
awards	771
fee	771
studio	771
reader	771
virtual	771
device	771
established	771
answers	771
rent	771
las	771
remote	770
dark	770
programming	770
external	770
apple	770
le	770
regarding	770
instructions	770
min	770
offered	770
theory	770
enjoy	770
remove	770
aid	770
surface	770
minimum	770
sorry	770
visual	770
host	770
variety	770
teachers	770
isbn	770
martin	770
manual	770
block	770
subjects	770
agents	770
increased	770
repair	769
fair	769
civil	769
steel	769
understanding	769
songs	769
fixed	769
wrong	769
beginning	769
hands	769
associates	769
finally	769
az	769
updates	769
desktop	769
classes	769
paris	769
ohio	769
gets	769
sector	769
capacity	769
requires	769
jersey	769
un	769
fat	769
fully	769
father	769
electric	769
saw	769
instruments	769
quotes	769
officer	769
driver	769
businesses	769
dead	768
respect	768
unknown	768
specified	768
restaurant	768
mike	768
trip	768
pst	768
worth	768
mi	768
procedures	768
poor	768
teacher	768
eyes	768
relationship	768
workers	768
farm	768
fucking	768
georgia	768
peace	768
traditional	768
campus	768
tom	768
showing	768
creative	768
coast	768
benefit	768
progress	768
funding	768
devices	768
lord	768
grant	768
sub	768
agree	768
fiction	768
hear	768
sometimes	768
watches	768
careers	768
beyond	768
goes	767
families	767
led	767
museum	767
themselves	767
fan	767
transport	767
interesting	767
blogs	767
wife	767
evaluation	767
accepted	767
former	767
implementation	767
ten	767
hits	767
zone	767
complex	767
cat	767
galleries	767
references	767
die	767
presented	767
jack	767
flat	767
flow	767
agencies	767
literature	767
respective	767
parent	767
spanish	767
michigan	767
columbia	767
setting	767
dr	767
scale	767
stand	767
economy	766
highest	766
helpful	766
monthly	766
critical	766
frame	766
musical	766
definition	766
secretary	766
angeles	766
networking	766
path	766
australian	766
employee	766
chief	766
gives	766
kb	766
bottom	766
magazines	766
packages	766
detail	766
francisco	766
laws	766
changed	766
pet	766
heard	766
begin	766
individuals	766
colorado	766
royal	766
clean	766
switch	766
russian	766
largest	766
african	766
guy	766
titles	766
relevant	766
guidelines	766
justice	765
connect	765
bible	765
dev	765
cup	765
basket	765
applied	765
weekly	765
vol	765
installation	765
described	765
demand	765
suite	765
vegas	765
na	765
square	765
chris	765
attention	765
advance	765
skip	765
diet	765
army	765
auction	765
gear	765
lee	765
os	765
difference	765
allowed	765
correct	765
charles	765
nation	765
selling	765
lots	765
piece	765
sheet	765
firm	765
seven	765
older	765
illinois	765
regulations	765
elements	765
species	765
jump	764
cells	764
module	764
resort	764
facility	764
random	764
pricing	764
dvds	764
certificate	764
minister	764
motion	764
looks	764
fashion	764
directions	764
visitors	764
documentation	764
monitor	764
trading	764
forest	764
calls	764
whose	764
coverage	764
couple	764
giving	764
chance	764
vision	764
ball	764
ending	764
clients	764
actions	764
listen	764
discuss	764
accept	764
automotive	763
naked	763
goal	763
successful	763
sold	763
wind	763
communities	763
clinical	763
situation	763
sciences	763
markets	763
lowest	763
highly	763
publishing	763
appear	763
emergency	763
developing	763
lives	763
currency	763
leather	763
determine	763
milf	763
temperature	763
palm	763
announcements	763
patient	763
actual	763
historical	763
stone	763
bob	763
commerce	763
ringtones	763
perhaps	763
persons	763
difficult	763
scientific	763
satellite	763
fit	763
tests	763
village	763
accounts	763
amateur	763
ex	763
met	763
pain	763
xbox	762
particularly	762
factors	762
coffee	762
settings	762
cum	762
buyer	762
cultural	762
steve	762
easily	762
oral	762
ford	762
poster	762
edge	762
functional	762
root	762
au	762
fi	762
closed	762
holidays	762
ice	762
pink	762
zealand	762
balance	762
monitoring	762
graduate	762
replies	762
shot	762
nc	762
architecture	762
initial	762
label	762
thinking	762
scott	762
llc	762
sec	761
recommend	761
canon	761
hardcore	761
league	761
waste	761
minute	761
bus	761
provider	761
optional	761
dictionary	761
cold	761
accounting	761
manufacturing	761
sections	761
chair	761
fishing	761
effort	761
phase	761
fields	761
bag	761
fantasy	761
po	761
letters	761
motor	761
va	761
professor	761
context	761
install	761
shirt	761
apparel	761
generally	761
continued	761
foot	761
mass	761
crime	761
count	761
breast	761
techniques	761
ibm	760
rd	760
johnson	760
sc	760
quickly	760
dollars	760
websites	760
religion	760
claim	760
driving	760
permission	760
surgery	760
tomorrow	760
patch	760
heat	760
wild	760
measures	760
generation	760
kansas	760
miss	760
chemical	760
doctor	760
task	760
reduce	760
brought	760
himself	760
nor	760
component	760
enable	760
exercise	760
bug	760
santa	760
mid	760
guarantee	760
leader	760
diamond	760
israel	760
se	760
processes	760
soft	760
servers	759
alone	759
meetings	759
seconds	759
jones	759
arizona	759
keyword	759
interests	759
flight	759
congress	759
fuel	759
username	759
walk	759
fuck	759
produced	759
italian	759
paperback	759
classifieds	759
wait	759
supported	759
pocket	759
saint	759
rose	759
freedom	759
argument	759
competition	759
creating	759
jim	759
drugs	759
joint	759
premium	759
providers	759
fresh	759
characters	759
attorney	759
upgrade	759
di	759
factor	759
growing	759
thousands	759
km	759
stream	759
apartments	759
pick	759
hearing	759
eastern	759
auctions	759
therapy	758
entries	758
dates	758
generated	758
signed	758
upper	758
administrative	758
serious	758
prime	758
samsung	758
limit	758
began	758
louis	758
steps	758
errors	758
shops	758
bondage	758
del	758
efforts	758
informed	758
ga	758
thoughts	758
creek	758
ft	758
worked	758
quantity	758
urban	758
practices	758
sorted	758
reporting	758
essential	758
myself	758
tours	758
platform	758
load	758
affiliate	758
labor	758
immediately	758
admin	758
nursing	758
defense	758
machines	758
designated	758
tags	758
heavy	758
covered	758
recovery	758
joe	758
guys	758
integrated	758
configuration	758
cock	757
merchant	757
comprehensive	757
expert	757
universal	757
protect	757
drop	757
solid	757
cds	757
presentation	757
languages	757
became	757
orange	757
compliance	757
vehicles	757
prevent	757
theme	757
rich	757
I'm	757
campaign	757
marine	757
improvement	757
vs	757
guitar	757
finding	757
pennsylvania	757
examples	757
ipod	757
saying	757
spirit	757
claims	757
porno	757
challenge	757
motorola	757
acceptance	757
strategies	757
mo	757
seem	757
affairs	757
touch	757
intended	757
towards	757
sa	757
goals	757
hire	757
election	756
suggest	756
branch	756
charges	756
serve	756
affiliates	756
reasons	756
magic	756
mount	756
smart	756
talking	756
gave	756
ones	756
latin	756
multimedia	756
xp	756
tits	756
avoid	756
certified	756
manage	756
corner	756
rank	756
computing	756
oregon	756
element	756
birth	756
virus	756
abuse	756
interactive	756
requests	756
separate	756
quarter	756
procedure	756
leadership	756
tables	756
define	756
racing	756
religious	756
facts	756
breakfast	756
kong	756
column	756
plants	756
faith	756
chain	756
developer	755
identify	755
avenue	755
missing	755
died	755
approximately	755
domestic	755
sitemap	755
recommendations	755
moved	755
houston	755
reach	755
comparison	755
mental	755
viewed	755
moment	755
extended	755
sequence	755
inch	755
attack	755
centers	755
opening	755
damage	755
lab	755
reserve	755
recipes	755
cvs	755
gamma	755
plastic	755
produce	755
snow	755
placed	755
truth	755
counter	755
failure	755
follows	755
eu	755
weekend	755
dollar	755
camp	755
ontario	755
automatically	755
des	755
minnesota	755
films	755
bridge	755
native	755
fill	755
williams	755
movement	755
printing	755
baseball	754
owned	754
approval	754
draft	754
chart	754
played	754
contacts	754
jesus	754
readers	754
clubs	754
lcd	754
wa	754
jackson	754
equal	754
adventure	754
matching	754
offering	754
shirts	754
profit	754
leaders	754
posters	754
institutions	754
assistant	754
variable	754
ave	754
dj	754
advertisement	754
expect	754
parking	754
headlines	754
yesterday	754
compared	754
determined	754
wholesale	754
workshop	754
russia	754
gone	754
codes	754
kinds	754
extension	754
seattle	754
statements	754
golden	754
completely	754
teams	754
fort	754
wi	754
lighting	754
senate	754
forces	754
funny	754
brother	753
gene	753
turned	753
portable	753
tried	753
electrical	753
applicable	753
disc	753
returned	753
pattern	753
ct	753
hentai	753
boat	753
named	753
theatre	753
laser	753
earlier	753
manufacturers	753
sponsor	753
classical	753
icon	753
warranty	753
dedicated	753
indiana	753
direction	753
harry	753
basketball	753
objects	753
ends	753
delete	753
evening	753
assembly	753
nuclear	753
taxes	753
mouse	753
signal	753
criminal	753
issued	753
brain	753
sexual	753
wisconsin	753
powerful	753
dream	753
obtained	752
false	752
da	752
cast	752
flower	752
felt	752
personnel	752
passed	752
supplied	752
identified	752
falls	752
pic	752
soul	752
aids	752
opinions	752
promote	752
stated	752
stats	752
hawaii	752
professionals	752
appears	752
carry	752
flag	752
decided	752
nj	752
covers	752
hr	752
em	752
advantage	752
hello	752
designs	752
maintain	752
tourism	752
priority	752
newsletters	752
adults	752
clips	752
savings	752
iv	752
graphic	752
atom	752
payments	752
rw	752
estimated	751
binding	751
brief	751
ended	751
winning	751
eight	751
anonymous	751
iron	751
straight	751
script	751
served	751
wants	751
miscellaneous	751
prepared	751
void	751
dining	751
alert	751
integration	751
atlanta	751
dakota	751
tag	751
interview	751
mix	751
framework	751
disk	751
installed	751
queen	751
vhs	751
credits	751
clearly	751
fix	751
handle	751
sweet	751
desk	751
criteria	751
pubmed	751
dave	751
massachusetts	751
diego	751
hong	751
vice	751
associate	751
ne	751
truck	751
behavior	751
enlarge	751
ray	751
frequently	751
revenue	751
measure	751
changing	751
votes	751
du	751
duty	751
looked	750
discussions	750
bear	750
gain	750
festival	750
laboratory	750
ocean	750
flights	750
experts	750
signs	750
lack	750
depth	750
iowa	750
whatever	750
logged	750
laptop	750
vintage	750
train	750
exactly	750
dry	750
explore	750
maryland	750
spa	750
concept	750
nearly	750
eligible	750
checkout	750
reality	750
forgot	750
handling	750
origin	750
knew	750
gaming	750
feeds	750
billion	750
destination	750
scotland	750
faster	750
intelligence	750
dallas	750
bought	750
con	750
ups	750
nations	750
route	750
followed	750
specifications	750
broken	750
tripadvisor	750
frank	750
alaska	750
zoom	750
blow	750
battle	750
residential	750
anime	750
speak	750
decisions	750
industries	750
protocol	750
query	750
clip	750
partnership	749
editorial	749
expression	749
equity	749
provisions	749
speech	749
wire	749
principles	749
suggestions	749
rural	749
shared	749
sounds	749
replacement	749
tape	749
strategic	749
judge	749
spam	749
economics	749
acid	749
bytes	749
cent	749
forced	749
compatible	749
fight	749
apartment	749
height	749
null	749
zero	749
speaker	749
filed	749
netherlands	749
obtain	749
consulting	749
recreation	749
offices	749
designer	749
remain	749
managed	749
failed	749
marriage	749
roll	749
korea	749
banks	749
participants	749
secret	748
bath	748
kelly	748
leads	748
negative	748
austin	748
favorites	748
toronto	748
theater	748
springs	748
missouri	748
andrew	748
var	748
perform	748
healthy	748
translation	748
estimates	748
font	748
assets	748
injury	748
joseph	748
ministry	748
drivers	748
lawyer	748
figures	748
married	748
protected	748
proposal	748
sharing	748
philadelphia	748
portal	748
waiting	748
birthday	748
beta	748
fail	748
gratis	748
banking	748
officials	748
brian	748
toward	748
okay	748
tonight	748
won	748
slightly	748
assist	748
conduct	748
contained	748
lingerie	748
shemale	748
legislation	748
calling	748
parameters	748
jazz	748
serving	748
bags	748
profiles	748
miami	748
comics	748
matters	748
houses	748
doc	748
postal	748
relationships	747
tennessee	747
wear	747
controls	747
breaking	747
combined	747
ultimate	747
wales	747
representative	747
frequency	747
introduced	747
minor	747
finish	747
departments	747
residents	747
noted	747
displayed	747
mom	747
reduced	747
physics	747
rare	747
spent	747
performed	747
extreme	747
samples	747
davis	747
daniel	747
bars	747
reviewed	747
row	747
forecast	747
removed	747
helps	747
singles	747
administrator	747
cycle	747
amounts	747
contain	747
accuracy	747
dual	747
rise	747
usd	747
sleep	747
bird	747
pharmacy	747
brazil	747
creation	747
static	747
scene	747
hunter	747
addresses	747
lady	747
crystal	747
famous	747
writer	747
chairman	747
violence	747
fans	747
oklahoma	747
speakers	747
drink	747
academy	747
dynamic	747
gender	747
eat	747
permanent	747
agriculture	747
dell	747
cleaning	747
constitutes	746
portfolio	746
practical	746
delivered	746
collectibles	746
infrastructure	746
exclusive	746
seat	746
concerns	746
colour	746
vendor	746
originally	746
intel	746
utilities	746
philosophy	746
regulation	746
officers	746
reduction	746
aim	746
bids	746
referred	746
supports	746
nutrition	746
recording	746
regions	746
junior	746
toll	746
les	746
cape	746
ann	746
rings	746
meaning	746
tip	746
secondary	746
wonderful	746
mine	746
ladies	746
henry	746
ticket	746
announced	746
guess	746
agreed	746
prevention	746
whom	746
ski	746
soccer	746
math	746
import	746
posting	746
presence	746
instant	746
mentioned	746
automatic	746
healthcare	746
viewing	745
maintained	745
increasing	745
majority	745
connected	745
christ	745
dan	745
dogs	745
directors	745
aspects	745
austria	745
ahead	745
moon	745
participation	745
scheme	745
utility	745
preview	745
fly	745
manner	745
matrix	745
containing	745
combination	745
devel	745
amendment	745
despite	745
strength	745
guaranteed	745
turkey	745
libraries	745
proper	745
distributed	745
degrees	745
singapore	745
enterprises	745
delta	745
fear	745
seeking	745
inches	745
phoenix	745
convention	745
shares	745
principal	745
daughter	745
standing	745
voyeur	745
comfort	745
colors	745
wars	745
cisco	745
ordering	744
kept	744
alpha	744
appeal	744
cruise	744
bonus	744
certification	744
previously	744
hey	744
bookmark	744
buildings	744
specials	744
beat	744
disney	744
household	744
batteries	744
adobe	744
smoking	744
bbc	744
becomes	744
drives	744
arms	744
alabama	744
tea	744
improved	744
trees	744
avg	744
achieve	744
positions	744
dress	744
subscription	744
dealer	744
contemporary	744
sky	744
utah	744
nearby	744
rom	744
carried	743
happen	743
exposure	743
panasonic	743
hide	743
permalink	743
signature	743
gambling	743
refer	743
miller	743
provision	743
outdoors	743
clothes	743
caused	743
luxury	743
babes	743
frames	743
certainly	743
indeed	743
newspaper	743
toy	743
circuit	743
layer	743
printed	743
slow	743
removal	743
easier	743
liability	743
trademark	743
hip	743
printers	743
faqs	743
nine	743
adding	743
kentucky	743
mostly	743
eric	743
spot	743
taylor	743
trackback	743
prints	743
spend	743
factory	743
interior	743
revised	743
grow	743
americans	743
optical	743
promotion	743
relative	743
amazing	743
clock	743
dot	742
hiv	742
identity	742
suites	742
conversion	742
feeling	742
hidden	742
reasonable	742
victoria	742
serial	742
relief	742
revision	742
broadband	742
influence	742
ratio	742
pda	742
importance	742
rain	742
onto	742
dsl	742
planet	742
webmaster	742
copies	742
recipe	742
zum	742
permit	742
seeing	742
proof	742
dna	742
diff	742
tennis	742
bass	742
prescription	742
bedroom	742
empty	742
instance	742
hole	742
pets	742
ride	742
licensed	742
orlando	742
specifically	742
tim	742
bureau	742
maine	742
sql	742
represent	742
conservation	742
pair	742
ideal	742
specs	742
recorded	742
don	742
pieces	741
finished	741
parks	741
dinner	741
lawyers	741
sydney	741
stress	741
cream	741
runs	741
trends	741
yeah	741
discover	741
sexo	741
patterns	741
boxes	741
louisiana	741
hills	741
javascript	741
fourth	741
advisor	741
marketplace	741
evil	741
aware	741
wilson	741
shape	741
evolution	741
irish	741
certificates	741
objectives	741
stations	741
suggested	741
gps	741
remains	741
acc	741
greatest	741
firms	741
concerned	741
euro	741
operator	741
structures	741
generic	741
encyclopedia	741
usage	741
cap	741
ink	741
charts	741
continuing	741
mixed	740
census	740
interracial	740
peak	740
competitive	740
exist	740
wheel	740
transit	740
dick	740
suppliers	740
salt	740
compact	740
poetry	740
lights	740
tracking	740
angel	740
bell	740
keeping	740
preparation	740
attempt	740
receiving	740
matches	740
accordance	740
width	740
noise	740
engines	740
forget	740
array	740
discussed	740
accurate	740
stephen	740
elizabeth	740
climate	740
reservations	740
pin	740
playstation	740
alcohol	740
greek	740
instruction	740
managing	740
annotation	740
sister	740
raw	740
differences	740
walking	740
explain	740
smaller	740
newest	740
establish	740
gnu	740
happened	740
expressed	740
jeff	740
extent	740
sharp	740
lesbians	740
ben	740
lane	740
paragraph	740
kill	740
mathematics	739
aol	739
compensation	739
export	739
managers	739
aircraft	739
modules	739
sweden	739
conflict	739
conducted	739
versions	739
employer	739
occur	739
percentage	739
knows	739
mississippi	739
describe	739
concern	739
backup	739
requested	739
citizens	739
connecticut	739
heritage	739
personals	739
immediate	739
holding	739
trouble	739
spread	739
coach	739
kevin	739
agricultural	739
expand	739
supporting	739
audience	739
assigned	739
jordan	739
collections	739
ages	739
participate	739
plug	739
specialist	739
cook	739
affect	739
virgin	739
experienced	739
investigation	739
raised	739
hat	739
institution	739
directed	739
dealers	739
searching	739
sporting	739
helping	739
perl	739
affected	739
lib	739
bike	739
totally	739
plate	739
expenses	738
indicate	738
blonde	738
proceedings	738
favourite	738
transmission	738
anderson	738
utc	738
characteristics	738
der	738
lose	738
organic	738
seek	738
experiences	738
albums	738
cheats	738
extremely	738
verzeichnis	738
contracts	738
guests	738
hosted	738
diseases	738
concerning	738
developers	738
equivalent	738
chemistry	738
tony	738
neighborhood	738
nevada	738
kits	738
thailand	738
variables	738
agenda	738
anyway	738
continues	738
tracks	738
advisory	738
cam	738
curriculum	738
logic	738
template	738
prince	738
circle	738
soil	738
grants	738
anywhere	738
psychology	738
responses	738
atlantic	738
wet	738
circumstances	738
edward	738
investor	738
identification	738
ram	738
leaving	738
wildlife	738
appliances	738
matt	738
elementary	738
cooking	738
speaking	738
sponsors	738
fox	738
unlimited	738
respond	738
sizes	738
plain	738
exit	738
entered	738
iran	738
arm	738
keys	738
launch	738
wave	737
checking	737
costa	737
belgium	737
printable	737
holy	737
acts	737
guidance	737
mesh	737
trail	737
enforcement	737
symbol	737
crafts	737
highway	737
buddy	737
hardcover	737
observed	737
dean	737
setup	737
poll	737
booking	737
glossary	737
fiscal	737
celebrity	737
styles	737
denver	737
unix	737
filled	737
bond	737
channels	737
ericsson	737
appendix	737
notify	737
blues	737
chocolate	737
pub	737
portion	737
scope	737
hampshire	737
supplier	737
cables	737
cotton	737
bluetooth	737
controlled	737
requirement	737
authorities	737
biology	737
dental	737
killed	737
border	737
ancient	737
debate	737
representatives	737
starts	736
pregnancy	736
causes	736
arkansas	736
biography	736
leisure	736
attractions	736
learned	736
transactions	736
notebook	736
explorer	736
historic	736
attached	736
opened	736
husband	736
disabled	736
authorized	736
crazy	736
upcoming	736
britain	736
concert	736
retirement	736
scores	736
financing	736
efficiency	736
comedy	736
adopted	736
efficient	736
weblog	736
linear	736
commitment	736
specialty	736
bears	736
jean	736
hop	736
carrier	736
edited	736
constant	736
visa	736
mouth	736
jewish	736
meter	736
linked	736
portland	736
interviews	736
concepts	736
gun	736
reflect	736
pure	736
deliver	736
wonder	736
hell	736
lessons	736
fruit	736
begins	736
qualified	736
reform	736
lens	736
alerts	736
treated	736
discovery	736
draw	736
mysql	736
classified	736
relating	736
assume	736
confidence	736
alliance	736
confirm	736
warm	735
neither	735
lewis	735
howard	735
offline	735
leaves	735
engineer	735
lifestyle	735
consistent	735
replace	735
clearance	735
connections	735
inventory	735
converter	735
suck	735
organisation	735
babe	735
checks	735
reached	735
becoming	735
blowjob	735
safari	735
objective	735
indicated	735
sugar	735
crew	735
legs	735
sam	735
stick	735
securities	735
allen	735
pdt	735
relation	735
enabled	735
genre	735
slide	735
montana	735
volunteer	735
tested	735
rear	735
democratic	735
enhance	735
switzerland	735
exact	735
bound	735
parameter	735
adapter	735
processor	735
node	735
formal	735
dimensions	735
contribute	735
lock	735
hockey	735
storm	735
micro	735
colleges	735
laptops	735
mile	735
showed	735
challenges	735
editors	735
mens	735
threads	734
bowl	734
supreme	734
brothers	734
recognition	734
presents	734
ref	734
tank	734
submission	734
dolls	734
estimate	734
encourage	734
navy	734
kid	734
regulatory	734
inspection	734
consumers	734
cancel	734
limits	734
territory	734
transaction	734
manchester	734
weapons	734
paint	734
delay	734
pilot	734
outlet	734
contributions	734
continuous	734
czech	734
resulting	734
cambridge	734
initiative	734
novel	734
pan	734
execution	734
disability	734
increases	734
ultra	734
winner	734
idaho	734
contractor	734
episode	734
examination	734
potter	734
dish	734
plays	734
bulletin	734
indicates	734
modify	734
oxford	734
adam	734
truly	734
epinions	734
painting	734
committed	734
extensive	734
affordable	734
universe	734
candidate	734
databases	733
patent	733
slot	733
psp	733
outstanding	733
eating	733
perspective	733
planned	733
watching	733
lodge	733
messenger	733
mirror	733
tournament	733
consideration	733
discounts	733
sterling	733
sessions	733
kernel	733
boobs	733
stocks	733
buyers	733
journals	733
gray	733
catalogue	733
jennifer	733
antonio	733
charged	733
broad	733
taiwan	733
und	733
chosen	733
demo	733
greece	733
swiss	733
sarah	733
clark	733
labour	733
hate	733
terminal	733
publishers	733
nights	733
behalf	733
caribbean	733
liquid	733
rice	733
nebraska	733
loop	733
salary	733
reservation	733
foods	733
gourmet	733
guard	733
properly	733
orleans	732
saving	732
nfl	732
remaining	732
empire	732
resume	732
twenty	732
newly	732
raise	732
prepare	732
avatar	732
gary	732
depending	732
illegal	732
expansion	732
vary	732
hundreds	732
rome	732
arab	732
lincoln	732
helped	732
premier	732
purchased	732
milk	732
decide	732
consent	732
drama	732
visiting	732
performing	732
downtown	732
keyboard	732
contest	732
collected	732
bands	732
boot	732
suitable	732
absolutely	732
millions	732
lunch	732
dildo	732
audit	732
push	732
chamber	732
guinea	732
findings	732
muscle	732
featuring	732
implement	732
clicking	732
scheduled	732
polls	732
typical	732
tower	732
yours	732
sum	732
misc	732
calculator	732
significantly	732
chicken	732
temporary	731
attend	731
shower	731
alan	731
sending	731
jason	731
dear	731
sufficient	731
holdem	731
shell	731
province	731
catholic	731
oak	731
vat	731
awareness	731
vancouver	731
governor	731
beer	731
seemed	731
contribution	731
measurement	731
swimming	731
spyware	731
formula	731
constitution	731
packaging	731
solar	731
jose	731
catch	731
jane	731
pakistan	731
reliable	731
consultation	731
northwest	731
sir	731
doubt	731
earn	731
finder	731
unable	731
periods	731
classroom	731
tasks	731
democracy	731
attacks	731
kim	731
wallpaper	731
merchandise	731
const	731
resistance	731
doors	731
symptoms	731
resorts	731
biggest	731
memorial	730
visitor	730
twin	730
forth	730
insert	730
baltimore	730
gateway	730
don't	730
alumni	730
drawing	730
candidates	730
charlotte	730
ordered	730
biological	730
fighting	730
transition	730
happens	730
preferences	730
spy	730
romance	730
instrument	730
bruce	730
split	730
themes	730
powers	730
heaven	730
bits	730
pregnant	730
twice	730
classification	730
focused	730
egypt	730
physician	730
hollywood	730
bargain	730
wikipedia	730
cellular	730
norway	730
vermont	730
asking	730
blocks	730
normally	730
spiritual	730
hunting	730
diabetes	730
suit	730
shift	730
chip	730
res	730
sit	730
bodies	730
photographs	730
cutting	730
wow	730
simon	730
writers	730
marks	730
flexible	730
loved	729
favourites	729
mapping	729
numerous	729
relatively	729
birds	729
satisfaction	729
represents	729
char	729
indexed	729
pittsburgh	729
superior	729
preferred	729
saved	729
paying	729
cartoon	729
shots	729
intellectual	729
moore	729
granted	729
choices	729
carbon	729
spending	729
comfortable	729
magnetic	729
interaction	729
listening	729
effectively	729
registry	729
crisis	729
outlook	729
massive	729
denmark	729
employed	729
bright	729
treat	729
header	729
poverty	729
formed	729
piano	729
echo	729
que	729
grid	729
sheets	729
patrick	729
experimental	729
puerto	729
revolution	729
consolidation	729
displays	729
plasma	729
allowing	729
earnings	729
voip	729
mystery	729
landscape	728
dependent	728
mechanical	728
journey	728
delaware	728
bidding	728
consultants	728
risks	728
banner	728
applicant	728
charter	728
fig	728
barbara	728
cooperation	728
counties	728
acquisition	728
ports	728
implemented	728
directories	728
recognized	728
dreams	728
blogger	728
notification	728
licensing	728
stands	728
teach	728
occurred	728
textbooks	728
rapid	728
pull	728
hairy	728
diversity	728
cleveland	728
reverse	728
deposit	728
seminar	728
investments	728
latina	728
nasa	728
wheels	728
sexcam	728
specify	728
accessibility	728
dutch	728
sensitive	728
templates	728
formats	728
tab	728
depends	728
boots	728
holds	728
router	728
concrete	728
editing	728
poland	728
folder	728
womens	728
css	728
completion	728
upload	728
pulse	728
universities	728
technique	727
contractors	727
milfhunter	727
voting	727
courts	727
notices	727
subscriptions	727
calculate	727
detroit	727
alexander	727
broadcast	727
converted	727
metro	727
toshiba	727
anniversary	727
improvements	727
strip	727
specification	727
pearl	727
accident	727
nick	727
accessible	727
accessory	727
resident	727
plot	727
qty	727
possibly	727
airline	727
typically	727
representation	727
regard	727
pump	727
exists	727
arrangements	727
smooth	727
conferences	727
uniprotkb	727
beastiality	727
strike	727
consumption	727
birmingham	727
flashing	727
narrow	727
afternoon	727
threat	727
surveys	727
sitting	727
putting	727
consultant	727
controller	727
ownership	727
committees	727
penis	727
legislative	727
researchers	727
vietnam	727
trailer	727
anne	727
castle	727
gardens	727
missed	727
malaysia	727
unsubscribe	727
antique	727
labels	727
willing	727
bio	727
molecular	727
upskirt	727
acting	726
heads	726
stored	726
exam	726
logos	726
residence	726
attorneys	726
milfs	726
antiques	726
density	726
hundred	726
ryan	726
operators	726
strange	726
sustainable	726
philippines	726
statistical	726
beds	726
breasts	726
mention	726
innovation	726
pcs	726
employers	726
grey	726
parallel	726
honda	726
amended	726
operate	726
bills	726
bold	726
bathroom	726
stable	726
opera	726
definitions	726
von	726
doctors	726
lesson	726
cinema	726
asset	726
scan	726
elections	726
drinking	726
blowjobs	726
reaction	726
blank	726
enhanced	726
entitled	726
severe	726
generate	726
stainless	726
newspapers	726
hospitals	726
deluxe	726
humor	726
aged	726
monitors	726
exception	726
lived	726
duration	726
bulk	726
successfully	726
indonesia	726
pursuant	726
sci	726
fabric	726
edt	725
visits	725
primarily	725
tight	725
domains	725
capabilities	725
pmid	725
contrast	725
recommendation	725
flying	725
recruitment	725
sin	725
berlin	725
cute	725
organized	725
para	725
siemens	725
adoption	725
improving	725
expensive	725
meant	725
capture	725
pounds	725
buffalo	725
organisations	725
plane	725
explained	725
seed	725
programmes	725
desire	725
expertise	725
mechanism	725
camping	725
jewellery	725
meets	725
I'll	725
welfare	725
peer	725
caught	725
eventually	725
marked	725
driven	725
measured	725
medline	725
bottle	725
agreements	725
considering	725
innovative	725
marshall	725
massage	725
rubber	725
conclusion	725
closing	725
tampa	725
thousand	725
meat	725
legend	725
grace	725
susan	725
ing	725
adams	725
python	725
monster	725
alex	725
bang	725
villa	725
bone	725
columns	724
disorders	724
bugs	724
collaboration	724
hamilton	724
detection	724
ftp	724
cookies	724
inner	724
formation	724
tutorial	724
med	724
engineers	724
entity	724
cruises	724
gate	724
holder	724
proposals	724
moderator	724
tutorials	724
settlement	724
portugal	724
let's	724
lawrence	724
roman	724
duties	724
valuable	724
erotic	724
tone	724
collectables	724
ethics	724
forever	724
dragon	724
busy	724
captain	724
fantastic	724
imagine	724
brings	724
heating	724
leg	724
neck	724
wing	724
governments	724
purchasing	724
scripts	724
abc	724
stereo	724
appointed	724
taste	724
dealing	724
commit	724
tiny	724
operational	724
rail	724
airlines	724
liberal	724
livecam	724
jay	724
trips	724
gap	724
sides	724
tube	724
turns	724
corresponding	724
descriptions	724
cache	724
belt	724
jacket	724
determination	724
animation	724
oracle	724
matthew	724
lease	724
productions	723
aviation	723
hobbies	723
proud	723
excess	723
disaster	723
console	723
commands	723
telecommunications	723
instructor	723
giant	723
achieved	723
injuries	723
shipped	723
bestiality	723
seats	723
approaches	723
biz	723
alarm	723
voltage	723
anthony	723
nintendo	723
usual	723
loading	723
stamps	723
appeared	723
franklin	723
angle	723
rob	723
vinyl	723
highlights	723
mining	723
designers	723
melbourne	723
ongoing	723
worst	723
imaging	723
betting	723
scientists	723
liberty	723
wyoming	723
blackjack	723
argentina	723
era	723
convert	723
possibility	723
analyst	723
commissioner	723
dangerous	723
garage	723
exciting	723
reliability	723
thongs	723
gcc	723
unfortunately	723
respectively	723
volunteers	723
attachment	723
ringtone	723
finland	723
morgan	723
derived	723
pleasure	723
honor	722
oriented	722
eagle	722
desktops	722
pants	722
columbus	722
nurse	722
prayer	722
appointment	722
workshops	722
hurricane	722
quiet	722
luck	722
postage	722
producer	722
represented	722
mortgages	722
dial	722
responsibilities	722
cheese	722
comic	722
carefully	722
jet	722
productivity	722
investors	722
crown	722
par	722
underground	722
diagnosis	722
maker	722
crack	722
principle	722
picks	722
vacations	722
gang	722
semester	722
calculated	722
cumshot	722
fetish	722
applies	722
casinos	722
appearance	722
smoke	722
apache	722
filters	722
incorporated	722
craft	722
cake	722
notebooks	722
apart	722
fellow	722
blind	722
lounge	722
mad	722
algorithm	722
semi	722
coins	722
andy	722
gross	722
strongly	722
cafe	722
valentine	722
hilton	722
ken	722
proteins	721
horror	721
exp	721
familiar	721
capable	721
douglas	721
debian	721
till	721
involving	721
pen	721
investing	721
christopher	721
admission	721
epson	721
shoe	721
elected	721
carrying	721
victory	721
sand	721
madison	721
terrorism	721
joy	721
editions	721
cpu	721
mainly	721
ethnic	721
ran	721
parliament	721
actor	721
finds	721
seal	721
situations	721
fifth	721
allocated	721
citizen	721
vertical	721
corrections	721
structural	721
municipal	721
describes	721
prize	721
occurs	721
jon	721
absolute	721
disabilities	721
consists	721
anytime	721
substance	721
prohibited	721
addressed	721
lies	721
pipe	721
soldiers	721
guardian	721
lecture	721
simulation	721
layout	721
initiatives	721
ill	721
concentration	721
classics	721
lbs	721
lay	721
interpretation	721
horses	721
lol	721
dirty	721
deck	721
wayne	721
donate	721
taught	721
bankruptcy	721
worker	721
optimization	721
alive	721
temple	721
substances	721
prove	721
discovered	721
wings	721
breaks	721
genetic	721
restrictions	721
participating	720
waters	720
promise	720
thin	720
exhibition	720
prefer	720
ridge	720
cabinet	720
modem	720
harris	720
mph	720
bringing	720
sick	720
dose	720
evaluate	720
tiffany	720
tropical	720
collect	720
bet	720
composition	720
toyota	720
streets	720
nationwide	720
vector	720
definitely	720
shaved	720
turning	720
buffer	720
purple	720
existence	720
commentary	720
larry	720
limousines	720
developments	720
def	720
immigration	720
destinations	720
lets	720
mutual	720
pipeline	720
necessarily	720
syntax	720
attribute	720
prison	720
skill	720
chairs	720
everyday	720
apparently	720
surrounding	720
mountains	720
moves	720
popularity	720
inquiry	720
ethernet	720
checked	720
exhibit	720
throw	720
trend	720
sierra	720
visible	720
cats	720
desert	720
postposted	720
oldest	720
rhode	720
nba	720
busty	720
coordinator	720
obviously	720
mercury	720
steven	720
handbook	720
greg	720
navigate	720
worse	720
summit	720
victims	720
epa	719
spaces	719
fundamental	719
burning	719
escape	719
coupons	719
somewhat	719
receiver	719
substantial	719
progressive	719
cialis	719
boats	719
glance	719
scottish	719
championship	719
arcade	719
richmond	719
sacramento	719
impossible	719
ron	719
russell	719
tells	719
obvious	719
fiber	719
depression	719
graph	719
covering	719
platinum	719
judgment	719
bedrooms	719
talks	719
filing	719
foster	719
modeling	719
passing	719
awarded	719
testimonials	719
trials	719
tissue	719
memorabilia	719
clinton	719
masters	719
bonds	719
cartridge	719
alberta	719
explanation	719
folk	719
commons	719
cincinnati	719
subsection	719
fraud	719
electricity	719
permitted	719
spectrum	719
arrival	719
pottery	719
emphasis	719
roger	719
aspect	719
workplace	719
awesome	719
mexican	719
confirmed	719
counts	719
priced	719
wallpapers	718
hist	718
crash	718
lift	718
desired	718
inter	718
closer	718
assumes	718
heights	718
shadow	718
riding	718
infection	718
firefox	718
lisa	718
expense	718
grove	718
eligibility	718
venture	718
clinic	718
korean	718
healing	718
princess	718
mall	718
entering	718
packet	718
spray	718
studios	718
involvement	718
dad	718
buttons	718
placement	718
observations	718
vbulletin	718
funded	718
thompson	718
winners	718
extend	718
roads	718
subsequent	718
pat	718
dublin	718
rolling	718
fell	718
motorcycle	718
yard	718
disclosure	718
establishment	718
memories	718
nelson	718
arrived	718
creates	718
faces	718
tourist	718
cocks	718
mayor	718
murder	718
sean	718
adequate	718
senator	718
yield	718
presentations	718
grades	718
cartoons	718
pour	718
digest	718
reg	718
lodging	718
tion	718
dust	718
hence	718
wiki	718
entirely	718
replaced	718
radar	718
rescue	718
undergraduate	718
losses	718
combat	718
reducing	718
stopped	717
occupation	717
lakes	717
butt	717
donations	717
associations	717
citysearch	717
closely	717
radiation	717
diary	717
seriously	717
kings	717
shooting	717
kent	717
adds	717
nsw	717
ear	717
flags	717
pci	717
baker	717
launched	717
elsewhere	717
pollution	717
conservative	717
guestbook	717
shock	717
effectiveness	717
walls	717
abroad	717
ebony	717
tie	717
ward	717
drawn	717
arthur	717
ian	717
visited	717
roof	717
walker	717
demonstrate	717
atmosphere	717
suggests	717
kiss	717
beast	717
operated	717
experiment	717
targets	717
overseas	717
purchases	717
dodge	717
counsel	717
federation	717
pizza	717
invited	717
yards	717
assignment	717
chemicals	717
gordon	717
mod	717
farmers	717
queries	717
bmw	717
rush	717
ukraine	717
absence	717
nearest	717
cluster	717
vendors	717
mpeg	717
whereas	717
yoga	717
serves	717
woods	717
surprise	717
lamp	717
rico	717
partial	717
shoppers	717
phil	717
everybody	717
couples	717
nashville	717
ranking	717
jokes	717
cst	716
ceo	716
simpson	716
twiki	716
sublime	716
counseling	716
palace	716
acceptable	716
satisfied	716
glad	716
wins	716
measurements	716
verify	716
globe	716
trusted	716
copper	716
milwaukee	716
rack	716
medication	716
warehouse	716
shareware	716
rep	716
dicke	716
kerry	716
receipt	716
supposed	716
ordinary	716
nobody	716
ghost	716
violation	716
configure	716
stability	716
mit	716
applying	716
southwest	716
boss	716
pride	716
institutional	716
expectations	716
independence	716
knowing	716
reporter	716
metabolism	716
keith	716
champion	716
cloudy	716
linda	716
ross	716
personally	716
chile	716
anna	716
plenty	716
solo	716
sentence	716
throat	716
ignore	716
maria	716
uniform	716
excellence	716
wealth	716
tall	716
somewhere	716
vacuum	716
dancing	716
attributes	716
recognize	716
brass	716
writes	715
plaza	715
pdas	715
outcomes	715
survival	715
quest	715
publish	715
sri	715
screening	715
toe	715
thumbnail	715
trans	715
jonathan	715
whenever	715
nova	715
lifetime	715
api	715
pioneer	715
booty	715
forgotten	715
acrobat	715
plates	715
acres	715
venue	715
athletic	715
thermal	715
essays	715
behaviour	715
vital	715
telling	715
fairly	715
coastal	715
config	715
charity	715
intelligent	715
edinburgh	715
excel	715
modes	715
obligation	715
campbell	715
wake	715
stupid	715
harbor	715
hungary	715
traveler	715
urw	715
segment	715
realize	715
regardless	715
lan	715
enemy	715
puzzle	715
rising	715
aluminum	715
wells	715
wishlist	715
opens	715
insight	715
sms	715
shit	715
restricted	715
republican	715
secrets	715
lucky	715
latter	715
merchants	715
thick	715
trailers	715
repeat	715
syndrome	715
philips	715
attendance	715
penalty	715
drum	715
glasses	715
enables	715
nec	715
iraqi	715
builder	715
vista	715
jessica	715
chips	715
terry	715
flood	715
foto	715
ease	715
arguments	715
amsterdam	715
orgy	715
arena	715
adventures	715
pupils	714
stewart	714
announcement	714
tabs	714
outcome	714
appreciate	714
expanded	714
casual	714
grown	714
polish	714
lovely	714
extras	714
centres	714
jerry	714
clause	714
smile	714
lands	714
troops	714
indoor	714
bulgaria	714
armed	714
broker	714
charger	714
regularly	714
believed	714
pine	714
cooling	714
tend	714
gulf	714
rick	714
trucks	714
mechanisms	714
divorce	714
laura	714
shopper	714
tokyo	714
partly	714
nikon	714
customize	714
tradition	714
candy	714
pills	714
tiger	714
donald	714
folks	714
sensor	714
exposed	714
telecom	714
hunt	714
angels	714
deputy	714
indicators	714
sealed	714
thai	714
emissions	714
physicians	714
loaded	714
fred	714
complaint	714
scenes	714
experiments	714
balls	714
afghanistan	714
boost	714
spanking	714
scholarship	714
governance	714
mill	714
founded	714
supplements	714
chronic	714
icons	714
tranny	713
moral	713
den	713
catering	713
aud	713
finger	713
keeps	713
pound	713
locate	713
camcorder	713
trained	713
burn	713
that'll	713
that's	713
implementing	713
roses	713
labs	713
ourselves	713
bread	713
tobacco	713
wooden	713
motors	713
tough	713
roberts	713
incident	713
gonna	713
dynamics	713
lie	713
crm	713
conversation	713
decrease	713
cumshots	713
chest	713
pension	713
billy	713
revenues	713
emerging	713
worship	713
bukkake	713
capability	713
craig	713
herself	713
producing	713
churches	713
precision	713
damages	713
reserves	713
contributed	713
solve	713
shorts	713
reproduction	713
minority	713
diverse	713
ingredients	713
johnny	713
sole	713
franchise	713
recorder	713
complaints	713
facing	713
nancy	713
promotions	713
tones	713
passion	713
rehabilitation	713
maintaining	713
sight	713
laid	713
clay	713
defence	713
patches	713
weak	713
refund	713
usc	713
towns	713
environments	712
trembl	712
divided	712
blvd	712
reception	712
amd	712
wise	712
emails	712
cyprus	712
odds	712
correctly	712
insider	712
seminars	712
consequences	712
makers	712
hearts	712
geography	712
appearing	712
integrity	712
worry	712
discrimination	712
eve	712
carter	712
legacy	712
marc	712
pleased	712
danger	712
vitamin	712
widely	712
processed	712
phrase	712
genuine	712
raising	712
implications	712
functionality	712
paradise	712
hybrid	712
reads	712
roles	712
intermediate	712
emotional	712
sons	712
leaf	712
pad	712
glory	712
platforms	712
bigger	712
billing	712
diesel	712
versus	712
combine	712
overnight	712
geographic	712
exceed	712
rod	712
saudi	712
fault	712
cuba	712
hrs	712
preliminary	712
districts	712
introduce	712
silk	712
promotional	712
kate	712
chevrolet	712
babies	712
karen	712
compiled	712
romantic	712
revealed	712
specialists	712
generator	712
albert	712
examine	711
jimmy	711
graham	711
suspension	711
bristol	711
margaret	711
compaq	711
sad	711
correction	711
wolf	711
slowly	711
authentication	711
communicate	711
rugby	711
supplement	711
showtimes	711
cal	711
portions	711
infant	711
promoting	711
sectors	711
samuel	711
fluid	711
grounds	711
fits	711
kick	711
regards	711
meal	711
hurt	711
machinery	711
bandwidth	711
unlike	711
equation	711
baskets	711
probability	711
pot	711
dimension	711
wright	711
barry	711
proven	711
schedules	711
admissions	711
cached	711
warren	711
slip	711
studied	711
reviewer	711
involves	711
quarterly	711
rpm	711
profits	711
devil	711
grass	711
comply	711
marie	711
florist	711
illustrated	711
cherry	711
continental	711
alternate	711
deutsch	711
achievement	711
limitations	711
kenya	711
webcam	711
cuts	711
funeral	711
nutten	711
earrings	711
enjoyed	711
automated	711
chapters	711
pee	711
charlie	711
quebec	711
nipples	711
passenger	711
convenient	711
dennis	711
mars	711
francis	711
tvs	711
sized	711
manga	711
noticed	711
socket	711
silent	711
literary	711
egg	711
mhz	711
signals	711
caps	711
orientation	711
pill	711
theft	711
childhood	711
swing	710
symbols	710
lat	710
meta	710
humans	710
analog	710
facial	710
choosing	710
talent	710
dated	710
flexibility	710
seeker	710
wisdom	710
shoot	710
boundary	710
mint	710
packard	710
offset	710
payday	710
philip	710
elite	710
spin	710
holders	710
believes	710
swedish	710
poems	710
deadline	710
jurisdiction	710
robot	710
displaying	710
witness	710
collins	710
equipped	710
stages	710
encouraged	710
sur	710
winds	710
powder	710
broadway	710
acquired	710
assess	710
wash	710
cartridges	710
stones	710
entrance	710
gnome	710
roots	710
declaration	710
losing	710
attempts	710
gadgets	710
noble	710
glasgow	710
automation	710
impacts	710
rev	710
gospel	710
advantages	710
shore	710
loves	710
induced	710
knight	710
preparing	710
loose	710
aims	710
recipient	710
linking	710
extensions	710
appeals	710
earned	710
illness	710
islamic	710
athletics	710
southeast	710
ieee	710
alternatives	710
pending	710
parker	710
determining	710
lebanon	710
corp	710
personalized	710
kennedy	710
conditioning	710
teenage	710
soap	710
triple	710
cooper	710
nyc	710
vincent	710
jam	710
secured	710
unusual	710
answered	710
partnerships	710
destruction	710
slots	710
increasingly	709
migration	709
disorder	709
routine	709
toolbar	709
basically	709
rocks	709
conventional	709
titans	709
applicants	709
wearing	709
axis	709
sought	709
genes	709
mounted	709
habitat	709
firewall	709
median	709
guns	709
scanner	709
herein	709
occupational	709
animated	709
horny	709
judicial	709
rio	709
I've	709
adjustment	709
hero	709
integer	709
treatments	709
bachelor	709
attitude	709
camcorders	709
engaged	709
falling	709
basics	709
montreal	709
carpet	709
struct	709
lenses	709
binary	709
genetics	709
attended	709
difficulty	709
punk	709
collective	709
coalition	709
dropped	709
enrollment	709
duke	709
walter	709
pace	709
besides	709
wage	709
producers	709
collector	709
arc	709
hosts	709
interfaces	709
advertisers	709
moments	709
atlas	709
strings	709
dawn	709
representing	709
observation	709
feels	709
torture	709
carl	709
deleted	709
coat	709
mitchell	709
mrs	709
rica	709
restoration	709
convenience	709
returning	709
ralph	709
opposition	709
container	709
defendant	709
warner	709
confirmation	708
app	708
embedded	708
inkjet	708
supervisor	708
wizard	708
corps	708
actors	708
liver	708
peripherals	708
liable	708
brochure	708
morris	708
bestsellers	708
petition	708
eminem	708
recall	708
antenna	708
picked	708
assumed	708
departure	708
minneapolis	708
belief	708
killing	708
bikini	708
memphis	708
shoulder	708
decor	708
lookup	708
texts	708
harvard	708
brokers	708
roy	708
ion	708
diameter	708
ottawa	708
doll	708
podcast	708
tit	708
seasons	708
peru	708
interactions	708
refine	708
bidder	708
singer	708
evans	708
herald	708
literacy	708
fails	708
aging	708
nike	708
intervention	708
pissing	708
fed	708
plugin	708
attraction	708
diving	708
invite	708
modification	708
alice	708
latinas	708
you'd	708
you'll	708
you're	708
you've	708
suppose	708
customized	708
reed	708
involve	708
moderate	708
terror	708
younger	708
thirty	708
mice	708
opposite	708
understood	708
rapidly	708
dealtime	708
ban	708
temp	708
intro	708
mercedes	708
zus	708
assurance	708
fisting	708
clerk	708
happening	708
vast	708
mills	708
outline	708
amendments	708
tramadol	708
holland	708
receives	708
jeans	708
metropolitan	708
compilation	708
verification	708
fonts	707
ent	707
odd	707
wrap	707
refers	707
mood	707
favor	707
veterans	707
quiz	707
sigma	707
attractive	707
xhtml	707
occasion	707
recordings	707
jefferson	707
victim	707
demands	707
sleeping	707
careful	707
ext	707
beam	707
gardening	707
obligations	707
arrive	707
orchestra	707
sunset	707
tracked	707
moreover	707
minimal	707
polyphonic	707
lottery	707
tops	707
framed	707
aside	707
outsourcing	707
licence	707
adjustable	707
allocation	707
michelle	707
essay	707
discipline	707
amy	707
demonstrated	707
dialogue	707
identifying	707
alphabetical	707
camps	707
declared	707
dispatched	707
aaron	707
handheld	707
trace	707
disposal	707
shut	707
florists	707
packs	707
installing	707
switches	707
romania	707
voluntary	707
ncaa	707
thou	707
consult	707
phd	707
greatly	707
blogging	707
mask	707
cycling	707
midnight	707
commonly	707
photographer	707
inform	707
turkish	707
coal	707
cry	707
messaging	707
pentium	707
quantum	706
murray	706
intent	706
zoo	706
largely	706
pleasant	706
announce	706
constructed	706
additions	706
requiring	706
spoke	706
aka	706
arrow	706
engagement	706
sampling	706
rough	706
weird	706
tee	706
refinance	706
lion	706
inspired	706
holes	706
weddings	706
blade	706
suddenly	706
oxygen	706
cookie	706
meals	706
canyon	706
goto	706
meters	706
merely	706
calendars	706
arrangement	706
conclusions	706
passes	706
bibliography	706
pointer	706
compatibility	706
stretch	706
durham	706
furthermore	706
permits	706
cooperative	706
muslim	706
neil	706
sleeve	706
netscape	706
cleaner	706
cricket	706
beef	706
feeding	706
stroke	706
township	706
rankings	706
measuring	706
cad	706
hats	706
robin	706
robinson	706
jacksonville	706
strap	706
headquarters	706
sharon	706
crowd	706
tcp	706
transfers	706
surf	706
olympic	706
transformation	706
remained	706
attachments	706
dir	706
entities	706
customs	706
administrators	706
personality	706
rainbow	706
hook	706
roulette	706
decline	706
gloves	705
israeli	705
medicare	705
cord	705
skiing	705
cloud	705
facilitate	705
subscriber	705
valve	705
val	705
hewlett	705
explains	705
proceed	705
flickr	705
feelings	705
knife	705
jamaica	705
priorities	705
shelf	705
bookstore	705
timing	705
liked	705
parenting	705
adopt	705
denied	705
fotos	705
incredible	705
britney	705
freeware	705
fucked	705
donation	705
outer	705
crop	705
deaths	705
rivers	705
commonwealth	705
pharmaceutical	705
manhattan	705
tales	705
katrina	705
workforce	705
islam	705
nodes	705
thumbs	705
seeds	705
cited	705
lite	705
ghz	705
hub	705
targeted	705
organizational	705
skype	705
realized	705
twelve	705
founder	705
decade	705
gamecube	705
dispute	705
portuguese	705
tired	705
titten	705
adverse	705
everywhere	705
excerpt	705
eng	705
steam	705
discharge	705
drinks	705
ace	705
voices	705
acute	705
halloween	705
climbing	705
stood	705
sing	705
tons	705
perfume	705
carol	705
honest	705
albany	705
hazardous	705
restore	705
stack	704
methodology	704
somebody	704
sue	704
housewares	704
reputation	704
resistant	704
democrats	704
recycling	704
hang	704
gbp	704
curve	704
creator	704
amber	704
qualifications	704
museums	704
coding	704
slideshow	704
tracker	704
variation	704
passage	704
transferred	704
trunk	704
hiking	704
damn	704
pierre	704
jelsoft	704
headset	704
photograph	704
oakland	704
colombia	704
waves	704
camel	704
distributor	704
lamps	704
underlying	704
hood	704
wrestling	704
suicide	704
archived	704
photoshop	704
chi	704
arabia	704
gathering	704
projection	704
juice	704
chase	704
mathematical	704
logical	704
sauce	704
fame	704
extract	704
specialized	704
diagnostic	704
panama	704
indianapolis	704
payable	704
corporations	704
courtesy	704
criticism	704
automobile	704
confidential	704
rfc	704
statutory	704
accommodations	704
athens	704
northeast	704
downloaded	704
judges	704
seo	704
retired	704
isp	704
remarks	704
detected	704
decades	704
paintings	704
walked	704
arising	704
nissan	704
bracelet	704
ins	704
eggs	704
juvenile	704
injection	704
yorkshire	704
populations	704
protective	704
afraid	704
acoustic	704
railway	704
cassette	704
initially	704
indicator	704
pointed	704
causing	704
mistake	704
norton	704
locked	703
eliminate	703
fusion	703
mineral	703
sunglasses	703
ruby	703
steering	703
beads	703
fortune	703
preference	703
canvas	703
threshold	703
parish	703
claimed	703
screens	703
cemetery	703
planner	703
croatia	703
flows	703
stadium	703
venezuela	703
exploration	703
mins	703
fewer	703
sequences	703
coupon	703
nurses	703
ssl	703
stem	703
proxy	703
gangbang	703
astronomy	703
lanka	703
opt	703
edwards	703
drew	703
contests	703
flu	703
translate	703
announces	703
mlb	703
costume	703
tagged	703
berkeley	703
voted	703
killer	703
bikes	703
gates	703
adjusted	703
rap	703
tune	703
bishop	703
pulled	703
corn	703
shaped	703
compression	703
seasonal	703
establishing	703
farmer	703
counters	703
puts	703
constitutional	703
grew	703
perfectly	703
tin	703
slave	703
instantly	703
cultures	703
norfolk	703
coaching	703
examined	703
trek	703
encoding	703
litigation	703
submissions	703
oem	703
heroes	703
painted	703
lycos	703
zdnet	703
broadcasting	703
horizontal	703
artwork	703
cosmetic	703
resulted	703
portrait	703
terrorist	703
informational	703
ethical	703
carriers	703
ecommerce	703
mobility	703
floral	703
builders	703
ties	703
struggle	703
schemes	703
suffering	703
neutral	703
fisher	703
rat	703
spears	703
prospective	703
dildos	703
bedding	703
ultimately	703
joining	703
heading	703
equally	703
artificial	703
bearing	703
spectacular	703
coordination	703
connector	703
brad	703
combo	703
seniors	702
worlds	702
guilty	702
affiliated	702
activation	702
naturally	702
haven	702
tablet	702
jury	702
dos	702
tail	702
subscribers	702
charm	702
lawn	702
violent	702
mitsubishi	702
underwear	702
basin	702
soup	702
potentially	702
ranch	702
constraints	702
crossing	702
inclusive	702
dimensional	702
cottage	702
drunk	702
considerable	702
crimes	702
resolved	702
mozilla	702
byte	702
toner	702
nose	702
latex	702
branches	702
anymore	702
oclc	702
delhi	702
holdings	702
alien	702
locator	702
selecting	702
processors	702
pantyhose	702
plc	702
broke	702
nepal	702
zimbabwe	702
difficulties	702
juan	702
complexity	702
msg	702
constantly	702
browsing	702
resolve	702
barcelona	702
presidential	702
documentary	702
cod	702
territories	702
melissa	702
moscow	702
thesis	702
thru	702
jews	702
nylon	702
palestinian	702
discs	702
rocky	702
bargains	702
frequent	702
trim	702
nigeria	702
ceiling	702
pixels	702
ensuring	702
hispanic	702
legislature	702
hospitality	702
gen	702
anybody	702
procurement	702
diamonds	702
espn	702
fleet	702
untitled	702
bunch	702
totals	701
marriott	701
singing	701
theoretical	701
afford	701
exercises	701
starring	701
referral	701
nhl	701
surveillance	701
optimal	701
quit	701
distinct	701
protocols	701
lung	701
highlight	701
substitute	701
inclusion	701
hopefully	701
brilliant	701
turner	701
sucking	701
cents	701
reuters	701
gel	701
todd	701
spoken	701
omega	701
evaluated	701
stayed	701
civic	701
assignments	701
manuals	701
doug	701
sees	701
termination	701
watched	701
saver	701
thereof	701
grill	701
households	701
redeem	701
rogers	701
grain	701
authentic	701
regime	701
wanna	701
wishes	701
bull	701
montgomery	701
architectural	701
louisville	701
depend	701
differ	701
macintosh	701
movements	701
ranging	701
monica	701
repairs	701
breath	701
amenities	701
virtually	701
cole	701
mart	701
candle	701
hanging	701
colored	701
authorization	701
tale	701
verified	701
lynn	701
formerly	701
projector	701
situated	701
comparative	701
std	701
seeks	701
herbal	701
loving	701
strictly	701
routing	701
docs	701
stanley	701
psychological	701
surprised	701
retailer	701
vitamins	701
elegant	701
gains	701
renewal	701
vid	701
genealogy	701
opposed	701
deemed	701
scoring	701
expenditure	701
panties	701
brooklyn	701
liverpool	701
sisters	701
critics	700
connectivity	700
spots	700
algorithms	700
hacker	700
madrid	700
similarly	700
margin	700
coin	700
bbw	700
solely	700
fake	700
salon	700
collaborative	700
norman	700
fda	700
excluding	700
turbo	700
headed	700
voters	700
cure	700
madonna	700
commander	700
arch	700
murphy	700
thinks	700
suggestion	700
hdtv	700
soldier	700
phillips	700
asin	700
aimed	700
justin	700
bomb	700
harm	700
interval	700
mirrors	700
spotlight	700
tricks	700
reset	700
brush	700
investigate	700
thy	700
expansys	700
panels	700
repeated	700
assault	700
connecting	700
spare	700
logistics	700
deer	700
kodak	700
tongue	700
bowling	700
tri	700
danish	700
pal	700
monkey	700
proportion	700
filename	700
skirt	700
florence	700
invest	700
honey	700
analyses	700
drawings	700
significance	700
scenario	700
lovers	700
atomic	700
approx	700
symposium	700
arabic	700
gauge	700
essentials	700
junction	700
protecting	700
faced	700
mat	700
rachel	700
solving	700
transmitted	700
weekends	700
screenshots	700
produces	700
oven	700
ted	700
intensive	700
chains	700
kingston	700
sixth	700
engage	700
deviant	700
noon	700
switching	700
quoted	700
adapters	700
correspondence	700
farms	700
imports	700
supervision	700
cheat	700
bronze	700
expenditures	700
sandy	700
separation	700
testimony	700
suspect	700
celebrities	700
macro	700
sender	700
mandatory	699
boundaries	699
crucial	699
syndication	699
gym	699
celebration	699
kde	699
adjacent	699
filtering	699
tuition	699
spouse	699
exotic	699
viewer	699
signup	699
threats	699
luxembourg	699
puzzles	699
reaching	699
damaged	699
cams	699
receptor	699
piss	699
laugh	699
joel	699
surgical	699
destroy	699
citation	699
pitch	699
autos	699
premises	699
perry	699
proved	699
offensive	699
imperial	699
dozen	699
benjamin	699
deployment	699
teeth	699
cloth	699
studying	699
colleagues	699
stamp	699
lotus	699
salmon	699
olympus	699
separated	699
proc	699
cargo	699
tan	699
directive	699
salem	699
mate	699
starter	699
upgrades	699
likes	699
butter	699
pepper	699
weapon	699
luggage	699
burden	699
chef	699
tapes	699
zones	699
races	699
isle	699
stylish	699
slim	699
maple	699
luke	699
grocery	699
offshore	699
governing	699
retailers	699
depot	699
kenneth	699
comp	699
alt	699
pie	699
blend	699
harrison	699
julie	699
occasionally	699
cbs	699
attending	699
emission	699
pete	699
spec	699
finest	699
realty	699
janet	699
bow	699
penn	699
recruiting	699
apparent	698
instructional	698
phpbb	698
autumn	698
traveling	698
probe	698
midi	698
permissions	698
biotechnology	698
toilet	698
ranked	698
jackets	698
routes	698
packed	698
excited	698
outreach	698
helen	698
mounting	698
recover	698
tied	698
lopez	698
balanced	698
prescribed	698
catherine	698
timely	698
talked	698
upskirts	698
debug	698
delayed	698
chuck	698
reproduced	698
hon	698
dale	698
explicit	698
calculation	698
villas	698
ebook	698
consolidated	698
boob	698
exclude	698
peeing	698
occasions	698
brooks	698
equations	698
newton	698
oils	698
sept	698
exceptional	698
anxiety	698
bingo	698
whilst	698
spatial	698
respondents	698
unto	698
ceramic	698
prompt	698
precious	698
minds	698
annually	698
considerations	698
scanners	698
atm	698
xanax	698
pays	698
cox	698
fingers	698
sunny	698
ebooks	698
delivers	698
queensland	698
necklace	698
musicians	698
leeds	698
composite	698
unavailable	698
cedar	698
arranged	698
lang	698
theaters	698
advocacy	698
raleigh	698
stud	698
fold	698
essentially	698
designing	698
threaded	698
qualify	698
fingering	698
blair	698
hopes	698
assessments	698
cms	698
mason	698
diagram	698
burns	698
pumps	698
slut	698
ejaculation	698
footwear	698
vic	698
beijing	698
peoples	698
victor	698
mario	698
pos	698
attach	698
licenses	698
utils	697
removing	697
advised	697
brunswick	697
spider	697
phys	697
ranges	697
pairs	697
sensitivity	697
trails	697
preservation	697
hudson	697
isolated	697
calgary	697
interim	697
assisted	697
divine	697
streaming	697
approve	697
chose	697
compound	697
intensity	697
technological	697
syndicate	697
abortion	697
dialog	697
venues	697
blast	697
wellness	697
calcium	697
newport	697
antivirus	697
addressing	697
pole	697
discounted	697
indians	697
shield	697
harvest	697
membrane	697
prague	697
previews	697
bangladesh	697
constitute	697
locally	697
concluded	697
pickup	697
desperate	697
mothers	697
nascar	697
iceland	697
demonstration	697
governmental	697
manufactured	697
candles	697
graduation	697
mega	697
bend	697
sailing	697
variations	697
moms	697
sacred	697
addiction	697
morocco	697
chrome	697
tommy	697
springfield	697
refused	697
brake	697
exterior	697
greeting	697
ecology	697
oliver	697
congo	697
glen	697
botswana	697
nav	697
delays	697
synthesis	697
olive	697
undefined	697
unemployment	697
cyber	697
verizon	697
scored	697
enhancement	697
newcastle	697
clone	697
dicks	697
velocity	697
lambda	697
relay	697
composed	697
tears	697
performances	697
oasis	697
baseline	697
cab	697
angry	697
societies	697
silicon	697
brazilian	697
identical	697
petroleum	697
compete	697
ist	697
norwegian	697
lover	697
belong	697
honolulu	697
beatles	697
lips	697
escort	697
retention	697
exchanges	696
pond	696
rolls	696
thomson	696
barnes	696
soundtrack	696
wondering	696
malta	696
daddy	696
ferry	696
rabbit	696
profession	696
seating	696
dam	696
cnn	696
separately	696
physiology	696
lil	696
collecting	696
das	696
exports	696
omaha	696
tire	696
participant	696
scholarships	696
recreational	696
dominican	696
chad	696
electron	696
loads	696
friendship	696
heather	696
passport	696
motel	696
unions	696
treasury	696
warrant	696
sys	696
solaris	696
frozen	696
occupied	696
josh	696
royalty	696
scales	696
rally	696
observer	696
sunshine	696
strain	696
drag	696
ceremony	696
somehow	696
arrested	696
expanding	696
provincial	696
investigations	696
icq	696
ripe	696
yamaha	696
rely	696
medications	696
hebrew	696
gained	696
rochester	696
dying	696
laundry	696
stuck	696
solomon	696
placing	696
stops	696
homework	696
adjust	696
assessed	696
advertiser	696
enabling	696
encryption	696
filling	696
downloadable	696
sophisticated	696
imposed	696
silence	696
scsi	696
focuses	696
soviet	696
possession	696
laboratories	696
treaty	696
vocal	696
trainer	696
organ	696
stronger	696
volumes	696
advances	696
vegetables	696
lemon	696
toxic	696
dns	696
thumbnails	696
darkness	696
pty	696
nuts	696
nail	696
bizrate	696
vienna	696
implied	696
span	696
stanford	696
sox	696
stockings	696
joke	696
respondent	696
packing	696
statute	696
rejected	696
satisfy	696
destroyed	696
shelter	696
chapel	696
gamespot	696
manufacture	696
layers	696
wordpress	696
guided	695
vulnerability	695
accountability	695
celebrate	695
accredited	695
appliance	695
compressed	695
bahamas	695
powell	695
mixture	695
zoophilia	695
bench	695
univ	695
tub	695
rider	695
scheduling	695
radius	695
perspectives	695
mortality	695
logging	695
hampton	695
christians	695
borders	695
therapeutic	695
pads	695
butts	695
inns	695
bobby	695
impressive	695
sheep	695
accordingly	695
architect	695
railroad	695
lectures	695
challenging	695
wines	695
nursery	695
harder	695
cups	695
ash	695
microwave	695
cheapest	695
accidents	695
travesti	695
relocation	695
stuart	695
contributors	695
salvador	695
ali	695
salad	695
monroe	695
tender	695
violations	695
foam	695
temperatures	695
paste	695
clouds	695
competitions	695
discretion	695
tft	695
tanzania	695
preserve	695
jvc	695
poem	695
vibrator	695
unsigned	695
staying	695
cosmetics	695
easter	695
theories	695
repository	695
praise	695
jeremy	695
venice	695
concentrations	695
vibrators	695
estonia	695
christianity	695
veteran	695
streams	695
landing	695
signing	695
executed	695
katie	695
negotiations	695
realistic	695
showcase	695
integral	695
asks	695
relax	695
namibia	695
generating	695
christina	695
congressional	695
synopsis	695
hardly	695
prairie	695
reunion	695
composer	695
bean	695
sword	695
absent	695
photographic	695
sells	695
ecuador	695
hoping	695
accessed	695
spirits	695
modifications	695
coral	695
pixel	695
float	694
colin	694
bias	694
imported	694
paths	694
bubble	694
por	694
acquire	694
contrary	694
millennium	694
tribune	694
vessel	694
acids	694
focusing	694
viruses	694
cheaper	694
admitted	694
dairy	694
admit	694
mem	694
fancy	694
equality	694
samoa	694
achieving	694
tap	694
stickers	694
fisheries	694
exceptions	694
reactions	694
leasing	694
lauren	694
beliefs	694
macromedia	694
companion	694
squad	694
analyze	694
ashley	694
scroll	694
relate	694
divisions	694
swim	694
wages	694
additionally	694
suffer	694
forests	694
fellowship	694
nano	694
invalid	694
concerts	694
martial	694
males	694
victorian	694
retain	694
colours	694
execute	694
tunnel	694
genres	694
cambodia	694
patents	694
copyrights	694
chaos	694
lithuania	694
mastercard	694
wheat	694
chronicles	694
obtaining	694
beaver	694
updating	694
distribute	694
readings	694
decorative	694
kijiji	694
confused	694
compiler	694
enlargement	694
eagles	694
bases	694
vii	694
accused	694
bee	694
campaigns	694
unity	694
loud	694
conjunction	694
bride	694
rats	694
defines	694
airports	694
instances	694
indigenous	694
begun	694
cfr	694
brunette	694
packets	694
anchor	694
socks	694
validation	694
parade	694
corruption	694
stat	694
trigger	694
incentives	694
cholesterol	694
gathered	694
essex	694
slovenia	694
notified	694
differential	694
beaches	694
folders	694
dramatic	694
surfaces	694
terrible	694
routers	693
cruz	693
pendant	693
dresses	693
baptist	693
scientist	693
starsmerchant	693
hiring	693
clocks	693
arthritis	693
bios	693
females	693
wallace	693
nevertheless	693
reflects	693
taxation	693
fever	693
pmc	693
cuisine	693
surely	693
practitioners	693
transcript	693
myspace	693
theorem	693
inflation	693
thee	693
ruth	693
pray	693
stylus	693
compounds	693
pope	693
drums	693
contracting	693
topless	693
arnold	693
structured	693
reasonably	693
jeep	693
chicks	693
bare	693
hung	693
cattle	693
mba	693
radical	693
graduates	693
rover	693
recommends	693
controlling	693
treasure	693
reload	693
distributors	693
flame	693
levitra	693
tanks	693
assuming	693
monetary	693
elderly	693
pit	693
arlington	693
mono	693
particles	693
floating	693
extraordinary	693
tile	693
indicating	693
bolivia	693
spell	693
hottest	693
stevens	693
coordinate	693
kuwait	693
exclusively	693
emily	693
alleged	693
limitation	693
widescreen	693
compile	693
squirting	693
webster	693
struck	693
illustration	693
plymouth	693
warnings	693
construct	693
apps	693
inquiries	693
bridal	693
annex	693
mag	693
gsm	693
inspiration	693
tribal	693
curious	693
affecting	693
freight	693
rebate	693
meetup	693
eclipse	693
sudan	693
ddr	693
downloading	693
rec	693
shuttle	693
aggregate	693
stunning	693
cycles	693
affects	693
forecasts	693
detect	693
sluts	693
actively	693
ciao	693
ampland	693
knee	693
prep	693
complicated	693
chem	693
fastest	693
butler	693
shopzilla	693
injured	692
decorating	692
payroll	692
cookbook	692
expressions	692
ton	692
courier	692
uploaded	692
shakespeare	692
hints	692
collapse	692
americas	692
connectors	692
twinks	692
unlikely	692
pros	692
conflicts	692
techno	692
beverage	692
tribute	692
wired	692
elvis	692
immune	692
latvia	692
travelers	692
forestry	692
barriers	692
can't	692
rarely	692
gpl	692
infected	692
offerings	692
martha	692
genesis	692
barrier	692
argue	692
incorrect	692
trains	692
metals	692
bicycle	692
furnishings	692
letting	692
arise	692
guatemala	692
celtic	692
thereby	692
irc	692
jamie	692
particle	692
perception	692
minerals	692
advise	692
humidity	692
bottles	692
boxing	692
bangkok	692
renaissance	692
pathology	692
sara	692
bra	692
ordinance	692
hughes	692
photographers	692
bitch	692
infections	692
jeffrey	692
chess	692
operates	692
brisbane	692
configured	692
survive	692
oscar	692
festivals	692
menus	692
joan	692
possibilities	692
duck	692
reveal	692
canal	692
amino	692
phi	692
contributing	692
herbs	692
clinics	692
mls	692
cow	692
manitoba	692
analytical	692
missions	692
watson	692
lying	692
costumes	692
strict	692
dive	692
saddam	692
circulation	692
drill	692
offense	692
threesome	692
bryan	692
cet	692
protest	692
handjob	692
assumption	692
jerusalem	692
hobby	692
tries	692
transexuales	692
invention	692
nickname	692
fiji	691
technician	691
inline	691
executives	691
enquiries	691
washing	691
audi	691
staffing	691
cognitive	691
exploring	691
trick	691
enquiry	691
closure	691
raid	691
ppc	691
timber	691
volt	691
intense	691
playlist	691
registrar	691
showers	691
supporters	691
ruling	691
steady	691
dirt	691
statutes	691
withdrawal	691
myers	691
drops	691
predicted	691
wider	691
saskatchewan	691
cancellation	691
plugins	691
enrolled	691
sensors	691
screw	691
ministers	691
publicly	691
hourly	691
blame	691
geneva	691
freebsd	691
veterinary	691
acer	691
prostores	691
reseller	691
dist	691
handed	691
suffered	691
intake	691
informal	691
relevance	691
incentive	691
butterfly	691
tucson	691
mechanics	691
heavily	691
swingers	691
fifty	691
headers	691
mistakes	691
numerical	691
ons	691
geek	691
uncle	691
defining	691
xnxx	691
counting	691
reflection	691
sink	691
accompanied	691
assure	691
invitation	691
devoted	691
princeton	691
jacob	691
sodium	691
randy	691
spirituality	691
hormone	691
meanwhile	691
proprietary	691
timothy	691
childrens	691
brick	691
grip	691
naval	691
thumbzilla	691
medieval	691
porcelain	691
avi	691
bridges	691
pichunter	691
captured	691
watt	691
thehun	691
decent	691
casting	691
dayton	691
translated	691
shortly	691
cameron	691
columnists	691
pins	691
carlos	691
reno	691
donna	691
andreas	691
warrior	691
diploma	691
cabin	691
innocent	691
bdsm	691
scanning	691
ide	691
consensus	691
polo	691
valium	691
copying	691
rpg	691
delivering	691
cordless	691
patricia	691
horn	691
eddie	691
uganda	691
fired	690
journalism	690
prot	690
trivia	690
adidas	690
perth	690
frog	690
grammar	690
intention	690
syria	690
disagree	690
klein	690
harvey	690
tires	690
logs	690
undertaken	690
tgp	690
hazard	690
retro	690
leo	690
livesex	690
statewide	690
semiconductor	690
gregory	690
episodes	690
boolean	690
circular	690
anger	690
diy	690
mainland	690
illustrations	690
suits	690
chances	690
interact	690
snap	690
happiness	690
arg	690
substantially	690
bizarre	690
glenn	690
auckland	690
olympics	690
fruits	690
identifier	690
geo	690
worldsex	690
ribbon	690
calculations	690
doe	690
conducting	690
startup	690
suzuki	690
trinidad	690
ati	690
kissing	690
wal	690
handy	690
swap	690
exempt	690
crops	690
reduces	690
accomplished	690
calculators	690
geometry	690
impression	690
abs	690
slovakia	690
flip	690
guild	690
correlation	690
gorgeous	690
capitol	690
sim	690
dishes	690
rna	690
barbados	690
chrysler	690
nervous	690
refuse	690
extends	690
fragrance	690
mcdonald	690
replica	690
plumbing	690
brussels	690
tribe	690
neighbors	690
trades	690
superb	690
buzz	690
transparent	690
nuke	690
rid	690
trinity	690
charleston	690
handled	690
legends	690
boom	690
calm	690
champions	690
floors	690
selections	690
projectors	690
inappropriate	690
exhaust	690
comparing	690
shanghai	689
speaks	689
burton	689
vocational	689
davidson	689
copied	689
scotia	689
farming	689
gibson	689
pharmacies	689
fork	689
troy	689
roller	689
introducing	689
batch	689
organize	689
appreciated	689
alter	689
nicole	689
latino	689
ghana	689
edges	689
mixing	689
handles	689
skilled	689
fitted	689
albuquerque	689
harmony	689
distinguished	689
asthma	689
projected	689
assumptions	689
shareholders	689
twins	689
developmental	689
rip	689
zope	689
regulated	689
triangle	689
amend	689
anticipated	689
oriental	689
reward	689
windsor	689
zambia	689
completing	689
gmbh	689
buf	689
hydrogen	689
webshots	689
sprint	689
comparable	689
chick	689
advocate	689
sims	689
confusion	689
copyrighted	689
tray	689
inputs	689
warranties	689
genome	689
escorts	689
documented	689
thong	689
medal	689
paperbacks	689
coaches	689
vessels	689
harbour	689
walks	689
sucks	689
sol	689
keyboards	689
sage	689
knives	689
eco	689
vulnerable	689
arrange	689
artistic	689
bat	689
honors	689
booth	689
indie	689
reflected	689
unified	689
bones	689
breed	689
detector	689
ignored	689
polar	689
fallen	689
precise	689
sussex	689
respiratory	689
notifications	689
msgid	689
transexual	689
mainstream	689
invoice	689
evaluating	689
lip	689
subcommittee	689
sap	689
gather	689
suse	689
maternity	689
backed	689
alfred	689
colonial	689
carey	689
motels	688
forming	688
embassy	688
cave	688
journalists	688
danny	688
rebecca	688
slight	688
proceeds	688
indirect	688
amongst	688
wool	688
foundations	688
msgstr	688
arrest	688
volleyball	688
adipex	688
horizon	688
deeply	688
toolbox	688
ict	688
marina	688
liabilities	688
prizes	688
bosnia	688
browsers	688
decreased	688
patio	688
tolerance	688
surfing	688
creativity	688
lloyd	688
describing	688
optics	688
pursue	688
lightning	688
overcome	688
eyed	688
quotations	688
grab	688
inspector	688
attract	688
brighton	688
beans	688
bookmarks	688
ellis	688
disable	688
snake	688
succeed	688
leonard	688
lending	688
oops	688
reminder	688
nipple	688
searched	688
behavioral	688
riverside	688
bathrooms	688
plains	688
sku	688
raymond	688
insights	688
abilities	688
initiated	688
sullivan	688
midwest	688
karaoke	688
trap	688
lonely	688
fool	688
nonprofit	688
lancaster	688
suspended	688
hereby	688
observe	688
julia	688
containers	688
attitudes	688
karl	688
berry	688
collar	688
simultaneously	688
racial	688
integrate	688
bermuda	688
amanda	688
sociology	688
mobiles	688
screenshot	688
exhibitions	688
kelkoo	688
confident	688
retrieved	688
exhibits	688
officially	688
consortium	688
dies	688
terrace	688
bacteria	688
pts	688
replied	688
seafood	688
novels	688
rrp	688
recipients	688
playboy	688
ought	688
delicious	688
traditions	688
jail	688
safely	688
finite	688
kidney	688
periodically	688
fixes	688
sends	688
durable	688
mazda	688
allied	688
throws	688
moisture	688
hungarian	688
roster	688
referring	687
symantec	687
spencer	687
wichita	687
nasdaq	687
uruguay	687
ooo	687
transform	687
timer	687
tablets	687
tuning	687
gotten	687
educators	687
tyler	687
futures	687
vegetable	687
verse	687
highs	687
humanities	687
independently	687
wanting	687
custody	687
scratch	687
launches	687
ipaq	687
alignment	687
masturbating	687
henderson	687
britannica	687
comm	687
ellen	687
competitors	687
nhs	687
rocket	687
aye	687
bullet	687
towers	687
racks	687
lace	687
nasty	687
visibility	687
latitude	687
consciousness	687
ste	687
tumor	687
ugly	687
deposits	687
beverly	687
mistress	687
encounter	687
trustees	687
watts	687
duncan	687
reprints	687
hart	687
bernard	687
resolutions	687
ment	687
accessing	687
forty	687
tubes	687
attempted	687
col	687
midlands	687
priest	687
floyd	687
ronald	687
analysts	687
queue	687
trance	687
locale	687
nicholas	687
biol	687
bundle	687
hammer	687
invasion	687
witnesses	687
runner	687
rows	687
administered	687
notion	687
skins	687
mailed	687
fujitsu	687
spelling	687
arctic	687
exams	687
rewards	687
beneath	687
strengthen	687
defend	687
frederick	687
medicaid	687
treo	687
infrared	687
seventh	687
gods	687
une	687
welsh	687
belly	687
aggressive	687
tex	687
advertisements	687
quarters	687
stolen	687
cia	687
sublimedirectory	687
soonest	687
haiti	687
disturbed	687
determines	687
sculpture	686
poly	686
ears	686
dod	686
fist	686
naturals	686
neo	686
motivation	686
lenders	686
pharmacology	686
fitting	686
fixtures	686
bloggers	686
mere	686
agrees	686
passengers	686
quantities	686
petersburg	686
consistently	686
powerpoint	686
cons	686
surplus	686
elder	686
sonic	686
obituaries	686
cheers	686
dig	686
taxi	686
punishment	686
appreciation	686
subsequently	686
belarus	686
nat	686
zoning	686
gravity	686
providence	686
thumb	686
restriction	686
incorporate	686
backgrounds	686
treasurer	686
guitars	686
essence	686
flooring	686
lightweight	686
ethiopia	686
mighty	686
athletes	686
humanity	686
transcription	686
holmes	686
complications	686
scholars	686
dpi	686
scripting	686
gis	686
remembered	686
galaxy	686
chester	686
snapshot	686
caring	686
loc	686
worn	686
synthetic	686
shaw	686
segments	686
testament	686
expo	686
dominant	686
twist	686
specifics	686
itunes	686
stomach	686
partially	686
buried	686
newbie	686
minimize	686
darwin	686
ranks	686
wilderness	686
debut	686
generations	686
tournaments	686
bradley	686
deny	686
anatomy	686
bali	686
judy	686
sponsorship	686
headphones	686
fraction	686
trio	686
proceeding	686
cube	686
defects	686
volkswagen	686
uncertainty	686
breakdown	686
milton	686
marker	686
reconstruction	686
subsidiary	686
strengths	686
clarity	686
rugs	686
sandra	686
adelaide	686
encouraging	686
furnished	686
monaco	686
settled	686
folding	686
emirates	686
terrorists	686
airfare	686
comparisons	686
beneficial	686
distributions	686
vaccine	686
belize	686
crap	686
fate	686
viewpicture	686
promised	686
volvo	686
penny	686
robust	686
bookings	685
threatened	685
minolta	685
republicans	685
discusses	685
gui	685
porter	685
gras	685
jungle	685
ver	685
responded	685
rim	685
abstracts	685
zen	685
ivory	685
alpine	685
dis	685
prediction	685
pharmaceuticals	685
andale	685
fabulous	685
remix	685
alias	685
thesaurus	685
individually	685
battlefield	685
literally	685
newer	685
kay	685
ecological	685
spice	685
oval	685
implies	685
soma	685
ser	685
cooler	685
appraisal	685
consisting	685
maritime	685
periodic	685
submitting	685
overhead	685
ascii	685
prospect	685
shipment	685
breeding	685
citations	685
geographical	685
donor	685
mozambique	685
tension	685
benz	685
trash	685
shapes	685
wifi	685
tier	685
fwd	685
earl	685
manor	685
envelope	685
diane	685
homeland	685
disclaimers	685
championships	685
excluded	685
andrea	685
breeds	685
rapids	685
disco	685
sheffield	685
bailey	685
aus	685
endif	685
finishing	685
emotions	685
wellington	685
incoming	685
prospects	685
lexmark	685
cleaners	685
bulgarian	685
hwy	685
eternal	685
cashiers	685
guam	685
cite	685
aboriginal	685
remarkable	685
rotation	685
nam	685
preventing	685
productive	685
boulevard	685
eugene	685
gdp	685
pig	685
metric	685
compliant	685
minus	685
penalties	685
bennett	685
imagination	685
hotmail	685
refurbished	685
joshua	685
armenia	685
varied	685
grande	685
closest	685
activated	685
actress	685
mess	685
conferencing	685
assign	685
armstrong	685
politicians	685
trackbacks	685
lit	685
accommodate	685
tigers	685
aurora	685
una	685
slides	685
milan	685
premiere	685
lender	685
villages	684
shade	684
chorus	684
christine	684
rhythm	684
digit	684
argued	684
dietary	684
symphony	684
clarke	684
sudden	684
accepting	684
precipitation	684
marilyn	684
lions	684
findlaw	684
ada	684
pools	684
lyric	684
claire	684
isolation	684
speeds	684
sustained	684
matched	684
approximate	684
rope	684
carroll	684
rational	684
programmer	684
fighters	684
chambers	684
dump	684
greetings	684
inherited	684
warming	684
incomplete	684
vocals	684
chronicle	684
fountain	684
chubby	684
grave	684
legitimate	684
biographies	684
burner	684
yrs	684
foo	684
investigator	684
gba	684
plaintiff	684
finnish	684
gentle	684
prisoners	684
deeper	684
muslims	684
hose	684
mediterranean	684
nightlife	684
footage	684
howto	684
worthy	684
reveals	684
architects	684
saints	684
entrepreneur	684
carries	684
sig	684
freelance	684
duo	684
excessive	684
devon	684
screensaver	684
helena	684
saves	684
regarded	684
valuation	684
unexpected	684
cigarette	684
fog	684
characteristic	684
marion	684
lobby	684
egyptian	684
tunisia	684
metallica	684
outlined	684
consequently	684
headline	684
treating	684
punch	684
appointments	684
str	684
gotta	684
cowboy	684
narrative	684
bahrain	684
enormous	684
karma	684
consist	684
betty	684
queens	684
academics	684
pubs	684
quantitative	684
shemales	684
lucas	684
screensavers	684
subdivision	684
tribes	684
vip	684
defeat	684
clicks	684
distinction	684
honduras	684
naughty	684
hazards	684
insured	684
harper	684
livestock	684
mardi	684
exemption	684
tenant	684
sustainability	684
cabinets	684
tattoo	684
shake	684
algebra	683
shadows	683
holly	683
formatting	683
silly	683
nutritional	683
yea	683
mercy	683
hartford	683
freely	683
marcus	683
sunrise	683
wrapping	683
mild	683
fur	683
nicaragua	683
weblogs	683
timeline	683
tar	683
belongs	683
readily	683
affiliation	683
soc	683
fence	683
nudist	683
infinite	683
diana	683
ensures	683
relatives	683
lindsay	683
clan	683
legally	683
shame	683
satisfactory	683
revolutionary	683
bracelets	683
sync	683
civilian	683
telephony	683
mesa	683
fatal	683
remedy	683
realtors	683
breathing	683
briefly	683
thickness	683
adjustments	683
graphical	683
genius	683
discussing	683
aerospace	683
fighter	683
meaningful	683
flesh	683
retreat	683
adapted	683
barely	683
wherever	683
estates	683
rug	683
democrat	683
borough	683
maintains	683
failing	683
shortcuts	683
retained	683
voyeurweb	683
pamela	683
andrews	683
marble	683
extending	683
jesse	683
specifies	683
hull	683
logitech	683
surrey	683
briefing	683
belkin	683
dem	683
accreditation	683
wav	683
blackberry	683
highland	683
meditation	683
modular	683
microphone	683
macedonia	683
combining	683
brandon	683
instrumental	683
giants	683
organizing	683
shed	683
balloon	683
moderators	683
winston	683
memo	683
ham	683
solved	683
tide	683
kazakhstan	683
hawaiian	683
standings	683
partition	683
invisible	683
gratuit	683
consoles	683
funk	683
fbi	683
qatar	683
magnet	683
translations	683
porsche	683
cayman	683
jaguar	683
reel	683
sheer	683
commodity	683
posing	682
wang	682
kilometers	682
bind	682
thanksgiving	682
rand	682
hopkins	682
urgent	682
guarantees	682
infants	682
gothic	682
cylinder	682
witch	682
buck	682
indication	682
congratulations	682
tba	682
cohen	682
sie	682
usgs	682
puppy	682
kathy	682
acre	682
graphs	682
surround	682
cigarettes	682
revenge	682
expires	682
enemies	682
lows	682
controllers	682
aqua	682
chen	682
emma	682
consultancy	682
finances	682
accepts	682
enjoying	682
conventions	682
eva	682
patrol	682
smell	682
pest	682
italiano	682
coordinates	682
rca	682
carnival	682
roughly	682
sticker	682
promises	682
responding	682
reef	682
physically	682
divide	682
stakeholders	682
hydrocodone	682
gst	682
consecutive	682
cornell	682
satin	682
bon	682
deserve	682
attempting	682
mailto	682
promo	682
representations	682
chan	682
worried	682
tunes	682
garbage	682
competing	682
combines	682
mas	682
beth	682
bradford	682
len	682
phrases	682
kai	682
peninsula	682
chelsea	682
boring	682
reynolds	682
dom	682
jill	682
accurately	682
speeches	682
reaches	682
schema	682
considers	682
sofa	682
catalogs	682
ministries	682
vacancies	682
quizzes	682
parliamentary	682
obj	682
prefix	682
lucia	682
savannah	682
barrel	682
typing	682
nerve	682
dans	682
planets	682
deficit	682
boulder	682
pointing	682
renew	682
coupled	682
viii	682
myanmar	682
metadata	682
harold	682
circuits	682
floppy	682
texture	682
handbags	682
jar	682
somerset	682
incurred	682
acknowledge	682
thoroughly	682
antigua	682
nottingham	682
thunder	682
tent	682
caution	682
identifies	682
questionnaire	682
qualification	682
locks	682
modelling	682
namely	682
miniature	682
dept	682
hack	682
dare	682
euros	682
interstate	682
pirates	682
aerial	682
hawk	681
consequence	681
rebel	681
systematic	681
perceived	681
origins	681
hired	681
makeup	681
textile	681
lamb	681
madagascar	681
nathan	681
tobago	681
presenting	681
cos	681
troubleshooting	681
uzbekistan	681
indexes	681
pac	681
erp	681
centuries	681
magnitude	681
richardson	681
hindu	681
fragrances	681
vocabulary	681
licking	681
earthquake	681
vpn	681
fundraising	681
fcc	681
markers	681
weights	681
albania	681
geological	681
assessing	681
lasting	681
wicked	681
eds	681
introduces	681
kills	681
roommate	681
webcams	681
pushed	681
webmasters	681
computational	681
acdbentity	681
participated	681
junk	681
handhelds	681
wax	681
lucy	681
answering	681
hans	681
impressed	681
slope	681
reggae	681
failures	681
poet	681
conspiracy	681
surname	681
theology	681
nails	681
evident	681
what's	681
rides	681
rehab	681
epic	681
saturn	681
organizer	681
nut	681
allergy	681
sake	681
twisted	681
combinations	681
preceding	681
merit	681
enzyme	681
cumulative	681
zshops	681
planes	681
edmonton	681
tackle	681
disks	681
condo	681
pokemon	681
amplifier	681
ambien	681
arbitrary	681
prominent	681
retrieve	681
lexington	681
vernon	681
sans	681
worldcat	681
titanium	681
irs	681
fairy	681
builds	681
contacted	681
shaft	681
lean	681
bye	681
cdt	681
recorders	681
occasional	681
leslie	681
casio	681
deutsche	681
ana	681
postings	681
innovations	681
kitty	681
postcards	681
dude	681
drain	681
monte	681
fires	681
algeria	681
blessed	681
luis	681
reviewing	681
cardiff	681
cornwall	681
favors	681
potato	681
panic	681
explicitly	681
sticks	681
leone	681
transsexual	681
citizenship	681
excuse	681
reforms	681
basement	681
onion	681
strand	681
sandwich	680
lawsuit	680
alto	680
informative	680
girlfriend	680
bloomberg	680
cheque	680
hierarchy	680
influenced	680
banners	680
reject	680
eau	680
abandoned	680
circles	680
italic	680
beats	680
merry	680
mil	680
scuba	680
gore	680
complement	680
cult	680
dash	680
passive	680
mauritius	680
valued	680
cage	680
checklist	680
bangbus	680
requesting	680
courage	680
verde	680
lauderdale	680
scenarios	680
gazette	680
hitachi	680
divx	680
extraction	680
batman	680
elevation	680
hearings	680
coleman	680
hugh	680
lap	680
utilization	680
beverages	680
calibration	680
jake	680
eval	680
efficiently	680
anaheim	680
ping	680
textbook	680
dried	680
entertaining	680
prerequisite	680
luther	680
frontier	680
settle	680
stopping	680
refugees	680
knights	680
hypothesis	680
palmer	680
medicines	680
flux	680
derby	680
sao	680
peaceful	680
altered	680
pontiac	680
regression	680
doctrine	680
scenic	680
trainers	680
muze	680
enhancements	680
renewable	680
intersection	680
passwords	680
sewing	680
consistency	680
collectors	680
conclude	680
recognised	680
munich	680
oman	680
celebs	680
gmc	680
propose	680
azerbaijan	680
lighter	680
rage	680
adsl	680
prix	680
astrology	680
advisors	680
pavilion	680
tactics	680
trusts	680
occurring	680
supplemental	680
travelling	680
talented	680
annie	680
pillow	680
induction	680
derek	680
precisely	680
shorter	680
harley	680
spreading	680
provinces	680
relying	680
finals	680
paraguay	680
steal	680
parcel	680
refined	680
fifteen	680
widespread	680
incidence	680
fears	680
predict	680
boutique	680
acrylic	680
rolled	680
tuner	680
avon	679
incidents	679
peterson	679
rays	679
asn	679
shannon	679
toddler	679
enhancing	679
flavor	679
alike	679
walt	679
homeless	679
horrible	679
hungry	679
metallic	679
acne	679
blocked	679
interference	679
warriors	679
palestine	679
listprice	679
libs	679
undo	679
cadillac	679
atmospheric	679
malawi	679
sagem	679
knowledgestorm	679
dana	679
halo	679
ppm	679
curtis	679
parental	679
referenced	679
strikes	679
lesser	679
publicity	679
marathon	679
ant	679
proposition	679
gays	679
pressing	679
gasoline	679
apt	679
dressed	679
scout	679
belfast	679
exec	679
dealt	679
niagara	679
inf	679
eos	679
warcraft	679
charms	679
catalyst	679
trader	679
bucks	679
allowance	679
vcr	679
denial	679
uri	679
designation	679
thrown	679
prepaid	679
raises	679
gem	679
duplicate	679
electro	679
criterion	679
badge	679
wrist	679
civilization	679
analyzed	679
vietnamese	679
heath	679
tremendous	679
ballot	679
lexus	679
varying	679
remedies	679
validity	679
trustee	679
maui	679
handjobs	679
weighted	679
angola	679
squirt	679
performs	679
plastics	679
realm	679
corrected	679
jenny	679
helmet	679
salaries	679
postcard	679
elephant	679
yemen	679
encountered	679
tsunami	679
scholar	679
nickel	679
internationally	679
surrounded	679
psi	679
buses	679
expedia	679
geology	679
pct	679
creatures	679
coating	679
commented	679
wallet	679
cleared	679
smilies	678
vids	678
accomplish	678
boating	678
drainage	678
shakira	678
corners	678
broader	678
vegetarian	678
rouge	678
yeast	678
yale	678
newfoundland	678
qld	678
pas	678
clearing	678
investigated	678
ambassador	678
coated	678
intend	678
stephanie	678
contacting	678
vegetation	678
doom	678
findarticles	678
louise	678
kenny	678
specially	678
owen	678
routines	678
hitting	678
yukon	678
beings	678
bite	678
issn	678
aquatic	678
reliance	678
habits	678
striking	678
myth	678
infectious	678
podcasts	678
singh	678
gig	678
gilbert	678
sas	678
ferrari	678
continuity	678
brook	678
outputs	678
phenomenon	678
ensemble	678
insulin	678
assured	678
biblical	678
weed	678
conscious	678
accent	678
mysimon	678
eleven	678
wives	678
ambient	678
utilize	678
mileage	678
oecd	678
prostate	678
adaptor	678
auburn	678
unlock	678
hyundai	678
pledge	678
vampire	678
angela	678
relates	678
nitrogen	678
xerox	678
dice	678
merger	678
softball	678
referrals	678
quad	678
dock	678
differently	678
firewire	678
mods	678
nextel	678
framing	678
organised	678
musician	678
blocking	678
rwanda	678
sorts	678
integrating	678
vsnet	678
limiting	678
dispatch	678
revisions	678
papua	678
restored	678
hint	678
armor	678
riders	678
chargers	678
remark	678
dozens	678
varies	678
msie	678
reasoning	678
liz	678
rendered	678
picking	678
charitable	678
guards	678
annotated	678
ccd	678
convinced	678
openings	678
buys	678
burlington	678
replacing	678
researcher	678
watershed	678
councils	678
occupations	678
acknowledged	678
nudity	678
kruger	678
pockets	678
granny	678
pork	678
equilibrium	678
viral	678
inquire	678
pipes	678
characterized	678
laden	678
aruba	678
cottages	678
realtor	678
merge	678
privilege	678
edgar	678
develops	678
qualifying	678
chassis	677
dubai	677
estimation	677
barn	677
pushing	677
llp	677
fleece	677
pediatric	677
boc	677
fare	677
asus	677
pierce	677
allan	677
dressing	677
techrepublic	677
sperm	677
bald	677
filme	677
craps	677
fuji	677
frost	677
leon	677
institutes	677
mold	677
dame	677
sally	677
yacht	677
tracy	677
prefers	677
drilling	677
brochures	677
herb	677
tmp	677
alot	677
ate	677
breach	677
whale	677
traveller	677
appropriations	677
suspected	677
tomatoes	677
benchmark	677
beginners	677
instructors	677
highlighted	677
bedford	677
stationery	677
idle	677
mustang	677
unauthorized	677
clusters	677
antibody	677
competent	677
momentum	677
fin	677
wiring	677
pastor	677
mud	677
calvin	677
uni	677
shark	677
contributor	677
demonstrates	677
phases	677
grateful	677
emerald	677
gradually	677
laughing	677
grows	677
cliff	677
desirable	677
tract	677
ballet	677
journalist	677
abraham	677
bumper	677
afterwards	677
webpage	677
religions	677
garlic	677
hostels	677
shine	677
senegal	677
explosion	677
banned	677
wendy	677
briefs	677
signatures	677
diffs	677
cove	677
mumbai	677
ozone	677
disciplines	677
casa	677
daughters	677
conversations	677
radios	677
tariff	677
nvidia	677
opponent	677
pasta	677
simplified	677
muscles	677
serum	677
wrapped	677
swift	677
motherboard	677
runtime	677
inbox	677
focal	677
bibliographic	677
vagina	677
eden	677
distant	677
incl	677
champagne	677
ala	677
decimal	677
deviation	677
superintendent	677
propecia	677
dip	677
nbc	677
samba	677
hostel	677
housewives	677
employ	677
mongolia	677
penguin	677
magical	677
influences	677
inspections	677
irrigation	677
miracle	677
manually	677
reprint	677
reid	677
hydraulic	677
centered	677
robertson	677
flex	677
yearly	677
penetration	677
wound	676
belle	676
rosa	676
conviction	676
hash	676
omissions	676
writings	676
hamburg	676
lazy	676
mpg	676
retrieval	676
qualities	676
cindy	676
lolita	676
fathers	676
carb	676
charging	676
cas	676
marvel	676
lined	676
cio	676
dow	676
prototype	676
importantly	676
petite	676
apparatus	676
upc	676
terrain	676
dui	676
pens	676
explaining	676
yen	676
strips	676
gossip	676
rangers	676
nomination	676
empirical	676
rotary	676
worm	676
dependence	676
discrete	676
beginner	676
boxed	676
lid	676
sexuality	676
polyester	676
cubic	676
deaf	676
commitments	676
suggesting	676
sapphire	676
kinase	676
skirts	676
mats	676
remainder	676
crawford	676
labeled	676
privileges	676
televisions	676
specializing	676
marking	676
commodities	676
pvc	676
serbia	676
sheriff	676
declined	676
griffin	676
guyana	676
spies	676
blah	676
mime	676
neighbor	676
motorcycles	676
elect	676
highways	676
thinkpad	676
concentrate	676
intimate	676
reproductive	676
preston	676
deadly	676
cunt	676
feof	676
bunny	676
chevy	676
molecules	676
rounds	676
longest	676
refrigerator	676
tions	676
intervals	676
sentences	676
dentists	676
usda	676
exclusion	676
workstation	676
holocaust	676
keen	676
flyer	676
peas	676
dosage	676
receivers	676
urls	676
customise	676
disposition	676
variance	676
navigator	676
investigators	676
cameroon	676
baking	676
marijuana	676
adaptive	676
computed	676
needle	676
baths	676
enb	676
cathedral	676
brakes	676
nirvana	676
fairfield	676
owns	676
til	676
invision	676
sticky	676
destiny	676
generous	676
madness	676
emacs	676
climb	676
blowing	676
fascinating	676
landscapes	676
heated	676
lafayette	676
jackie	676
wto	676
computation	676
hay	675
cardiovascular	675
sparc	675
cardiac	675
salvation	675
dover	675
adrian	675
predictions	675
accompanying	675
vatican	675
brutal	675
learners	675
selective	675
arbitration	675
configuring	675
token	675
editorials	675
zinc	675
sacrifice	675
seekers	675
guru	675
isa	675
removable	675
convergence	675
yields	675
gibraltar	675
levy	675
suited	675
numeric	675
anthropology	675
skating	675
kinda	675
aberdeen	675
emperor	675
grad	675
malpractice	675
dylan	675
bras	675
belts	675
blacks	675
educated	675
rebates	675
reporters	675
burke	675
proudly	675
pix	675
necessity	675
rendering	675
mic	675
inserted	675
pulling	675
basename	675
kyle	675
obesity	675
curves	675
suburban	675
touring	675
clara	675
vertex	675
hepatitis	675
nationally	675
tomato	675
andorra	675
waterproof	675
expired	675
travels	675
flush	675
waiver	675
pale	675
specialties	675
hayes	675
humanitarian	675
invitations	675
functioning	675
delight	675
survivor	675
garcia	675
cingular	675
economies	675
alexandria	675
bacterial	675
moses	675
counted	675
undertake	675
declare	675
continuously	675
johns	675
valves	675
gaps	675
impaired	675
achievements	675
donors	675
tear	675
jewel	675
teddy	675
convertible	675
ata	675
teaches	675
ventures	675
nil	675
bufing	675
stranger	675
tragedy	675
julian	675
nest	675
pam	675
dryer	675
painful	675
velvet	675
tribunal	675
ruled	675
nato	675
pensions	675
prayers	675
funky	675
secretariat	675
nowhere	675
cop	675
paragraphs	675
gale	675
joins	675
adolescent	675
nominations	675
wesley	675
dim	675
lately	675
cancelled	675
scary	675
mattress	675
mpegs	675
brunei	675
likewise	675
banana	675
introductory	675
slovak	675
cakes	675
stan	675
we'll	675
we're	675
we've	675
reservoir	675
occurrence	675
idol	675
bloody	675
mixer	674
remind	674
worcester	674
sbjct	674
demographic	674
charming	674
mai	674
tooth	674
disciplinary	674
annoying	674
respected	674
stays	674
disclose	674
affair	674
drove	674
washer	674
upset	674
restrict	674
springer	674
beside	674
mines	674
portraits	674
rebound	674
logan	674
mentor	674
interpreted	674
evaluations	674
fought	674
baghdad	674
elimination	674
metres	674
hypothetical	674
immigrants	674
complimentary	674
helicopter	674
pencil	674
freeze	674
performer	674
abu	674
titled	674
commissions	674
sphere	674
powerseller	674
moss	674
ratios	674
concord	674
graduated	674
endorsed	674
surprising	674
walnut	674
lance	674
ladder	674
italia	674
unnecessary	674
dramatically	674
liberia	674
sherman	674
cork	674
maximize	674
hansen	674
senators	674
workout	674
mali	674
yugoslavia	674
bleeding	674
characterization	674
colon	674
likelihood	674
lanes	674
purse	674
fundamentals	674
contamination	674
mtv	674
endangered	674
compromise	674
masturbation	674
optimize	674
stating	674
dome	674
caroline	674
leu	674
expiration	674
namespace	674
align	674
peripheral	674
bless	674
engaging	674
negotiation	674
crest	674
opponents	674
triumph	674
nominated	674
confidentiality	674
electoral	674
changelog	674
welding	674
orgasm	674
deferred	674
alternatively	674
heel	674
alloy	674
condos	674
plots	674
polished	674
yang	674
gently	674
greensboro	674
tulsa	674
locking	674
casey	674
controversial	674
draws	674
fridge	674
blanket	674
bloom	674
simpsons	674
lou	674
elliott	674
recovered	674
fraser	674
justify	674
upgrading	674
blades	674
pgp	674
loops	674
surge	674
frontpage	674
trauma	674
tahoe	674
advert	673
possess	673
demanding	673
defensive	673
sip	673
flashers	673
subaru	673
forbidden	673
vanilla	673
programmers	673
monitored	673
installations	673
deutschland	673
picnic	673
souls	673
arrivals	673
spank	673
practitioner	673
motivated	673
dumb	673
smithsonian	673
hollow	673
vault	673
securely	673
examining	673
fioricet	673
groove	673
revelation	673
pursuit	673
delegation	673
wires	673
dictionaries	673
mails	673
backing	673
greenhouse	673
sleeps	673
blake	673
transparency	673
dee	673
travis	673
endless	673
figured	673
orbit	673
currencies	673
niger	673
bacon	673
survivors	673
positioning	673
heater	673
colony	673
cannon	673
circus	673
promoted	673
forbes	673
mae	673
moldova	673
mel	673
descending	673
paxil	673
spine	673
trout	673
enclosed	673
feat	673
temporarily	673
ntsc	673
cooked	673
thriller	673
transmit	673
apnic	673
fatty	673
gerald	673
pressed	673
frequencies	673
scanned	673
reflections	673
hunger	673
mariah	673
sic	673
municipality	673
usps	673
joyce	673
detective	673
surgeon	673
cement	673
experiencing	673
fireplace	673
endorsement	673
planners	673
disputes	673
textiles	673
missile	673
intranet	673
closes	673
seq	673
psychiatry	673
persistent	673
deborah	673
conf	673
marco	673
assists	673
summaries	673
glow	673
gabriel	673
auditor	673
wma	673
aquarium	673
violin	673
prophet	673
cir	673
bracket	673
looksmart	673
isaac	673
oxide	673
oaks	673
magnificent	673
erik	673
colleague	673
naples	673
promptly	673
modems	673
adaptation	673
harmful	673
paintball	673
prozac	673
sexually	673
enclosure	673
acm	672
dividend	672
newark	672
paso	672
glucose	672
phantom	672
norm	672
playback	672
supervisors	672
westminster	672
turtle	672
ips	672
distances	672
absorption	672
treasures	672
dsc	672
warned	672
neural	672
ware	672
fossil	672
mia	672
hometown	672
badly	672
transcripts	672
apollo	672
wan	672
disappointed	672
persian	672
continually	672
communist	672
collectible	672
handmade	672
greene	672
entrepreneurs	672
robots	672
grenada	672
creations	672
jade	672
scoop	672
acquisitions	672
foul	672
keno	672
gtk	672
earning	672
mailman	672
sanyo	672
nested	672
biodiversity	672
excitement	672
somalia	672
movers	672
verbal	672
blink	672
presently	672
seas	672
carlo	672
workflow	672
mysterious	672
novelty	672
bryant	672
tiles	672
voyuer	672
librarian	672
subsidiaries	672
switched	672
stockholm	672
tamil	672
garmin	672
pose	672
fuzzy	672
indonesian	672
grams	672
therapist	672
richards	672
mrna	672
budgets	672
toolkit	672
promising	672
relaxation	672
goat	672
render	672
carmen	672
ira	672
sen	672
thereafter	672
hardwood	672
erotica	672
temporal	672
sail	672
forge	672
commissioners	672
dense	672
dts	672
brave	672
forwarding	672
awful	672
nightmare	672
airplane	672
reductions	672
southampton	672
istanbul	672
impose	672
organisms	672
sega	672
telescope	672
viewers	672
asbestos	672
portsmouth	672
cdna	672
meyer	672
enters	672
pod	672
savage	672
advancement	672
harassment	672
willow	672
resumes	672
bolt	672
gage	672
throwing	672
existed	672
whore	672
generators	672
wagon	672
barbie	672
dat	672
favour	672
soa	672
knock	672
urge	672
smtp	672
generates	672
potatoes	672
thorough	672
replication	672
inexpensive	672
kurt	672
receptors	672
peers	672
roland	672
optimum	672
neon	671
interventions	671
quilt	671
huntington	671
creature	671
ours	671
mounts	671
syracuse	671
internship	671
lone	671
refresh	671
aluminium	671
snowboard	671
beastality	671
webcast	671
michel	671
evanescence	671
subtle	671
coordinated	671
notre	671
shipments	671
maldives	671
stripes	671
firmware	671
antarctica	671
cope	671
shepherd	671
canberra	671
cradle	671
chancellor	671
mambo	671
lime	671
kirk	671
flour	671
controversy	671
legendary	671
bool	671
sympathy	671
choir	671
avoiding	671
beautifully	671
blond	671
expects	671
cho	671
jumping	671
fabrics	671
antibodies	671
polymer	671
hygiene	671
wit	671
poultry	671
virtue	671
burst	671
examinations	671
surgeons	671
bouquet	671
immunology	671
promotes	671
mandate	671
wiley	671
departmental	671
bbs	671
spas	671
ind	671
corpus	671
johnston	671
terminology	671
gentleman	671
fibre	671
reproduce	671
convicted	671
shades	671
jets	671
indices	671
roommates	671
adware	671
qui	671
intl	671
threatening	671
spokesman	671
zoloft	671
activists	671
frankfurt	671
prisoner	671
daisy	671
halifax	671
encourages	671
ultram	671
cursor	671
assembled	671
earliest	671
donated	671
stuffed	671
restructuring	671
insects	671
terminals	671
crude	671
morrison	671
maiden	671
simulations	671
sufficiently	671
examines	671
viking	671
myrtle	671
bored	671
cleanup	671
yarn	671
knit	671
conditional	671
mug	671
crossword	671
bother	671
budapest	671
conceptual	671
knitting	671
attacked	671
bhutan	671
liechtenstein	671
mating	671
compute	671
redhead	671
arrives	671
translator	671
automobiles	671
tractor	671
allah	671
continent	671
unwrap	671
fares	671
longitude	671
resist	671
challenged	671
telecharger	671
hoped	671
pike	671
safer	671
insertion	671
instrumentation	671
ids	671
hugo	671
wagner	671
constraint	671
groundwater	671
touched	671
strengthening	671
cologne	671
gzip	671
wishing	671
ranger	671
smallest	671
insulation	671
newman	671
marsh	671
ricky	671
ctrl	671
scared	671
theta	671
infringement	671
bent	671
laos	671
subjective	670
monsters	670
asylum	670
lightbox	670
robbie	670
stake	670
cocktail	670
outlets	670
swaziland	670
varieties	670
arbor	670
mediawiki	670
configurations	670
poison	670
ethnicity	670
dominated	670
costly	670
derivatives	670
prevents	670
stitch	670
lesotho	670
rifle	670
severity	670
rfid	670
notable	670
warfare	670
retailing	670
judiciary	670
embroidery	670
mama	670
inland	670
oscommerce	670
nonfiction	670
homeowners	670
racism	670
greenland	670
interpret	670
accord	670
vaio	670
modest	670
gamers	670
licensee	670
countryside	670
sorting	670
liaison	670
bisexual	670
unused	670
bulbs	670
consuming	670
installer	670
tourists	670
sandals	670
powershot	670
bestselling	670
insure	670
packaged	670
behaviors	670
clarify	670
seconded	670
activate	670
waist	670
attributed	670
seychelles	670
fatigue	670
patriot	670
sewer	670
crystals	670
kathleen	670
bosch	670
forthcoming	670
sandisk	670
treats	670
marino	670
detention	670
carson	670
vitro	670
exceeds	670
complementary	670
cosponsors	670
gallon	670
coil	670
battles	670
hyatt	670
traders	670
carlton	670
bitter	670
memorandum	670
burned	670
cardinal	670
dragons	670
converting	670
romeo	670
burundi	670
incredibly	670
delegates	670
turks	670
roma	670
demos	670
balancing	670
sided	670
claiming	670
psychiatric	670
tittens	670
teenagers	670
courtyard	670
presidents	670
offenders	670
depart	670
grading	670
cuban	670
tenants	670
expressly	670
distinctive	670
lily	670
brackets	670
unofficial	670
oversight	670
valentines	670
vonage	670
privately	670
wetlands	670
minded	670
resin	670
allies	670
twilight	670
preserved	670
crossed	670
kensington	670
monterey	670
linen	670
rita	670
quicktime	670
ascending	670
seals	670
nominal	670
alicia	670
decay	670
weaknesses	670
underwater	669
quartz	669
registers	669
eighth	669
usher	669
herbert	669
authorised	669
improves	669
advocates	669
phenomena	669
buffet	669
deciding	669
skate	669
vanuatu	669
joey	669
erotik	669
hackers	669
tilt	669
supportive	669
granite	669
repeatedly	669
lynch	669
masses	669
transformed	669
athlete	669
targeting	669
franc	669
bead	669
enforce	669
preschool	669
similarity	669
landlord	669
leak	669
timor	669
assorted	669
implements	669
adviser	669
flats	669
compelling	669
vouchers	669
megapixel	669
booklet	669
expecting	669
cancun	669
heels	669
voter	669
reimbursement	669
turnover	669
urine	669
cheryl	669
radeon	669
capri	669
towel	669
ginger	669
italicized	669
suburbs	669
imagery	669
chromosome	669
optimized	669
sears	669
flies	669
upgraded	669
competence	669
colorful	669
inadequate	669
crying	669
matthews	669
amateurs	669
crane	669
defendants	669
deployed	669
governed	669
considerably	669
investigating	669
rotten	669
popup	669
garnet	669
habit	669
bulb	669
scattered	669
honour	669
useless	669
protects	669
northwestern	669
audiences	669
iris	669
coupe	669
benin	669
bach	669
manages	669
erosion	669
oceania	669
abundance	669
carpenter	669
khan	669
insufficient	669
highlands	669
peters	669
fertility	669
formulation	669
clever	669
primer	669
lords	669
tends	669
fresno	669
enjoyable	669
handbag	669
crescent	669
bypass	669
freshman	669
playground	669
negotiate	669
logout	669
sixty	669
exploit	669
orgies	669
boyfriend	669
permanently	669
concentrated	669
distinguish	669
hogtied	669
projections	669
spark	669
illustrate	669
clipart	668
patience	668
securing	668
pathway	668
detectors	668
newsgroups	668
shallow	668
stir	668
spike	668
plated	668
jacques	668
drawer	668
ingredient	668
togo	668
spectra	668
lifting	668
judith	668
curtain	668
disclosed	668
davies	668
tactical	668
pilots	668
mailbox	668
copenhagen	668
expedition	668
pile	668
operative	668
humour	668
athlon	668
maturity	668
caller	668
distortion	668
prosecution	668
landscaping	668
tonga	668
imprint	668
korn	668
natalie	668
receipts	668
assisting	668
shirley	668
sanctions	668
directv	668
goodbye	668
viable	668
emerged	668
deviantart	668
defect	668
poorly	668
goddess	668
backs	668
observers	668
magnets	668
formulas	668
spacious	668
shoulders	668
argues	668
wade	668
soils	668
chapman	668
organs	668
loyalty	668
beloved	668
sometime	668
ballard	668
beating	668
faithful	668
hunks	668
appellant	668
libya	668
offence	668
invested	668
whatsoever	668
numbered	668
terminated	668
expands	668
lithium	668
sedan	668
pony	668
comprises	668
leap	668
bolton	668
founding	668
swan	668
planting	668
alphabetically	668
facials	668
covenant	668
dropping	668
calories	668
airways	668
archaeology	668
refill	668
reagan	668
sailor	668
fittings	668
lining	668
banquet	668
cares	668
sanctuary	668
flora	668
kazaa	668
einstein	668
pornstar	668
statue	668
hilary	668
quotation	668
equals	668
hardy	668
jumper	668
caravan	668
diagrams	668
harness	668
majors	668
headsets	668
manipulation	668
bells	668
vascular	668
alongside	668
impressions	668
yankees	668
toxicity	668
forwarded	668
transmitter	668
dorothy	668
freeman	668
denim	668
greenville	668
andre	668
scat	668
neighborhoods	668
puppies	668
relaxing	668
delphi	668
trophy	668
emotion	668
buick	667
slipknot	667
nets	667
sights	667
uniforms	667
residual	667
disasters	667
asterisk	667
versatile	667
liquor	667
kindergarten	667
profitable	667
wounded	667
clayton	667
bash	667
derivative	667
suffolk	667
ngos	667
necklaces	667
storesshop	667
occupancy	667
postgraduate	667
doses	667
educate	667
baked	667
glove	667
daytona	667
wastewater	667
prejudice	667
herzegovina	667
constructor	667
technicians	667
debbie	667
probable	667
issuance	667
baldwin	667
mbps	667
incorporation	667
evolutionary	667
arriving	667
decoration	667
nationals	667
trojan	667
assistants	667
counselor	667
spinal	667
eliminated	667
alito	667
sooner	667
struggling	667
enacted	667
waterfront	667
tenure	667
plush	667
weber	667
diagnosed	667
biotech	667
unstable	667
turkmenistan	667
woodland	667
iranian	667
nelly	667
fulfill	667
urged	667
reflecting	667
unsecured	667
brent	667
gaining	667
kyoto	667
definitive	667
appropriately	667
shifts	667
inactive	667
lansing	667
traveled	667
barcode	667
adapt	667
extracted	667
accession	667
patterson	667
regulator	667
carriage	667
therein	667
terminate	667
fuels	667
postcode	667
traditionally	667
withdraw	667
brett	667
makefile	667
anchorage	667
ansi	667
paula	667
vicodin	667
landmark	667
greens	667
neat	667
naming	667
stern	667
shawn	667
lacrosse	667
bentley	667
slaves	667
dentist	667
utilizing	667
crafted	667
burkina	667
eritrea	667
tutor	667
idiot	667
comprised	667
winnipeg	667
charities	667
mickey	667
debit	667
sebastian	667
aliens	667
domino	667
edits	667
unwanted	667
raven	667
defeated	667
strains	667
dwelling	667
slice	667
tanning	667
gambia	667
aspen	667
lacking	667
symbolic	667
noaa	667
cest	667
objectionable	667
angles	666
lemma	666
kyrgyzstan	666
pressures	666
webb	666
sensing	666
mediation	666
venus	666
postgresql	666
bump	666
cowboys	666
flames	666
primitive	666
kbps	666
trac	666
stocking	666
dolby	666
balloons	666
ecosystem	666
dashboard	666
malcolm	666
nikki	666
georgetown	666
technorati	666
norwich	666
halls	666
alzheimer	666
decorations	666
pause	666
simplicity	666
postscript	666
dividends	666
relaxed	666
periodicals	666
pearson	666
demon	666
welcomed	666
infinity	666
handler	666
gabon	666
notation	666
chandler	666
aunt	666
interviewed	666
crow	666
semantic	666
discontinued	666
concurrent	666
decides	666
caption	666
bargaining	666
globalization	666
atari	666
complain	666
pulmonary	666
adhesive	666
toledo	666
asses	666
altitude	666
compass	666
closet	666
reebok	666
couch	666
evolved	666
downs	666
exceeding	666
rogue	666
unfair	666
blogthis	666
electronically	666
inspirational	666
augusta	666
wilmington	666
infantry	666
faso	666
renowned	666
corridor	666
philosophical	666
scripture	666
celebrating	666
sahara	666
justification	666
rebuild	666
sdram	666
vacant	666
manuscript	666
fixing	666
motherboards	666
gram	666
hiding	666
methodist	666
inherent	666
sits	666
alphabet	666
shelves	666
toes	666
cleaned	666
honored	666
optic	666
hannah	666
telephones	666
tailored	666
insect	666
frances	666
diaries	666
chili	666
grief	666
leicester	666
vodafone	666
sweat	666
dolphin	666
pendants	666
wonders	666
romanian	666
ventilation	666
ucla	666
masks	666
celeb	666
bust	666
lateral	666
assoc	666
quake	666
palo	666
usability	666
alley	666
gardner	666
backyard	666
sanders	666
pathways	666
telegraph	666
pertaining	666
novell	666
memorable	666
refunds	666
newsroom	666
tina	666
professors	666
monument	666
taxpayer	666
formally	666
cola	666
twain	666
boise	666
nevis	666
saab	666
lavender	666
refinancing	666
justified	666
withdrawn	666
breeze	666
debates	666
gems	666
cert	666
buffy	666
doctoral	665
backpack	665
identities	665
outgoing	665
mann	665
tajikistan	665
yankee	665
sheraton	665
outs	665
snacks	665
deficiency	665
booster	665
taxable	665
progression	665
saddle	665
malaria	665
loyal	665
torrent	665
linksys	665
dentistry	665
renal	665
fedora	665
odyssey	665
spite	665
nero	665
capita	665
nyse	665
guideline	665
imply	665
inaccuracies	665
tendency	665
caledonia	665
freezer	665
wholly	665
chill	665
utilized	665
embrace	665
bnet	665
binoculars	665
liner	665
manila	665
auxiliary	665
initiate	665
elevated	665
purely	665
demographics	665
lifts	665
vivid	665
enroll	665
allegations	665
stationary	665
corresponds	665
daemon	665
foil	665
whitney	665
celebrated	665
buddies	665
alarms	665
hunters	665
allison	665
crashes	665
stairs	665
outlines	665
steroids	665
pogo	665
acted	665
konica	665
hotline	665
amps	665
byron	665
critique	665
accountants	665
coefficient	665
honestly	665
transvestite	665
upstream	665
skull	665
continuation	665
carnegie	665
digg	665
servant	665
falcon	665
jointly	665
canadians	665
avoided	665
comprising	665
tick	665
ladyboy	665
terrier	665
listened	665
explanations	665
renewed	665
hussein	665
incorporating	665
variant	665
riley	665
biochemistry	665
duplication	665
equatorial	665
critic	665
sediment	665
translators	665
squares	665
scottsdale	665
ninja	665
avalon	665
vans	665
voucher	665
honeymoon	665
percussion	665
glue	665
wheelchair	665
cone	665
margins	665
sands	665
survived	665
spinning	665
epidemiology	665
adequately	665
pentagon	665
spectral	665
diabetic	665
stressed	665
libdevel	665
prevalence	665
dominica	665
contaminated	665
fragment	665
finishes	665
lecturer	665
biomedical	665
embroidered	665
bucket	664
steak	664
gameboy	664
commits	664
cobra	664
subset	664
gucci	664
threw	664
sutton	664
djibouti	664
websphere	664
authorize	664
cheney	664
zombie	664
decorated	664
credited	664
cherokee	664
recycled	664
followup	664
recruit	664
simmons	664
gals	664
bidders	664
wherein	664
simulator	664
appearances	664
performers	664
dessert	664
dissertation	664
exporters	664
walsh	664
ninth	664
mutant	664
marry	664
blankets	664
enthusiasm	664
confusing	664
celebrations	664
approaching	664
bounce	664
ivan	664
spiral	664
governors	664
weakness	664
authoring	664
specializes	664
wills	664
katherine	664
atoms	664
jacobs	664
mauritania	664
tissues	664
reminded	664
irvine	664
drake	664
olds	664
ramp	664
jakarta	664
cynthia	664
roosevelt	664
practicing	664
schmidt	664
nicely	664
surprisingly	664
expressing	664
della	664
laurel	664
carolyn	664
rails	664
pgsql	664
fried	664
cairo	664
ambulance	664
practically	664
traded	664
signaling	664
vivo	664
malls	664
domination	664
shrimp	664
jensen	664
chords	664
impairment	664
scooter	664
molecule	664
dedication	664
desires	664
woody	664
dismissed	664
mcgraw	664
cheerleader	664
cried	664
psychic	664
cracks	664
lotion	664
analyzing	664
substrate	664
sincerely	664
beaten	664
piercing	664
ashanti	664
antilles	664
homemade	664
ukrainian	664
establishments	664
marginal	664
visions	664
efficacy	664
freshwater	664
topical	664
prestige	664
cocaine	664
accelerated	664
pinnacle	664
tucker	664
recognizes	664
plugs	664
isdn	664
responsive	664
coded	664
supra	664
omitted	664
molly	664
proximity	664
alcatel	664
belonging	664
unbiased	664
pear	664
suriname	664
chiefs	664
franz	664
collision	664
supplementary	664
parkway	664
femdom	664
palau	664
clue	664
scandal	663
duff	663
lodges	663
dangers	663
bonuses	663
scam	663
travellers	663
scream	663
biking	663
discrepancies	663
pirate	663
microsystems	663
timeout	663
senses	663
aerosmith	663
repeats	663
resellers	663
willie	663
portfolios	663
rival	663
slower	663
simulated	663
culinary	663
fairfax	663
beck	663
semantics	663
scarface	663
accountant	663
beige	663
auditing	663
rolex	663
amplifiers	663
propaganda	663
offender	663
waterloo	663
warwick	663
coli	663
executable	663
pentax	663
restart	663
rounded	663
boarding	663
vanity	663
mitigation	663
tome	663
prof	663
overstock	663
homer	663
daylight	663
macdonald	663
gases	663
dependency	663
dioxide	663
fireworks	663
genus	663
approached	663
catching	663
cutter	663
connects	663
explores	663
liberals	663
aperture	663
roofing	663
dixon	663
elastic	663
melody	663
sins	663
cousin	663
hath	663
torque	663
recalls	663
consultations	663
memberships	663
debts	663
renting	663
icann	663
ticketmaster	663
meridia	663
phillip	663
burial	663
balcony	663
prescriptions	663
prop	663
avril	663
willis	663
myths	663
camden	663
coupling	663
knees	663
oncology	663
neglect	663
emerge	663
winchester	663
clutch	663
poets	663
woven	663
bloglines	663
auditorium	663
pedro	663
maid	663
carrie	663
audioslave	663
towels	663
wikimedia	663
canterbury	663
lipitor	663
remodeling	663
trent	663
redhat	663
barber	663
intuitive	663
rigid	663
enom	663
degradation	663
haha	663
orthodox	663
erin	663
ferguson	663
coordinating	663
holistic	663
salsa	663
fragments	663
encarta	663
mariana	663
qualitative	663
claude	663
minorities	663
childcare	663
blown	663
diffusion	663
baton	663
polynesia	663
barton	663
umbrella	663
soundtracks	663
napster	663
rods	663
wong	663
stimulation	663
abbey	663
pigs	663
debugging	663
olivia	663
rechargeable	663
engineered	663
jerseys	663
refugee	663
straps	663
maya	663
discourse	663
lancashire	663
superstore	663
headache	663
stained	663
marital	663
socialist	663
bruno	662
attracted	662
undertaking	662
slavery	662
notwithstanding	662
blogroll	662
evite	662
feasible	662
romans	662
micronesia	662
credibility	662
shores	662
fest	662
thames	662
flowing	662
dreamweaver	662
diets	662
montenegro	662
deed	662
sauna	662
whirlpool	662
perfumes	662
sustain	662
mechanic	662
bauer	662
eliminating	662
rejection	662
multiplayer	662
caicos	662
bowls	662
qaeda	662
dissemination	662
shareholder	662
cardinals	662
kitts	662
cosmic	662
dawson	662
tivo	662
defective	662
deletion	662
lengths	662
beacon	662
hoover	662
macau	662
politically	662
elective	662
forensic	662
botanical	662
quartet	662
mudvayne	662
ceramics	662
suspense	662
drafting	662
cruel	662
observing	662
freestyle	662
advertised	662
commencement	662
southwestern	662
conform	662
helmets	662
organizers	662
firing	662
smartphone	662
eager	662
denise	662
hypertension	662
searchable	662
touching	662
aguilera	662
vacancy	662
servicing	662
papa	662
settlements	662
strawberry	662
chang	662
gloria	662
counselling	662
elevator	662
pupil	662
feast	662
ecards	662
maggie	662
redemption	662
profound	662
canton	662
nina	662
acura	662
registering	662
seth	662
warn	662
conservatives	662
clit	662
bonnie	662
laying	662
cops	662
provisional	662
compiling	662
fedex	662
strive	662
snowboarding	662
releasing	662
laserjet	662
martinique	662
shells	662
painter	662
cooker	662
ankle	662
peso	662
leagues	662
monkeys	662
historically	662
lego	662
transitions	662
prevented	662
digits	662
banker	662
easiest	662
microbiology	662
borrow	662
internships	662
bamboo	662
denotes	662
communicating	662
vectors	662
decks	662
craigslist	662
vibration	662
stepped	662
vent	662
blunt	662
protector	662
hamas	662
react	662
understands	662
rises	662
shane	662
issuing	662
heaters	662
accents	662
insane	662
buddha	662
voyage	661
colonel	661
transitional	661
mozart	661
acceleration	661
sketch	661
hoffman	661
balances	661
firearms	661
nightly	661
visualization	661
pitt	661
deduction	661
dancer	661
coats	661
capsules	661
hyde	661
firmly	661
dots	661
pursuing	661
newswire	661
aston	661
spermshack	661
mugs	661
brokerage	661
washed	661
overtime	661
staind	661
resonance	661
mosaic	661
rhodes	661
fiesta	661
sourcing	661
vase	661
filings	661
forcing	661
fairs	661
flute	661
durability	661
boeing	661
sizing	661
exceeded	661
meadows	661
hindi	661
presley	661
harsh	661
outfit	661
godsmack	661
labeling	661
substitution	661
whois	661
burma	661
cease	661
deserves	661
aboard	661
paradigm	661
irving	661
perfection	661
joints	661
overwhelming	661
linguistics	661
snmp	661
standardized	661
poles	661
bounds	661
lyon	661
nutrients	661
kosovo	661
santiago	661
vera	661
advising	661
altogether	661
devils	661
dignity	661
europa	661
barbuda	661
wondered	661
cheshire	661
boyd	661
sliding	661
accumulation	661
napa	661
descriptive	661
inst	661
feasibility	661
nickelback	661
negotiating	661
homo	661
pier	661
sioux	661
nazi	661
cote	661
premiums	661
jenna	661
arrays	661
lutheran	661
syllabus	661
fellows	661
valencia	661
superman	661
rodriguez	661
perkins	661
animations	661
ideally	661
activism	661
splash	661
fargo	661
chairperson	661
equip	661
saga	661
reged	661
leverage	661
probation	661
gran	661
commissioned	661
hedge	661
anguilla	661
fender	661
violet	661
dancers	661
mutation	661
radisson	661
envelopes	661
alle	661
compulsory	661
hitler	661
favorable	661
handset	661
preparations	661
maxwell	661
illustrates	661
inheritance	661
curry	661
vulnerabilities	661
oblique	661
pearls	661
worms	661
activist	661
palestinians	661
satisfying	660
ldap	660
succeeded	660
prerequisites	660
maintainer	660
apples	660
dewey	660
surviving	660
pouch	660
advent	660
proposes	660
hooks	660
exploitation	660
singers	660
mayo	660
tasmania	660
mansion	660
benq	660
surrender	660
schneider	660
accumulated	660
arsenal	660
screws	660
pyramid	660
enjoys	660
hacking	660
stripe	660
knoxville	660
averages	660
peaks	660
como	660
lisp	660
limousine	660
churchill	660
mentoring	660
affirmative	660
keynote	660
didn't	660
classrooms	660
planted	660
petitioner	660
residency	660
spoon	660
uh	660
yep	660
bombs	660
niche	660
deadlines	660
fortunately	660
cigar	660
calculating	660
erie	660
berkshire	660
bookshop	660
proportional	660
credentials	660
deprecated	660
nonetheless	660
municipalities	660
chin	660
locker	660
jenkins	660
squash	660
expectation	660
severely	660
spotted	660
curse	660
hifi	660
ajax	660
coconut	660
interrupt	660
conductor	660
won't	660
liberation	660
forex	660
diagnostics	660
grandfather	660
removes	660
luxurious	660
titan	660
dreamcast	660
tumors	660
booked	660
anita	660
indirectly	660
nile	660
blessing	660
lumber	660
kyocera	660
pillows	660
portals	660
illustrator	660
asleep	660
potassium	660
prompted	660
shout	660
nudes	660
rationale	660
hubs	660
pasadena	660
presidency	660
abnormal	660
bissau	660
delicate	660
convince	660
whoever	660
subway	660
straw	660
lifted	660
mankind	660
uncertain	660
fgets	660
citrus	660
paramount	660
cameltoe	660
upright	660
breakfasts	660
inspectors	660
emergencies	660
reuse	660
ernest	660
sightseeing	660
shocked	660
therapies	660
alcoholic	660
bakery	660
lieutenant	660
orchid	660
histories	660
loses	660
widget	660
renault	660
atkins	660
variability	660
comoros	660
suede	660
observatory	660
soda	660
waited	660
preventive	660
peach	660
calculus	660
stefan	660
selector	659
breathe	659
diaper	659
dunn	659
hotwire	659
smiling	659
ounces	659
economically	659
uncut	659
intact	659
noting	659
shifting	659
samurai	659
moines	659
subtotal	659
coefficients	659
duplex	659
delegate	659
lightly	659
negotiated	659
analyzer	659
herman	659
congestion	659
runners	659
stove	659
charset	659
clin	659
accidental	659
talents	659
nixon	659
refuge	659
brady	659
guadeloupe	659
nutrient	659
walton	659
zhang	659
underway	659
carved	659
freak	659
obstacles	659
govt	659
preferably	659
bluff	659
excerpts	659
jasper	659
formatted	659
newborn	659
sadly	659
laughed	659
gorillaz	659
avail	659
emerson	659
regulate	659
orchard	659
inhibitors	659
mythology	659
prestigious	659
deploy	659
trousers	659
gameplay	659
hatch	659
replaces	659
tomb	659
regina	659
stein	659
shortage	659
privileged	659
spill	659
goodness	659
drift	659
extracts	659
professions	659
explored	659
autism	659
mysteries	659
fuller	659
taxpayers	659
martinez	659
bombing	659
decreases	659
metrics	659
winxp	659
crisp	659
inability	659
coronary	659
bldg	659
mediated	659
prom	659
scans	659
keeper	659
reinforced	659
johannesburg	659
spells	659
specifying	659
vaginal	659
buddhist	659
isps	659
inevitable	659
etiquette	659
rookie	659
environ	659
theatrical	659
coloured	659
births	659
cubs	659
interdisciplinary	659
wheeler	659
ritual	659
miguel	659
kerala	659
pulp	659
onset	659
interpreter	659
enzymes	659
specimens	659
initiation	659
analytics	659
assay	659
jacuzzi	659
reconciliation	659
pots	659
lesbianas	659
recognizing	659
parser	659
leigh	659
razr	659
slam	659
respects	659
tents	659
plaque	659
accounted	659
deposited	659
lowe	659
beavers	659
crib	659
styling	659
snack	659
defending	659
pulls	659
autonomous	658
weezer	658
granting	658
motoring	658
appropriation	658
randomly	658
condensed	658
philippine	658
theological	658
quietly	658
semiconductors	658
scenery	658
coca	658
peugeot	658
bollywood	658
mentally	658
horoscopes	658
drying	658
assemblies	658
noun	658
xmas	658
silicone	658
collateral	658
learner	658
welcomes	658
swallow	658
tara	658
transplant	658
scoreboard	658
proliferation	658
usenet	658
squid	658
marines	658
lighthouse	658
proves	658
customised	658
trilogy	658
crab	658
brightness	658
maurice	658
brooke	658
consumed	658
maxim	658
hike	658
bore	658
imdb	658
depreciation	658
clic	658
technically	658
pharmacist	658
marley	658
enjoyment	658
typepad	658
cows	658
deliveries	658
recruiters	658
austrian	658
correspond	658
slate	658
suzanne	658
confined	658
screaming	658
inhabitants	658
straightforward	658
delighted	658
cygwin	658
morton	658
peel	658
gprs	658
jupiter	658
simultaneous	658
monopoly	658
pornography	658
debris	658
intentions	658
robotics	658
pagan	658
chopped	658
widow	658
contexts	658
randall	658
benson	658
sleeves	658
troubled	658
footnote	658
vibrant	658
evolving	658
sweater	658
approximation	658
skies	658
barrett	658
init	658
burners	658
alison	658
fitzgerald	658
kicks	658
disappeared	658
canoe	658
sovereign	658
reminds	658
organism	658
corrupt	658
violated	658
correspondent	658
drought	658
bake	658
hurricanes	658
oslo	658
symptom	658
laughter	658
foreclosures	658
propagation	658
audits	658
ignorance	658
pesticides	658
explosive	658
inventor	658
scaling	658
juicy	658
fave	658
residues	658
ashlee	658
moody	658
viet	658
fashioned	658
grains	658
vicinity	658
thyroid	658
purification	658
heal	658
orbitz	658
southeastern	658
wizards	658
horoscope	658
invasive	658
prosperity	658
rainfall	658
helsinki	658
hardback	658
launching	658
vuitton	658
nextag	658
pedal	658
inconsistent	658
plantation	658
storing	658
tote	658
jumped	658
seemingly	658
tuned	658
narnia	658
passionate	658
alfa	658
staples	658
mayer	658
backward	658
sour	657
geoff	657
rename	657
markup	657
combustion	657
breakthrough	657
scrap	657
ietf	657
administer	657
bilateral	657
bella	657
blondes	657
beneficiaries	657
disposable	657
williamson	657
sock	657
gentlemen	657
copier	657
uncategorized	657
terra	657
literal	657
questioned	657
guiding	657
charcoal	657
vapor	657
beware	657
aloud	657
glorious	657
geforce	657
overlap	657
handsome	657
defaults	657
foreclosure	657
clarification	657
grounded	657
bail	657
goose	657
espresso	657
judgement	657
cruiser	657
hendrix	657
cumberland	657
gifted	657
esteem	657
cascade	657
endorse	657
strokes	657
shelby	657
homeowner	657
ancestry	657
dolphins	657
adopting	657
landed	657
nucleus	657
tees	657
detached	657
scouts	657
warsaw	657
mist	657
winnt	657
verb	657
chic	657
hydro	657
nonlinear	657
spokane	657
objection	657
phosphate	657
playa	657
noisy	657
abide	657
radioactive	657
sentinel	657
birthdays	657
desserts	657
socio	657
pcmcia	657
preserving	657
vest	657
neal	657
economist	657
grooming	657
meridian	657
marriages	657
regret	657
validate	657
stakes	657
rotating	657
nederlands	657
brigade	657
movable	657
doubles	657
bliss	657
filmography	657
humiliation	657
tens	657
litter	657
reflective	657
outerwear	657
abbreviations	657
executing	657
greenwich	657
flooding	657
parse	657
rugged	657
jelly	657
implementations	657
grandmother	657
renovation	657
puma	657
appoint	657
attendees	657
panthers	657
perceptions	657
greenwood	657
ignition	657
humble	657
downstream	657
petrol	657
midway	657
mania	657
edwin	657
webcasts	657
accelerator	657
masterbating	657
clare	657
flyers	657
recognise	657
tacoma	657
hostile	657
aphrodite	657
radiology	657
establishes	657
whites	657
rant	657
trapped	657
bolts	657
diplomatic	657
locals	657
fringe	657
linguistic	657
internally	657
planetary	657
tungsten	657
typed	657
desc	657
datasheet	657
laurent	657
shutdown	657
manuel	657
xenical	657
computerworld	657
gaza	657
influenza	657
gill	657
tattoos	656
rude	656
sang	656
steele	656
citing	656
viewpoint	656
peptide	656
sweatshirt	656
hassle	656
regents	656
servants	656
meanings	656
conception	656
unemployed	656
heavenly	656
exeter	656
docket	656
amusement	656
elsevier	656
nordic	656
middlesex	656
curl	656
privat	656
albanian	656
overflow	656
geometric	656
hastings	656
subsidies	656
taxonomy	656
thirds	656
deli	656
willingness	656
intern	656
implicit	656
patriotic	656
simplify	656
darling	656
schwartz	656
satan	656
ornaments	656
oppose	656
sata	656
terrific	656
xxxx	656
megan	656
allergies	656
definite	656
bangalore	656
congregation	656
regiment	656
cheer	656
everett	656
reviewers	656
clutter	656
misleading	656
marty	656
predator	656
vine	656
vale	656
whereby	656
deceased	656
sparks	656
xlibs	656
belgian	656
adolescents	656
simpler	656
captures	656
coventry	656
capitalism	656
hancock	656
falkland	656
clamp	656
pricegrabber	656
mammals	656
grape	656
cloning	656
args	656
madden	656
russ	656
peppers	656
deeds	656
lively	656
inequality	656
smugmug	656
educator	656
premature	656
visually	656
tripod	656
immigrant	656
alright	656
laguna	656
limo	656
demonstrations	656
obsolete	656
aligned	656
rust	656
pesticide	656
interfere	656
traps	656
shuffle	656
wardrobe	656
transformers	656
successes	656
racer	656
fabrication	656
guilt	656
sweep	656
nash	656
exploited	656
avid	656
outpatient	656
bladder	656
inflammatory	656
immunity	656
encrypted	656
bets	656
wholesalers	656
doyle	656
ducks	656
coldfusion	656
shooter	656
switchboard	656
paints	656
vince	656
neighbourhood	656
cheating	656
carr	656
fade	656
fluorescent	656
tastes	656
cookware	656
storms	656
lavigne	656
param	656
smiled	656
jurisdictions	656
scrutiny	656
regeneration	656
lunar	656
differentiation	656
shields	656
environmentally	656
nonsense	656
invented	656
gradient	656
ncbi	656
inserts	656
elaine	656
programmable	656
posed	656
subjected	656
tasting	656
bibtex	656
chemotherapy	656
gwen	656
expose	656
borrowing	656
arises	656
precautions	656
branded	656
dysfunction	656
manning	656
lisbon	656
forks	656
monk	656
boxer	656
shining	656
livejournal	656
diazepam	655
weigh	655
rodeo	655
clerical	655
voyager	655
hobart	655
sampler	655
moose	655
jovi	655
timetable	655
dorset	655
corrosion	655
positioned	655
checker	655
buenos	655
workstations	655
conscience	655
crush	655
cathy	655
mystic	655
solicitation	655
darren	655
rectangular	655
fischer	655
pooh	655
enthusiast	655
positively	655
shaping	655
afghan	655
inspire	655
paulo	655
torn	655
meantime	655
pumping	655
patented	655
revival	655
disappear	655
lever	655
redundant	655
regency	655
milfseeker	655
tasty	655
midland	655
synchronization	655
mccarthy	655
informatics	655
oakley	655
heck	655
rants	655
tarot	655
didrex	655
brenda	655
civilians	655
bark	655
carts	655
wasted	655
purdue	655
cocoa	655
invites	655
cushion	655
reversed	655
lynx	655
figurines	655
footer	655
maternal	655
specimen	655
jedi	655
seamless	655
ancestors	655
panther	655
mixes	655
graves	655
branding	655
ghetto	655
examiner	655
vineyard	655
meadow	655
panty	655
feeder	655
mercer	655
roms	655
goodman	655
listener	655
subunit	655
chloride	655
awaiting	655
kane	655
becker	655
aires	655
bulls	655
orion	655
commercials	655
councillor	655
regulators	655
hurry	655
influential	655
clarkson	655
carlson	655
beneficiary	655
benchmarks	655
hanson	655
offspring	655
they'd	655
they'll	655
they're	655
they've	655
panorama	655
retrieving	655
roth	655
odor	655
demanded	655
reactor	655
kiribati	655
wastes	655
telnet	655
clash	655
biker	655
fidelity	655
parked	655
financials	655
castro	655
flew	655
peanut	655
holden	655
converters	655
nauru	655
rhapsody	655
trumpet	655
solitaire	655
decreasing	655
freezing	655
kaiser	655
dishwasher	655
wallis	655
criminals	655
neurons	655
retire	655
rumors	655
accomplishments	655
emergence	655
feminist	655
theatres	655
apex	655
crimson	655
compassion	655
needing	655
twentieth	655
ecosystems	655
pronounced	655
extensively	655
stain	655
conrad	655
wished	655
transient	655
kicked	655
coloring	655
curb	655
gadget	655
cctv	654
leukemia	654
reign	654
trivial	654
deco	654
ticker	654
coke	654
habitats	654
clauses	654
baron	654
remover	654
sensible	654
unlawful	654
bates	654
incorporates	654
brasil	654
webs	654
swinging	654
accountable	654
thrust	654
proving	654
unicode	654
opposing	654
prod	654
novice	654
spreadsheet	654
hewitt	654
lowering	654
delightful	654
cane	654
cruising	654
fury	654
personalities	654
discography	654
stiff	654
todo	654
encoded	654
researching	654
noah	654
wore	654
christchurch	654
pediatrics	654
traces	654
rabbi	654
sushi	654
puffy	654
asap	654
weston	654
headings	654
enthusiasts	654
ridiculous	654
scattering	654
secretaries	654
onsite	654
mapquest	654
contracted	654
elbow	654
fights	654
deleting	654
compilations	654
therapists	654
appealing	654
scholarly	654
detailing	654
stark	654
lifestyles	654
roberto	654
strongest	654
hammond	654
swimwear	654
padded	654
applet	654
pricetool	654
circa	654
revise	654
contributes	654
threesomes	654
surroundings	654
proficiency	654
quinn	654
uranium	654
consolidate	654
honours	654
daniels	654
billions	654
daewoo	654
antigen	654
ultrasound	654
stafford	654
mgmt	654
procedural	654
labrador	654
refusal	654
lima	654
suppression	654
weaver	654
cern	654
readiness	654
secular	654
macros	654
majesty	654
fishery	654
teresa	654
distributing	654
estimating	654
outdated	654
aussie	654
advisories	654
dues	654
pewter	654
lendingtree	654
belmont	654
distress	654
pumpkin	654
notably	654
intends	654
trevor	654
homosexual	654
garment	654
acad	654
bilingual	654
barbecue	654
localization	654
supplying	654
secondly	654
razor	654
cough	654
cerebral	654
grandma	654
customization	654
gigs	654
indexing	654
lori	654
oceans	654
displacement	654
spacecraft	654
ivoire	654
backwards	654
arrows	654
volunteering	654
montserrat	654
telecommunication	654
presumably	654
coatings	654
eureka	654
plea	654
constructive	654
bundles	654
tibet	654
preparedness	654
pres	654
isles	654
stretching	654
ovens	654
systemic	654
garrett	654
esther	654
playoffs	654
abundant	654
deductible	654
adaptors	654
priests	654
accompany	654
compares	654
forecasting	654
hesitate	654
inspiring	654
specialize	654
prey	654
deposition	654
laurie	654
zodiac	654
pavement	654
enya	654
masterbation	654
tubing	654
keller	654
pedestrian	654
fencing	654
bloomington	654
artery	654
conditioner	654
plaintiffs	654
inlet	654
violate	654
stimulate	654
realise	654
fluids	654
conveniently	654
lick	654
vanessa	654
stealth	654
nucleotide	654
ness	654
bronx	654
listmania	654
repayment	654
middot	654
netgear	653
canopy	653
gloss	653
panda	653
whip	653
symbian	653
porch	653
pertinent	653
lifelong	653
emailed	653
promoter	653
collegiate	653
constants	653
construed	653
interchange	653
remotely	653
fletcher	653
concise	653
isuzu	653
fibers	653
handful	653
brains	653
curtains	653
eaten	653
indigo	653
retaining	653
kelley	653
autobiography	653
conditioned	653
webring	653
prohibition	653
motions	653
redirect	653
interoperability	653
msrp	653
tuvalu	653
shampoo	653
emphasize	653
excite	653
rebels	653
neoplasms	653
artifacts	653
believing	653
hilarious	653
salisbury	653
pseudo	653
quoting	653
sinks	653
steep	653
dinar	653
dynasty	653
creed	653
carat	653
microphones	653
nobel	653
raiders	653
galaxies	653
spreads	653
verlag	653
elegance	653
volatile	653
pointers	653
sensory	653
scrapbook	653
dummies	653
throne	653
magnesium	653
pagina	653
kenwood	653
chartered	653
slopes	653
socially	653
unfortunate	653
seized	653
roundup	653
territorial	653
leases	653
imac	653
consisted	653
randolph	653
faxes	653
plump	653
memoirs	653
alkaline	653
expire	653
wwii	653
midst	653
methyl	653
campuses	653
borne	653
forgive	653
ramada	653
competitor	653
mansfield	653
neighbours	653
tesco	653
marvin	653
architectures	653
conversions	653
acdbline	653
usable	653
tempo	653
getty	653
he'd	653
he'll	653
he's	653
mutations	653
readable	653
almanac	653
conway	653
gail	653
responds	653
denote	653
slayer	653
payne	653
prog	653
firewalls	653
tester	653
polling	653
fifa	653
purchaser	653
bins	653
relies	653
inserting	653
tibetan	653
prepares	653
concludes	653
consumables	653
waterford	653
rodney	653
cylinders	653
selects	653
fulton	653
directing	653
nationality	653
highbeam	653
msdn	653
statistically	653
torch	653
zurich	653
stretched	653
depressed	653
encounters	653
haunted	653
spares	653
symmetry	653
bout	653
cont	653
adverts	653
programmed	653
lohan	653
salons	653
olympia	653
hank	653
negligence	653
unclear	653
screened	653
helper	653
carlisle	653
aromatherapy	652
rancho	652
transferring	652
nederland	652
stockton	652
stepping	652
hacks	652
clearwater	652
attic	652
trustpass	652
topology	652
appetite	652
sensation	652
piper	652
airborne	652
morality	652
honorable	652
wealthy	652
handicap	652
skinny	652
sewage	652
endowment	652
demonstrating	652
antennas	652
sundance	652
lifecycle	652
dhcp	652
avec	652
trucking	652
sonoma	652
esta	652
defender	652
amos	652
iraqis	652
shortcut	652
wretch	652
sunlight	652
stems	652
racist	652
profitability	652
fairmont	652
ventura	652
convey	652
evergreen	652
globally	652
bearings	652
govern	652
feather	652
fond	652
sore	652
aaliyah	652
fiat	652
reboot	652
sixteen	652
newsgroup	652
blinds	652
audiovox	652
traits	652
tightly	652
graded	652
phuket	652
successor	652
intrusion	652
sickness	652
guiana	652
underneath	652
prohibit	652
metabolic	652
noel	652
cans	652
abused	652
sarasota	652
billed	652
avery	652
toons	652
danielle	652
brushes	652
tenth	652
anthology	652
prosecutor	652
smiles	652
merged	652
auditors	652
grandchildren	652
desks	652
capsule	652
aided	652
relied	652
suspend	652
eternity	652
mesothelioma	652
trafficking	652
introductions	652
weighing	652
currents	652
bizjournals	652
michele	652
aide	652
kindly	652
cutie	652
protests	652
sharks	652
notch	652
minors	652
dances	652
revealing	652
reprinted	652
fernando	652
mapped	652
resurrection	652
lieu	652
decree	652
creampie	652
seoul	652
printf	652
columnist	652
discovering	652
tuberculosis	652
lacks	652
horizons	652
transplantation	652
jerome	652
daytime	652
elaborate	652
contour	652
gamble	652
descent	652
gravel	652
analyse	652
rammstein	652
disturbing	652
judged	652
shutter	652
illusion	652
ambitious	652
scrapbooking	652
notorious	652
ibid	652
residue	652
reds	652
enlarged	652
stephens	652
transforming	652
sequential	652
stripping	652
uniquely	652
bart	652
assert	652
goodies	652
fluctuations	652
bowie	652
auth	652
archaeological	652
inspect	652
thrice	652
babylon	652
gina	652
sugababes	652
edison	652
casualty	652
musings	652
whistler	652
poses	652
airfares	652
huntsville	652
noir	652
layouts	652
evan	652
servicemagic	652
mushroom	652
designate	652
scent	652
sequel	652
gymnastics	652
titanic	652
knob	652
wolves	652
exquisite	652
herpes	651
upward	651
sentenced	651
dundee	651
newsgator	651
principe	651
contractual	651
acquiring	651
judging	651
unchanged	651
kicking	651
akron	651
fines	651
grasp	651
streak	651
ounce	651
thirteen	651
tragic	651
theodore	651
buena	651
irrelevant	651
professionally	651
liberties	651
sounding	651
rebounds	651
milano	651
compressor	651
toast	651
happily	651
hooked	651
samantha	651
shrink	651
knox	651
webmail	651
carcinoma	651
taipei	651
unesco	651
mutually	651
stance	651
kumar	651
beaded	651
remembering	651
boca	651
exodus	651
compartment	651
gemini	651
kinky	651
brittany	651
dove	651
testified	651
cunningham	651
derive	651
affinity	651
presbyterian	651
supervisory	651
pretend	651
ostg	651
buddhism	651
amnesty	651
chiropractic	651
borrower	651
gloucester	651
warrants	651
owens	651
fairness	651
needles	651
coll	651
throughput	651
quota	651
netbsd	651
discreet	651
misplace	651
versa	651
serviced	651
mack	651
sung	651
lowell	651
whichever	651
starr	651
elliot	651
opener	651
vaccines	651
chooses	651
tuscany	651
jigsaw	651
jumbo	651
crowded	651
tickling	651
unspecified	651
turbine	651
unreal	651
wounds	651
percentages	651
advisers	651
manufactures	651
physiological	651
lett	651
maths	651
addison	651
charters	651
generalized	651
probes	651
unprecedented	651
frustration	651
flint	651
dummy	651
financially	651
awake	651
sanitation	651
americana	651
swivel	651
ally	651
dissolved	651
cleanliness	651
complexes	651
kung	651
varsity	651
collectively	651
insurer	651
croatian	651
inhibition	651
multicast	651
certifications	651
burnt	651
solidarity	651
frustrated	651
muhammad	651
alma	651
pradesh	651
hanover	651
inverse	651
clifton	651
holt	651
isis	651
verdict	651
nominee	651
medals	651
proton	651
dickinson	651
christi	651
lister	651
recurring	651
studs	651
allegedly	651
rhetoric	651
modifying	651
incubus	651
kaplan	651
impulse	651
surveyed	651
creditors	651
dull	651
cabins	651
commenced	651
ballroom	651
employing	651
satellites	651
ignoring	651
linens	651
stevenson	651
coherent	651
beetle	651
converts	651
majestic	651
bicycles	651
omni	651
roast	651
testers	651
debuginfo	651
complainant	651
inhibitor	651
clifford	651
knowledgeable	651
critically	651
composers	651
localities	651
jimi	651
hummer	651
reciprocal	651
accelerate	651
hatred	650
telefonsex	650
questioning	650
putative	650
manifest	650
indications	650
petty	650
permitting	650
hyperlink	650
presario	650
motorsports	650
behave	650
getaway	650
bees	650
robbins	650
zeppelin	650
felix	650
shiny	650
carmel	650
encore	650
smash	650
angelina	650
kimberly	650
unsure	650
braun	650
destructive	650
sockets	650
claimant	650
dinosaur	650
ample	650
countless	650
ashland	650
energies	650
repealed	650
royce	650
listeners	650
abusive	650
sophomore	650
antibiotics	650
landfill	650
warehousing	650
filesize	650
merits	650
scarf	650
strangers	650
garland	650
voor	650
celebrex	650
verisign	650
riviera	650
apprentice	650
obscure	650
napoleon	650
registrations	650
wavelength	650
glamour	650
slashdot	650
transvestites	650
hated	650
cheerleaders	650
sigh	650
trolley	650
principals	650
sidney	650
friedman	650
coolpix	650
spicy	650
blocker	650
tawnee	650
frankly	650
chronological	650
entrepreneurship	650
itinerary	650
fools	650
beard	650
discoveries	650
percentile	650
linkage	650
economical	650
miniatures	650
wedge	650
adjusting	650
mock	650
peggy	650
bats	650
patriots	650
ruins	650
sheila	650
ripper	650
dependencies	650
accomodation	650
benton	650
mcafee	650
chateau	650
denis	650
counselors	650
homestead	650
competitiveness	650
burger	650
microscopy	650
changer	650
sergeant	650
melt	650
syrian	650
hyper	650
madthumbs	650
linkin	650
gmail	650
cypress	650
courtney	650
cites	650
scooters	650
reserveamerica	650
organisational	650
prospectus	650
ezine	650
protectors	650
reactive	650
interiors	650
encouragement	650
clipboard	650
disadvantages	650
gamer	650
alexa	650
abbott	650
tailor	650
pollutants	650
directorate	650
chocolates	650
faux	650
supervised	650
interpreting	650
savvy	650
pascal	650
serenity	650
uploads	650
pant	650
sheridan	650
gallons	650
attainment	650
sanitary	650
terri	650
cooperate	650
dreaming	650
norms	650
implants	650
fortunate	650
alibaba	650
mushrooms	650
hormones	650
hype	650
interpretations	650
geoffrey	650
faults	650
addr	650
silva	650
grease	650
diablo	650
urinary	650
cairns	650
institut	650
premise	650
epidemic	650
prima	650
condoms	650
rite	650
directives	650
cinnamon	650
zelda	650
discharged	650
alba	650
underworld	650
variants	650
fetal	650
palms	650
lawsuits	650
seated	650
lattice	650
dong	650
realization	649
reportedly	649
absorbed	649
sirius	649
chord	649
kudoz	649
vous	649
turf	649
asphalt	649
replay	649
improper	649
flavors	649
dilemma	649
rebuilding	649
livingston	649
quickcheck	649
commenting	649
shifted	649
tangible	649
smoked	649
hawks	649
ziff	649
placebo	649
irons	649
comet	649
berg	649
baltic	649
corrective	649
competency	649
muse	649
probing	649
teachings	649
tyne	649
lotto	649
fowler	649
youngest	649
contingent	649
refreshing	649
textures	649
syrup	649
warmth	649
hawkins	649
lust	649
correlated	649
augustine	649
dominion	649
verses	649
seagate	649
nanotechnology	649
astronomical	649
solvent	649
toggle	649
luna	649
amplitude	649
aesthetic	649
commercially	649
dion	649
wolfgang	649
spacing	649
frameworks	649
completeness	649
irregular	649
barker	649
solids	649
mergers	649
capturing	649
filtration	649
certify	649
consulted	649
realised	649
cpus	649
jude	649
eighteen	649
singular	649
incremental	649
jennings	649
demons	649
unacceptable	649
redistribute	649
coping	649
corr	649
baxter	649
outbreak	649
abdominal	649
sbin	649
deficiencies	649
curved	649
milestone	649
erase	649
lien	649
bites	649
prose	649
marx	649
incidental	649
toni	649
arguing	649
vein	649
scalable	649
hale	649
swear	649
intra	649
clown	649
spontaneous	649
summers	649
taboo	649
equestrian	649
wetland	649
olson	649
methodologies	649
malicious	649
consume	649
amazed	649
fourteen	649
legislators	649
volcano	649
capacities	649
fremont	649
skeleton	649
someday	649
suspects	649
displaced	649
sounded	649
exporter	649
honesty	649
dwarf	649
northeastern	649
ifdef	649
shocks	649
rewarding	649
killers	649
battalion	649
multicultural	649
lasers	649
candid	649
schooling	649
dataset	649
thornton	649
schoolgirl	649
caesar	649
savers	649
powerpc	649
pines	649
steelers	649
stellar	649
davenport	649
locating	649
monogram	649
philippe	649
enhances	649
fucks	649
relational	649
ornament	649
graffiti	649
cassettes	649
pussies	649
urges	648
sophie	648
doesn't	648
tiff	648
refrigeration	648
attacking	648
microscope	648
houghton	648
countdown	648
threaten	648
decker	648
natl	648
bait	648
extern	648
badges	648
enron	648
kitten	648
codec	648
broadcasts	648
brides	648
dent	648
checksum	648
stealing	648
bullets	648
emphasized	648
glossy	648
informations	648
haired	648
directional	648
breeders	648
alterations	648
pablo	648
lethal	648
biographical	648
confirms	648
cavity	648
molded	648
vladimir	648
probate	648
terrestrial	648
decals	648
completes	648
beams	648
props	648
incense	648
formulated	648
dough	648
stool	648
macs	648
towing	648
welch	648
rosemary	648
millionaire	648
turquoise	648
archival	648
seismic	648
exposures	648
baccarat	648
boone	648
substituted	648
horde	648
paperwork	648
mommy	648
teenager	648
nanny	648
suburb	648
hutchinson	648
smokers	648
cohort	648
succession	648
declining	648
alliances	648
sums	648
lineup	648
averaged	648
hotspot	648
bellevue	648
glacier	648
pueblo	648
rigorous	648
gigabit	648
worksheet	648
allocate	648
relieve	648
aftermath	648
roach	648
clarion	648
override	648
angus	648
enthusiastic	648
lame	648
continuum	648
squeeze	648
feng	648
burgundy	648
struggles	648
farewell	648
soho	648
ashes	648
vanguard	648
nylons	648
chipset	648
natal	648
locus	648
msnbc	648
hillary	648
evenings	648
misses	648
troubles	648
factual	648
carisoprodol	648
tutoring	648
spectroscopy	648
gemstone	648
phonephone	648
elton	648
purity	648
shaking	648
unregistered	648
witnessed	648
cellar	648
moto	648
gonzalez	648
friction	648
prone	648
valerie	648
enclosures	648
dior	648
equitable	648
emoji	648
nope	648
um	648
fuse	648
lobster	648
pops	648
osha	648
judaism	648
goldberg	648
atlantis	648
amid	648
onions	648
preteen	648
bonding	648
insurers	648
prototypes	648
corinthians	648
crosses	648
proactive	648
issuer	648
uncomfortable	648
sylvia	648
furnace	648
sponsoring	648
poisoning	648
doubled	648
malaysian	648
clues	648
inflammation	648
rabbits	648
transported	648
crews	648
easton	648
goodwill	648
sentencing	648
bulldogs	647
worthwhile	647
ideology	647
anxious	647
tariffs	647
norris	647
cervical	647
baptism	647
cutlery	647
overlooking	647
tallahassee	647
userpic	647
knot	647
attribution	647
staffordshire	647
factories	647
acta	647
swords	647
advancing	647
timed	647
evolve	647
yuan	647
differs	647
suspicious	647
leased	647
subscribed	647
tate	647
starters	647
dartmouth	647
brewing	647
coop	647
blossom	647
scare	647
confessions	647
bergen	647
lowered	647
kris	647
thief	647
prisons	647
pictured	647
feminine	647
sizeof	647
grabbed	647
rocking	647
nichols	647
regs	647
blackwell	647
fulfilled	647
sweets	647
nautical	647
imprisonment	647
employs	647
gutenberg	647
bubbles	647
ashton	647
pitcher	647
shinedown	647
standby	647
judgments	647
muscular	647
motif	647
illnesses	647
plum	647
saloon	647
prophecy	647
loft	647
arin	647
unisex	647
historian	647
wallets	647
identifiable	647
facsimile	647
hurts	647
ethanol	647
cannabis	647
folded	647
rsvp	647
sofia	647
dynamically	647
comprise	647
grenadines	647
lump	647
constr	647
disposed	647
subtitle	647
chestnut	647
librarians	647
engraved	647
halt	647
alta	647
manson	647
autocad	647
pastoral	647
unpaid	647
ghosts	647
powerbook	647
doubts	647
locality	647
substantive	647
bulletins	647
worries	647
rejects	647
spear	647
nigel	647
referee	647
transporter	647
jolie	647
swinger	647
broadly	647
ethereal	647
crossroads	647
aero	647
constructing	647
smoothly	647
parsons	647
bury	647
infiniti	647
blanc	647
autonomy	647
bounded	647
williamsburg	647
insist	647
birch	647
supp	647
slash	647
snyder	647
budgeting	647
exercised	647
backpacks	647
detecting	647
resale	647
mikes	647
howell	647
digestive	647
scalar	647
entertain	647
cinderella	647
unresolved	647
sesame	647
duct	647
touches	647
seiko	647
electromagnetic	647
arial	647
joanne	647
housewife	647
zoofilia	647
pursued	647
validated	647
lend	647
corvette	647
yachts	647
stacy	647
christie	647
unrelated	647
lois	647
levi	647
annotate	647
stimulating	647
mont	647
joomla	647
misuse	647
helix	647
cosmos	647
speculation	647
dixie	647
pans	647
enforced	647
legion	647
fulfillment	647
biomass	647
assertion	647
hierarchical	647
lesions	647
shook	646
lincolnshire	646
financed	646
dismissal	646
surnames	646
reconditioned	646
shocking	646
allergic	646
overland	646
prolonged	646
isaiah	646
backbone	646
unanimously	646
eliminates	646
sausage	646
addict	646
matte	646
neighboring	646
uncommon	646
centralized	646
stratford	646
heidi	646
melanie	646
objections	646
unpublished	646
ames	646
slaughter	646
enlightenment	646
pistol	646
juniors	646
rockets	646
secunia	646
metering	646
seymour	646
genetically	646
zebra	646
runway	646
arithmetic	646
supposedly	646
admits	646
bombay	646
originals	646
enrichment	646
chennai	646
milford	646
buckle	646
bartlett	646
fetch	646
kitchens	646
ions	646
asshole	646
divers	646
faroe	646
townsend	646
blackburn	646
glendale	646
speedway	646
founders	646
sweatshirts	646
sundays	646
upside	646
admiral	646
patron	646
sandwiches	646
sinclair	646
boiler	646
anticipate	646
activex	646
logon	646
induce	646
annapolis	646
padding	646
recruiter	646
popcorn	646
espanol	646
disadvantaged	646
trong	646
diagonal	646
unite	646
cracked	646
debtor	646
polk	646
mets	646
niue	646
shear	646
mortal	646
sovereignty	646
supermarket	646
franchises	646
rams	646
cleansing	646
hmmm	646
genomic	646
gown	646
helpdesk	646
ponds	646
archery	646
refuses	646
excludes	646
sabbath	646
ruin	646
trump	646
nate	646
escaped	646
precursor	646
mates	646
adhd	646
avian	646
stella	646
visas	646
matrices	646
anyways	646
xtreme	646
passages	646
etiology	646
cereal	646
comprehension	646
resolving	646
mellon	646
drills	646
webmd	646
alexandra	646
champ	646
personalised	646
hospice	646
zerodegrees	646
agreeing	646
exhibitor	646
rented	646
deductions	646
harrisburg	646
brushed	646
augmentation	646
otto	646
annuity	646
assortment	646
credible	646
sportswear	646
cultured	646
importing	646
deliberately	646
recap	646
openly	646
toddlers	646
astro	646
crawl	646
chanel	646
theo	646
sparkling	646
jabber	646
bindings	646
convincing	646
rotate	646
flaws	646
este	646
tracing	646
deviations	646
incomes	646
fema	646
subwoofer	646
amortization	646
neurology	646
fragile	646
jeremiah	646
sapiens	646
olsen	646
serbian	645
radiator	645
competencies	645
restoring	645
sanchez	645
rushing	645
behold	645
amherst	645
alteration	645
hotspots	645
trainee	645
nielsen	645
podcasting	645
murdered	645
centennial	645
tuna	645
bluegrass	645
hazel	645
wipe	645
ledger	645
scarlet	645
crushed	645
acronyms	645
laughs	645
connie	645
autographed	645
referendum	645
modulation	645
statues	645
depths	645
spices	645
communion	645
loader	645
uncertainties	645
colonies	645
followers	645
caldwell	645
latency	645
themed	645
messy	645
squadron	645
rupee	645
ments	645
subsidy	645
demolition	645
irene	645
empowerment	645
felony	645
lungs	645
monuments	645
veronica	645
filtered	645
replacements	645
growers	645
vinci	645
subtitles	645
gcse	645
haul	645
acupuncture	645
workload	645
acknowledgement	645
highlighting	645
duly	645
roasted	645
tenders	645
inviting	645
grassroots	645
mick	645
gentoo	645
redevelopment	645
mustard	645
strait	645
masterpiece	645
obey	645
cellphone	645
donkey	645
jacks	645
conceived	645
triggered	645
boasts	645
praying	645
multiply	645
intercourse	645
frontgate	645
radial	645
mare	645
routinely	645
instructed	645
stole	645
kirby	645
armour	645
summarized	645
avalanche	645
northampton	645
uploading	645
manuscripts	645
managerial	645
cary	645
celine	645
exhibited	645
disciples	645
shaving	645
finepix	645
bishops	645
kite	645
destroying	645
humorous	645
tonnes	645
hypermail	645
thunderbird	645
corona	645
heap	645
griffith	645
investigative	645
letras	645
there's	645
bylaws	645
erection	645
quasi	645
energetic	645
disturbance	645
saunders	645
ribbons	645
facesitting	645
exile	645
breastfeeding	645
bilder	645
reside	645
mccartney	645
anglo	645
cashier	645
kathryn	645
butterflies	645
eats	645
randomized	645
knots	645
flea	645
motivational	645
offences	645
anton	645
pals	645
gratuite	645
gerry	645
celebrates	645
hail	645
armenian	645
longitudinal	645
historians	645
realities	645
kappa	645
mentions	645
samson	645
neuroscience	645
blender	645
jumps	645
fleming	645
blaster	645
optimistic	645
remediation	645
wasting	645
decoder	645
genocide	645
acclaimed	645
seldom	645
heathrow	645
indy	645
morrow	645
pantera	645
glitter	645
giovanni	645
sidebar	645
authored	645
lasted	645
snoop	645
awhile	645
winery	645
scaled	645
contingency	644
photon	644
wiltshire	644
vague	644
overlay	644
wraps	644
constituents	644
rusty	644
pharma	644
herd	644
handicapped	644
exported	644
fayetteville	644
champaign	644
warns	644
pakistani	644
harmless	644
bitches	644
sting	644
urbana	644
bravo	644
believers	644
diagnose	644
secsg	644
franco	644
announcing	644
dispersion	644
curiosity	644
trivium	644
amature	644
showroom	644
swarovski	644
resting	644
missiles	644
persistence	644
coarse	644
continents	644
liter	644
carpets	644
recovering	644
submarine	644
akon	644
blessings	644
brendan	644
prevailing	644
originated	644
condosaver	644
sculptures	644
amex	644
intrinsic	644
classicvacations	644
blackpool	644
thoughtful	644
nicht	644
archer	644
hertfordshire	644
inuyasha	644
nominees	644
warmer	644
viewsonic	644
dryers	644
calf	644
fujifilm	644
basil	644
hallmark	644
counterparts	644
paced	644
engl	644
grouped	644
dominate	644
asians	644
orient	644
contra	644
damaging	644
populated	644
seether	644
renee	644
boiling	644
journeys	644
milestones	644
parkinson	644
parsing	644
splitting	644
mclean	644
derbyshire	644
checkboxes	644
abandon	644
lobbying	644
rave	644
cigars	644
cinemas	644
islander	644
encoder	644
nicolas	644
inference	644
recalled	644
importers	644
impressum	644
transformer	644
weiss	644
declarations	644
chattanooga	644
giles	644
maroon	644
drafts	644
excursions	644
jerk	644
kontakt	644
shack	644
marrow	644
kawasaki	644
licences	644
bose	644
tavern	644
bathing	644
lambert	644
allowances	644
epilepsy	644
fountains	644
goggles	644
unhappy	644
clones	644
foregoing	644
crossover	644
situ	644
specificity	644
certainty	644
sleek	644
gerard	644
runoff	644
osteoporosis	644
approvals	644
antarctic	644
successive	644
neglected	644
ariel	644
monty	644
cafes	644
jukebox	644
classmates	644
hitch	644
fracture	644
nexus	644
cancers	644
foremost	644
nineteenth	644
chesapeake	644
tango	644
melting	644
mahogany	644
actresses	644
clarence	644
ernst	644
garner	644
buster	644
moderated	644
nassau	644
flap	644
ignorant	644
allowable	644
karate	644
compositions	644
sings	644
marcos	643
sorrow	643
carte	643
canned	643
collects	643
treaties	643
endurance	643
optimizing	643
teaspoon	643
switchfoot	643
coldplay	643
insulated	643
dupont	643
harriet	643
philosopher	643
rectangle	643
queer	643
pains	643
vioxx	643
decatur	643
wrapper	643
ahmed	643
buchanan	643
drummer	643
sobre	643
celexa	643
guitarist	643
symmetric	643
ceremonies	643
satisfies	643
kuala	643
appellate	643
comma	643
geeks	643
conformity	643
avant	643
repec	643
insightful	643
supper	643
fulfilling	643
hooded	643
unrated	643
diva	643
adsense	643
instability	643
seminary	643
exemptions	643
integrates	643
presenter	643
offenses	643
emulation	643
lengthy	643
sonata	643
fortress	643
contiguous	643
bookstores	643
perez	643
cimel	643
inaccurate	643
hvac	643
explanatory	643
leica	643
settlers	643
stools	643
ministerial	643
xavier	643
agendas	643
torah	643
publishes	643
stacks	643
owning	643
andersen	643
busch	643
armani	643
bipolar	643
sermon	643
facilitating	643
complained	643
ferdinand	643
taps	643
thrill	643
lagoon	643
undoubtedly	643
menopause	643
inbound	643
withheld	643
insisted	643
shortlist	643
gainesville	643
tiava	643
eclectic	643
reluctant	643
headphone	643
regimes	643
headaches	643
ramsey	643
oath	643
readme	643
pigeon	643
rivals	643
binder	643
freed	643
xemacs	643
constrained	643
parrot	643
magnum	643
invoked	643
invaluable	643
helicopters	643
keystone	643
inclined	643
gala	643
intercontinental	643
cheek	643
traction	643
utterly	643
workspace	643
customizable	643
softcover	643
gavin	643
illuminated	643
realtime	643
lasts	643
gloucestershire	643
electrons	643
psychologist	643
dane	643
claudia	643
perpetual	643
subsystem	643
appl	643
kinetic	643
caffeine	643
solicitor	643
clustering	643
glimpse	643
verbatim	643
innocence	643
httpd	643
quicker	643
grandparents	643
cardboard	643
attributable	643
sketches	643
angelo	643
tertiary	643
exhausted	643
smarter	643
slac	643
shelters	643
attain	643
dora	643
calorie	643
inconvenience	643
tang	643
graphite	643
vaccination	643
stroller	643
farther	643
bowel	643
sweaters	643
chats	643
mafia	643
riot	643
fats	643
futuna	643
mandarin	643
dungeon	643
predictable	643
germans	643
lilly	643
shire	643
susceptible	643
mosquito	643
kashmir	643
insest	643
lyons	643
skyline	643
sulfur	643
scams	643
lipid	643
putnam	643
corpse	643
speedy	643
ming	643
ritz	642
networked	642
localhost	642
lush	642
barrels	642
transformations	642
cabling	642
analogue	642
werner	642
clyde	642
stills	642
perimeter	642
biased	642
cardiology	642
playoff	642
honorary	642
irwin	642
brewer	642
chiang	642
exchanged	642
payload	642
adhere	642
fran	642
merrill	642
oldsmobile	642
grilled	642
rafael	642
enquire	642
toilets	642
mains	642
whales	642
misty	642
lindsey	642
parity	642
partitions	642
grim	642
conserved	642
searchsearch	642
hubbard	642
rewrite	642
vending	642
prism	642
chasing	642
keygen	642
janeiro	642
flop	642
aggregation	642
shelley	642
batting	642
borrowed	642
transexuals	642
rests	642
toss	642
prentice	642
depicted	642
grapes	642
proposing	642
cumbria	642
winding	642
diaz	642
ripped	642
vegan	642
congressman	642
cobalt	642
pity	642
recombinant	642
ubuntu	642
downward	642
superstar	642
closeout	642
corel	642
kayaking	642
synergy	642
catalogues	642
aspire	642
harvesting	642
garfield	642
groom	642
jewels	642
saturated	642
georges	642
backpacking	642
quincy	642
accidentally	642
doughty	642
bonded	642
sticking	642
dudley	642
osama	642
weeds	642
stripped	642
oprah	642
inflatable	642
beers	642
clive	642
fixture	642
glassware	642
canary	642
steadily	642
imagined	642
darby	642
woke	642
fills	642
proportions	642
grips	642
clergy	642
coursework	642
solicitors	642
kayak	642
moderately	642
mayotte	642
altar	642
salvage	642
repetitive	642
creators	642
stanton	642
gears	642
orbital	642
musicals	642
kilometres	642
cuff	642
lithuanian	642
amatuer	642
repeating	642
empires	642
profiling	642
reps	642
oyster	642
sturdy	642
sequencing	642
massacre	642
undergo	642
panoramic	642
risen	642
blended	642
deskjet	642
rhino	642
polynomial	642
imperative	642
stakeholder	642
digging	642
lantern	642
catches	642
evangelical	642
eaton	642
ruler	642
signifies	642
henri	642
stochastic	642
tokens	642
santana	642
kidding	642
piping	642
swept	642
swansea	642
airmail	642
staring	642
seventy	642
problematic	642
troop	642
arose	642
decomposition	642
chatham	642
roadmap	642
becky	642
lesbo	642
farrell	642
elders	642
interpreters	642
supporter	642
acknowledgements	642
klaus	642
skincare	642
when's	642
conquest	642
heroin	642
repairing	642
mandated	642
workbook	642
assemble	642
hogan	642
whistle	641
timeshare	641
diversified	641
oldies	641
fertilizer	641
complaining	641
analytic	641
predominantly	641
amethyst	641
woodward	641
concerto	641
adorable	641
ambition	641
torres	641
apologize	641
restraint	641
thrillers	641
fortran	641
eddy	641
condemned	641
berger	641
timeless	641
parole	641
corey	641
spouses	641
slips	641
ninety	641
trays	641
stewardship	641
cues	641
kisses	641
regulating	641
flock	641
exporting	641
arabian	641
subpart	641
scheduler	641
bending	641
boris	641
hypnosis	641
ammunition	641
vega	641
pleasures	641
shortest	641
denying	641
cornerstone	641
recycle	641
shave	641
disruption	641
galway	641
colt	641
artillery	641
furnish	641
precedence	641
applicability	641
volatility	641
grinding	641
rubbish	641
missionary	641
knocked	641
swamp	641
pitching	641
hoteles	641
bordeaux	641
manifold	641
tornado	641
possessed	641
upstairs	641
turtles	641
offs	641
vauxhall	641
cond	641
welcoming	641
learns	641
manipulate	641
dividing	641
hickory	641
renovated	641
inmates	641
tokelau	641
conformance	641
slices	641
diecast	641
bittorrent	641
lawson	641
damned	641
faint	641
rebuilt	641
proceeded	641
collaborate	641
tentative	641
peterborough	641
fierce	641
jars	641
authenticity	641
hips	641
gland	641
positives	641
wigs	641
resignation	641
striped	641
zion	641
blends	641
garments	641
fraternity	641
hunk	641
allocations	641
lymphoma	641
tapestry	641
here's	641
originating	641
chap	641
blows	641
inevitably	641
converse	641
frontline	641
tele	641
gardener	641
winamp	641
winnie	641
stoke	641
warwickshire	641
polymers	641
penguins	641
attracting	641
grills	641
harp	641
escrow	641
denton	641
anthem	641
tack	641
nowadays	641
woodstock	641
sack	641
inferior	641
surfers	641
abuses	641
inspected	641
jockey	641
licensors	641
indicative	641
stresses	641
incumbent	641
ithaca	641
webhosting	641
edmund	640
peoria	640
upholstery	640
aggression	640
peek	640
practiced	640
ella	640
casualties	640
monarch	640
housed	640
administering	640
temptation	640
havana	640
campground	640
nasal	640
sars	640
restrictive	640
costing	640
ranged	640
predictive	640
aquaculture	640
spruce	640
paradox	640
sendmail	640
redesign	640
billings	640
jeanne	640
nitro	640
oxidation	640
jackpot	640
halfway	640
cortex	640
entitlement	640
amending	640
conflicting	640
georgian	640
compensate	640
recherche	640
loser	640
secs	640
mixers	640
accountancy	640
policing	640
braves	640
cracking	640
sued	640
shoots	640
michaels	640
interrupted	640
hemisphere	640
miranda	640
clover	640
kindness	640
similarities	640
who's	640
porto	640
neutron	640
directs	640
jolly	640
snakes	640
swelling	640
spanning	640
politician	640
unanimous	640
railways	640
approves	640
scriptures	640
misconduct	640
lester	640
folklore	640
resides	640
wording	640
obliged	640
perceive	640
rockies	640
siege	640
exercising	640
acoustics	640
voluntarily	640
pensacola	640
condominium	640
wildcats	640
nord	640
exhibitors	640
truths	640
grouping	640
redwood	640
thereto	640
invoices	640
tyres	640
westwood	640
authorizing	640
enamel	640
toby	640
radiant	640
estonian	640
virgins	640
firstly	640
butte	640
bomber	640
reeves	640
songwriter	640
suspicion	640
disadvantage	640
bastard	640
coaster	640
spends	640
hicks	640
pratt	640
pedigree	640
strippers	640
fraudulent	640
woodworking	640
forgiveness	640
almond	640
pricerunner	640
catalytic	640
petitions	640
trenton	640
chalk	640
omar	640
alexis	640
bethesda	640
sourceforge	640
sanford	640
axle	640
membranes	640
puppet	640
testosterone	640
cultivation	640
surveying	640
grazing	640
biochemical	640
pillar	640
mirage	640
lennon	640
questionable	640
seaside	640
suitability	640
precinct	640
renamed	640
unbelievable	640
soluble	640
piracy	640
rowing	640
siding	640
hardest	640
forrest	640
invitational	640
reminders	640
negro	640
blanca	640
equivalents	640
johann	640
handcrafted	640
aftermarket	640
pineapple	640
fellowships	640
freeway	640
wrath	640
opal	640
simplest	640
patrons	640
peculiar	640
toon	640
europeans	640
commence	640
descendants	640
safeguard	640
digitally	640
lars	640
hatchback	639
obsession	639
grind	639
albeit	639
billiards	639
clint	639
bankers	639
righteous	639
redistribution	639
freaks	639
subclass	639
sampled	639
sincere	639
deploying	639
interacting	639
roanoke	639
intentionally	639
blitz	639
tended	639
censorship	639
cactus	639
viva	639
treadmill	639
fiberglass	639
attained	639
howe	639
splendid	639
janice	639
personalize	639
lava	639
sucked	639
scissors	639
broncos	639
jorge	639
cooks	639
sharply	639
granada	639
laurence	639
rebellion	639
rainy	639
regent	639
evelyn	639
vinegar	639
classifications	639
diggs	639
rafting	639
pluto	639
vail	639
fisherman	639
misery	639
undergoing	639
limerick	639
safaris	639
contaminants	639
envy	639
mitch	639
sweeping	639
mailer	639
preface	639
grievance	639
liners	639
unread	639
sentiment	639
pencils	639
galloway	639
kristin	639
forged	639
bistro	639
viola	639
voodoo	639
disclosures	639
provence	639
caching	639
rustic	639
rumor	639
shah	639
eleanor	639
deception	639
volts	639
conducts	639
divorced	639
rushed	639
excalibur	639
bots	639
weighs	639
magnolia	639
diver	639
disappointment	639
castles	639
notions	639
plateau	639
interpersonal	639
dexter	639
traumatic	639
ringer	639
zipper	639
meds	639
palette	639
blaze	639
wreck	639
threatens	639
strengthened	639
sammy	639
briefings	639
siblings	639
wakefield	639
adversely	639
devastating	639
arabs	639
bild	639
robbery	639
jasmine	639
crochet	639
brock	639
crowds	639
hoops	639
hehe	639
macon	639
lynne	639
invariant	639
stamped	639
challenger	639
increment	639
redistributed	639
uptake	639
newsweek	639
geared	639
ideals	639
chloe	639
apologies	639
tycoon	639
malignant	639
maxtor	639
dismiss	639
preceded	639
lawful	639
stag	639
crosby	639
rash	639
gateways	639
compactflash	639
collapsed	639
antibiotic	639
horns	639
diversion	639
overweight	638
fantasies	638
metasearch	638
maureen	638
trekking	638
beginnings	638
reversal	638
shoreline	638
presses	638
ordination	638
westin	638
oxfordshire	638
tandem	638
middleware	638
boil	638
deliberate	638
gagged	638
roundtable	638
surprises	638
dementia	638
barley	638
potent	638
amusing	638
mastering	638
nerves	638
shoppy	638
filesystem	638
retains	638
docking	638
guidebook	638
pilates	638
chimney	638
backstreet	638
packers	638
localized	638
naomi	638
proverbs	638
risky	638
mistaken	638
carving	638
miracles	638
slipped	638
realism	638
crete	638
fractions	638
archiving	638
disconnect	638
bloodhound	638
multilingual	638
sherry	638
desperately	638
indies	638
tulip	638
madame	638
remedial	638
vain	638
bert	638
immunization	638
dalton	638
bologna	638
departing	638
maze	638
cumming	638
barefoot	638
remuneration	638
bohemian	638
interviewing	638
categorized	638
imposing	638
damon	638
tivoli	638
transmissions	638
receivable	638
rode	638
amen	638
marching	638
evacuation	638
owing	638
warp	638
implant	638
playlists	638
thematic	638
brentwood	638
catholics	638
correctional	638
faculties	638
denies	638
buffers	638
talkback	638
servings	638
reinforce	638
inception	638
draper	638
bowman	638
frustrating	638
subversion	638
zeta	638
benny	638
spires	638
barney	638
dinnerware	638
sclerosis	638
homosexuality	638
declares	638
emotionally	638
masonry	638
carbohydrate	638
medicinal	638
estrogen	638
accrued	638
temples	638
realizing	638
cemeteries	638
indoors	638
telescopes	638
magellan	638
champs	638
federated	638
averaging	638
salads	638
addicted	638
flashlight	638
disappointing	638
rockford	638
eighty	638
staging	638
unlocked	638
scarce	638
statistic	638
ropes	638
spiders	638
obedience	638
plague	638
diluted	638
canine	638
gladly	638
schizophrenia	638
brewery	638
lineage	638
brew	638
kern	638
julius	638
coup	638
cannes	638
morse	638
dominance	638
predators	638
piston	638
cords	638
revisited	638
cass	638
sealing	638
topped	638
adhesives	638
despair	638
inventories	638
fore	638
brokeback	638
absorb	638
injected	638
alps	638
commodore	638
dumping	638
enlisted	638
prophets	638
footjob	638
supernatural	638
overlooked	638
magenta	638
tagging	638
ditch	638
feared	638
prelude	638
slick	638
overly	638
limestone	638
triggers	638
commentaries	638
constructs	638
impedance	638
dragonfly	638
manpower	638
underoath	638
chunk	637
reels	637
slept	637
gregg	637
refundable	637
billboard	637
drafted	637
chalet	637
sportsbook	637
layered	637
hopper	637
neurological	637
subs	637
specialization	637
abstraction	637
ludwig	637
watchdog	637
scandinavian	637
starbucks	637
viability	637
detained	637
luncheon	637
filler	637
zenith	637
genomics	637
browns	637
researched	637
waits	637
tenor	637
copiers	637
ovarian	637
softly	637
plenary	637
scrub	637
airplanes	637
wilkinson	637
limb	637
intestinal	637
cello	637
refusing	637
suffers	637
sweepstakes	637
occupy	637
antigens	637
midtown	637
bethlehem	637
stabilization	637
caves	637
authoritative	637
celestial	637
immense	637
audrey	637
merlin	637
kinetics	637
cocos	637
aiming	637
seizure	637
diplomacy	637
differing	637
impacted	637
foreigners	637
limp	637
capitalist	637
mute	637
beanie	637
protestant	637
tricky	637
ordinances	637
spaced	637
koch	637
topaz	637
segmentation	637
imaginary	637
albion	637
soaps	637
courthouse	637
entrepreneurial	637
dart	637
lebanese	637
wrought	637
robe	637
theresa	637
multitude	637
tutors	637
ezra	637
housekeeping	637
captive	637
kettle	637
visitation	637
gibbs	637
baggage	637
dusty	637
patty	637
serena	637
satire	637
overload	637
tortured	637
pioneers	637
vikings	637
crate	637
bootstrap	637
episcopal	637
humane	637
moonlight	637
mast	637
travelocity	637
unfinished	637
goth	637
cared	637
affection	637
sworn	637
twink	637
vicious	637
educating	637
affiliations	637
cozy	637
pussycat	637
appropriated	637
escherichia	637
mallorca	637
reversible	637
slippers	637
unclassified	637
earthquakes	637
bookshelf	637
hayward	637
wandering	637
comb	637
liquids	637
beech	637
vineyards	637
frogs	637
consequential	637
unreasonable	637
raider	637
farmington	637
timers	637
stimulus	637
economists	637
miners	637
agnes	637
constituency	637
rocker	637
acknowledges	637
alas	637
enrolment	637
sawyer	637
maori	637
lawmakers	637
tense	637
predicting	637
filipino	637
cooled	637
prudential	637
migrant	637
devotion	637
larson	637
photosmart	637
invoke	637
leaning	637
centrally	637
paddle	636
anterior	636
dealership	636
chop	636
eyewear	636
rooted	636
onyx	636
benches	636
illumination	636
freedoms	636
foolish	636
finale	636
weaker	636
stirling	636
moran	636
decal	636
compose	636
nausea	636
comfortably	636
hoop	636
clarinet	636
temps	636
clearer	636
floods	636
fritz	636
mover	636
modeled	636
erica	636
malaga	636
rainforest	636
federally	636
sustaining	636
macos	636
repaired	636
diocese	636
francois	636
obituary	636
multinational	636
painters	636
thistle	636
sleepy	636
footnotes	636
rupert	636
shrine	636
aspirin	636
striving	636
dire	636
attendant	636
gull	636
spoilers	636
machining	636
memoir	636
betsy	636
redundancy	636
meredith	636
fauna	636
cliffs	636
hayden	636
roadside	636
smells	636
dispose	636
waking	636
feathers	636
skateboard	636
reflex	636
falcons	636
automate	636
drosophila	636
branson	636
spurs	636
sion	636
ortho	636
crashed	636
appraisals	636
travelled	636
urgency	636
flashes	636
lakewood	636
brit	636
drupal	636
eliza	636
carers	636
graduating	636
rims	636
harmonic	636
darts	636
shin	636
intriguing	636
keypad	636
flaw	636
richland	636
tails	636
emulator	636
microbial	636
how's	636
discarded	636
bibles	636
hangs	636
joanna	636
quark	636
synonyms	636
stranded	636
mitochondrial	636
hercules	636
pane	636
browning	636
angular	636
veins	636
folds	636
grinder	636
angie	636
sneak	636
octet	636
incorrectly	636
avoidance	636
dinosaurs	636
sauces	636
conquer	636
probabilities	636
immortal	636
mariners	636
snapshots	636
endeavor	636
creole	636
teas	636
settling	636
inpatient	636
filming	636
badger	636
saturdays	636
partisan	636
backend	636
gratitude	636
impress	636
willy	636
anon	636
eminent	636
ribs	636
communicated	636
exceptionally	636
quilts	636
cartier	636
ageing	636
splits	636
subscribing	636
companions	636
cheques	636
containment	636
protections	636
edith	636
aliases	636
maximizing	636
screwed	636
tomcat	636
sectional	636
interestingly	636
fashionable	636
polly	636
tidal	636
jules	636
ballots	636
ernie	636
testify	636
boycott	636
vitality	636
clerks	636
crust	636
bothered	636
traverse	636
vengeance	636
dolly	636
pissed	636
garrison	636
barb	636
huns	636
miner	636
fashions	635
genital	635
analogy	635
insomnia	635
constituent	635
aura	635
cecil	635
sponge	635
cajun	635
algebraic	635
sect	635
diner	635
anticipation	635
enduring	635
scarborough	635
kristen	635
winters	635
nous	635
explosives	635
mound	635
backgammon	635
chromatography	635
overdose	635
snatch	635
mole	635
owed	635
ethan	635
ladyboys	635
orgasms	635
kissed	635
buff	635
freezers	635
butcher	635
psalms	635
reese	635
chefs	635
engraving	635
constituted	635
gastrointestinal	635
hamlet	635
pagerank	635
clad	635
excursion	635
matlab	635
inverness	635
grange	635
netware	635
resigned	635
retriever	635
fled	635
enriched	635
brandy	635
swings	635
scion	635
elle	635
reptiles	635
vortex	635
swallowing	635
purses	635
bodily	635
gamespy	635
beaumont	635
standalone	635
hoods	635
antitrust	635
equine	635
fireplaces	635
proto	635
jared	635
requisite	635
retrospective	635
emphasizes	635
lizard	635
bouquets	635
wears	635
anesthesia	635
shropshire	635
filemaker	635
regal	635
safeguards	635
cabbage	635
wrongful	635
spectator	635
arrests	635
circumstance	635
signage	635
numbering	635
encode	635
admins	635
alvin	635
accolades	635
sliced	635
reproductions	635
infertility	635
byrd	635
sidewalk	635
prob	635
breaker	635
curly	635
alberto	635
collage	635
asserted	635
aces	635
benchmarking	635
jealous	635
refinement	635
durban	635
learnt	635
hound	635
squirrel	635
teleflora	635
concealed	635
bankruptcies	635
gauges	635
blueprint	635
spiderman	635
bridging	635
wharf	635
rhythms	635
departures	635
flick	635
datum	635
shotgun	635
stimulated	635
chickens	635
canceled	635
briggs	635
cheyenne	635
empowering	635
surveyor	635
facilitator	635
macworld	635
maize	635
extinction	635
unaware	635
rockville	635
banff	635
discretionary	635
psalm	635
scented	635
timestamp	635
gowns	635
spying	635
dermatology	635
lied	635
sandbox	635
bloc	635
pinkworld	635
premiership	635
recurrent	635
talbot	635
leaks	635
recursive	635
swell	635
obstacle	635
ville	635
registerregister	635
fluorescence	634
kosher	634
mantle	634
additives	634
chico	634
driveway	634
irony	634
gesture	634
fairbanks	634
marketed	634
armies	634
hugs	634
greenfield	634
santos	634
mandrake	634
owls	634
cutters	634
camper	634
acquires	634
ceased	634
merging	634
plaques	634
breadth	634
mammoth	634
liquidity	634
convictions	634
intentional	634
galactic	634
sophia	634
merchandising	634
prohibits	634
ombudsman	634
innings	634
registrant	634
reorganization	634
pronunciation	634
firefighters	634
placements	634
concession	634
measurable	634
parcels	634
pastry	634
manners	634
levin	634
phosphorus	634
viper	634
volcanic	634
gypsy	634
thieves	634
preaching	634
pimp	634
repeal	634
gimp	634
uncovered	634
hemp	634
eileen	634
proficient	634
pelican	634
cyclic	634
swimsuit	634
apocalypse	634
morphology	634
printprinter	634
cousins	634
discharges	634
condom	634
admire	634
westerns	634
dodgers	634
poured	634
usefulness	634
unsolicited	634
binds	634
unveiled	634
correlations	634
burt	634
titus	634
textual	634
suffix	634
handsets	634
installment	634
spindle	634
heavens	634
inks	634
wink	634
diarrhea	634
seahawks	634
mister	634
rounding	634
inorganic	634
flare	634
scholastic	634
wight	634
mondays	634
withholding	634
insertions	634
foliage	634
ativan	634
fife	634
generals	634
crank	634
goats	634
autographs	634
summarize	634
stub	634
fundamentally	634
creamy	634
exposition	634
savesave	634
rains	634
buckley	634
middleton	634
laminated	634
tort	634
brace	634
backups	634
novelties	634
gigantic	634
ryder	634
animalsex	634
mayhem	634
washers	634
polymerase	634
octave	634
struts	634
easyshare	634
suppress	634
harding	634
dams	634
deserved	634
violates	634
rutherford	634
separates	634
proofs	634
precedent	634
biosynthesis	634
prosecutors	634
confirming	634
garth	634
alloys	634
getaways	634
facilitated	634
paolo	634
metaphor	634
bridget	634
wonderland	634
infusion	634
jessie	634
conn	634
argus	634
mango	634
spur	634
jubilee	634
landmarks	634
polite	634
sith	634
thigh	634
asynchronous	634
paving	634
cyclone	634
perennial	634
seventeen	634
meats	634
clearinghouse	634
bulldog	634
cleavage	634
analysed	634
gradual	634
brethren	634
facilitates	634
embodiment	634
ramones	634
everquest	634
violating	634
recruited	634
bernstein	634
skis	634
marketers	634
toilette	634
trailing	634
pact	634
lipstick	634
lulu	634
windy	633
punished	633
saturation	633
alamo	633
chronology	633
mastery	633
thermometer	633
cranberry	633
downhill	633
vita	633
steer	633
nesting	633
vogue	633
aired	633
spaghetti	633
outward	633
whisper	633
tues	633
compromised	633
utilizes	633
confession	633
deprived	633
benedict	633
lesbos	633
vodka	633
molding	633
fasteners	633
bricks	633
communism	633
leopard	633
sakai	633
flowering	633
jingle	633
bounty	633
arcadia	633
fishes	633
ringing	633
knobs	633
taurus	633
whiskey	633
absurd	633
committing	633
tolerant	633
stoves	633
enactment	633
laminate	633
earring	633
aggregator	633
datatype	633
embryo	633
postnuke	633
nora	633
salts	633
furious	633
iteration	633
ceilings	633
dispenser	633
respecting	633
approving	633
unsafe	633
refills	633
ibis	633
separating	633
soups	633
residing	633
unidentified	633
markings	633
moist	633
tractors	633
drained	633
coed	633
audiobooks	633
mule	633
kiwi	633
cessation	633
append	633
motive	633
pests	633
acreage	633
seasoned	633
sunflower	633
duel	633
fingerprint	633
stocked	633
sorority	633
bethel	633
audition	633
doris	633
motives	633
reinforcement	633
dwight	633
leveraging	633
psychotherapy	633
provost	633
guessing	633
stokes	633
lakers	633
saxophone	633
cocktails	633
mead	633
throttle	633
steroid	633
gong	633
communicator	633
horticulture	633
resets	633
sympathetic	633
fridays	633
ordinator	633
isolate	633
unconscious	633
bays	633
acronym	633
faulty	633
affidavit	633
breathtaking	633
streamline	633
messiah	633
brunch	633
infamous	633
pundit	633
pleasing	633
seizures	633
appealed	633
figurine	633
surveyors	633
mutants	633
tenacious	633
expiry	633
waterfall	633
sensual	633
persecution	633
goldman	633
petit	633
burgess	633
inning	633
gaze	633
chlorine	633
freshly	633
initialize	633
saxon	633
isabella	633
foundry	633
toxicology	633
monies	633
bodybuilding	633
assassination	633
nostalgia	633
remarkably	633
acetate	633
stall	633
saratoga	632
entirety	632
destined	632
marcel	632
terminator	632
hulk	632
badminton	632
cyan	632
cory	632
flores	632
olivier	632
portage	632
stacey	632
serif	632
dwellings	632
informing	632
yellowstone	632
portability	632
characterize	632
ricardo	632
yourselves	632
yearbook	632
lubricants	632
alameda	632
aerosol	632
hostage	632
cracker	632
anglican	632
monks	632
compliment	632
scotch	632
sermons	632
philly	632
remembers	632
coolers	632
multilateral	632
freddie	632
contention	632
audited	632
juliet	632
adjunct	632
guernsey	632
galore	632
dehydrogenase	632
persia	632
axes	632
postfix	632
stirring	632
haze	632
pits	632
exponential	632
utter	632
bottled	632
ants	632
gastric	632
secretarial	632
influencing	632
rents	632
theirs	632
mattresses	632
todays	632
donovan	632
toaster	632
cater	632
colts	632
rehearsal	632
reputable	632
tuck	632
slab	632
lure	632
archbishop	632
questionnaires	632
ling	632
incompatible	632
emblem	632
profileprofile	632
roadway	632
overlapping	632
serials	632
walters	632
dunes	632
equivalence	632
murders	632
vaughn	632
miserable	632
unsuccessful	632
condominiums	632
decorate	632
appleton	632
bottoms	632
revocation	632
vomiting	632
chesterfield	632
exposing	632
tubs	632
simulate	632
schematic	632
medina	632
thankful	632
pneumatic	632
alaskan	632
friedrich	632
sniper	632
vertices	632
elephants	632
pinch	632
additive	632
professionalism	632
libertarian	632
washable	632
normalized	632
scopes	632
fundraiser	632
braces	632
troll	632
teamwork	632
deficient	632
auditions	632
refrigerators	632
redirected	632
annotations	632
middletown	632
filth	632
moderation	632
worrying	632
ontology	632
timberland	632
mags	632
outrageous	632
kraft	632
videogames	632
concluding	632
blackboard	632
chopper	632
nitrate	632
pinball	632
pharmacists	632
skates	632
surcharge	632
hers	632
grin	632
latvian	632
footprint	632
installs	632
malware	632
tunnels	632
crises	632
trillion	632
comforter	632
cashmere	632
nguyen	632
meteorological	632
spit	632
labelled	632
darker	632
salomon	632
horsepower	632
globes	632
algae	632
alcoholism	632
dissent	632
maximal	632
prenatal	632
documenting	632
choral	632
unrestricted	632
happenings	632
leicestershire	632
contempt	631
socialism	631
leds	631
edible	631
anarchy	631
clicked	631
ineffective	631
scorecard	631
drawers	631
conditioners	631
acme	631
leakage	631
culturally	631
shady	631
chemist	631
evenly	631
janitorial	631
reclamation	631
rove	631
propane	631
appendices	631
collagen	631
lionel	631
praised	631
rhymes	631
blizzard	631
erect	631
nigerian	631
refining	631
concessions	631
commandments	631
malone	631
confront	631
vests	631
lydia	631
coyote	631
makeover	631
breeder	631
electrode	631
dragonball	631
chow	631
cookbooks	631
pollen	631
drunken	631
avis	631
valet	631
spoiler	631
cheng	631
polarized	631
shrubs	631
watering	631
baroque	631
barrow	631
eliot	631
jihad	631
transporting	631
sharepoint	631
rifles	631
posterior	631
aria	631
excise	631
poetic	631
abnormalities	631
mortar	631
blamed	631
recommending	631
inmate	631
dirk	631
posture	631
thereon	631
valleys	631
declaring	631
motorsport	631
septic	631
commencing	631
armada	631
wrench	631
thanked	631
arranging	631
thrilled	631
predicts	631
amelia	631
palmone	631
jonah	631
expedited	631
discomfort	631
curricula	631
scar	631
indictment	631
apology	631
raped	631
collars	631
andover	631
sloan	631
pudding	631
flawed	631
checkpoint	631
examiners	631
callaway	631
possesses	631
dorm	631
squared	631
needless	631
pies	631
lakeside	631
palma	631
interconnection	631
gilmore	631
heterogeneous	631
taxis	631
hates	631
aspirations	631
fences	631
excavation	631
cookers	631
luckily	631
ultraviolet	631
lighted	631
pneumonia	631
monastery	631
erected	631
expresses	631
haitian	631
dialing	631
migrate	631
carton	631
lorraine	631
identifiers	631
mentors	631
transforms	631
ammonia	631
steiner	631
licensure	631
roxy	631
outlaw	631
tammy	631
saws	631
bovine	631
dislike	631
systematically	631
interruption	631
demi	631
imminent	631
madam	631
tights	631
compelled	631
criticized	631
hypertext	631
soybean	631
electra	631
affirmed	631
communal	631
landlords	631
brewers	631
libby	631
dynamite	631
tease	631
motley	631
aroma	631
pierced	631
translates	631
retractable	630
cognition	630
quickbooks	630
cain	630
townhouse	630
verona	630
stormwater	630
delegated	630
coco	630
chatting	630
punish	630
fishermen	630
pipelines	630
conforming	630
causal	630
rudy	630
stringent	630
rowan	630
assigning	630
dwell	630
hacked	630
inaugural	630
awkward	630
weaving	630
metropolis	630
arafat	630
psychologists	630
diligence	630
stair	630
splitter	630
dine	630
standardization	630
enforcing	630
lakeland	630
thiscategory	630
classy	630
struggled	630
lookout	630
arterial	630
injustice	630
mystical	630
ironing	630
commanded	630
woodlands	630
guardians	630
manifesto	630
slap	630
jaws	630
textured	630
finn	630
doppler	630
pedestal	630
entropy	630
widening	630
snooker	630
unleashed	630
underwood	630
saline	630
sonny	630
longevity	630
isabel	630
sterile	630
importer	630
orioles	630
botany	630
dissolution	630
rotor	630
pauline	630
quart	630
bison	630
suppressed	630
allegro	630
materially	630
amor	630
fungi	630
phyllis	630
dreamy	630
emojis	630
thx	630
bengal	630
backstage	630
scrolls	630
awakening	630
fairies	630
prescribe	630
greed	630
nominate	630
sparkle	630
autograph	630
migrating	630
gasket	630
refrain	630
lastly	630
overcoming	630
wander	630
kona	630
relieved	630
firearm	630
closures	630
participatory	630
intermittent	630
ante	630
micron	630
budgetary	630
vols	630
revolving	630
bundled	630
pantie	630
bombers	630
covert	630
crater	630
leah	630
favored	630
bred	630
spongebob	630
fractional	630
markus	630
ideological	630
fostering	630
rheumatoid	630
thence	630
birthplace	630
bleed	630
reverend	630
transmitting	630
cabernet	630
neptune	630
caucasian	630
understandable	630
shea	630
goblet	630
doctorate	630
binaries	630
inventions	630
slovenian	630
practicable	630
showdown	630
simone	630
fronts	630
ancestor	630
russians	630
potentials	630
incur	630
tempe	630
cores	630
borrowers	630
canonical	630
nodded	630
confronted	630
believer	630
australians	630
nifty	630
declines	630
unveils	630
peacock	630
utmost	630
skeletal	630
dems	630
yates	630
rollover	630
helpers	630
elapsed	630
anthrax	630
academies	630
tout	630
shockwave	630
imitation	630
harvested	630
hopeful	630
furnishing	630
negatively	630
westlife	630
residences	630
spinach	630
liquidation	630
predecessor	630
cheeks	630
hare	630
beasts	630
touchdown	630
planar	630
philanthropy	630
adequacy	630
peanuts	630
discovers	630
eastman	630
franchising	630
coppermine	630
discard	630
cavalry	630
breakers	630
quorum	630
forwards	630
prevalent	630
plat	629
exploits	629
dukes	629
offended	629
trimmed	629
ferries	629
worcestershire	629
muller	629
prostitution	629
mosque	629
fudge	629
extractor	629
horseback	629
vested	629
terribly	629
earnest	629
myocardial	629
everytime	629
callback	629
tory	629
encompasses	629
sander	629
oldham	629
conductivity	629
confederate	629
presumed	629
annette	629
climax	629
blending	629
weave	629
vicki	629
postponed	629
danville	629
philosophers	629
speeding	629
creditor	629
exits	629
pardon	629
skateboarding	629
abby	629
deepthroat	629
outback	629
teller	629
mandates	629
siena	629
biopsy	629
peptides	629
veil	629
peck	629
custodian	629
quarry	629
seneca	629
oceanic	629
tres	629
helm	629
burbank	629
festive	629
awakenings	629
preserves	629
sediments	629
appraiser	629
ingram	629
gaussian	629
hustler	629
jess	629
tensions	629
secretion	629
linkages	629
separator	629
insult	629
scraps	629
waived	629
cured	629
buggy	629
recon	629
kennel	629
drilled	629
fileplanet	629
souvenirs	629
royals	629
prescribing	629
slack	629
pastel	629
differentiate	629
strollers	629
jays	629
uninsured	629
pilgrim	629
vines	629
susceptibility	629
ambiguous	629
disputed	629
scouting	629
royale	629
instinct	629
gorge	629
righteousness	629
carrot	629
discriminatory	629
opaque	629
headquartered	629
bullying	629
saul	629
flaming	629
empower	629
apis	629
marian	629
liens	629
caterpillar	629
hurley	629
pedals	629
chew	629
teak	629
benefited	629
prevail	629
bitmap	629
migraine	629
undermine	629
omission	629
diminished	629
jonas	629
cages	629
methane	629
pager	629
capitals	629
correctness	629
westchester	629
implication	629
banjo	629
shaker	629
natives	629
quilting	629
campgrounds	629
stout	629
rewarded	629
densities	629
athena	629
deepest	629
matthias	629
duane	629
sane	629
turnaround	629
climbed	629
corrupted	629
relays	629
navigational	629
stargate	629
hanna	629
husbands	629
saskatoon	629
fading	629
colchester	629
fingertips	629
rockwell	629
persuade	629
roaming	629
oversized	629
sibling	629
determinations	629
burberry	629
weighed	629
ashamed	629
concierge	629
gorilla	629
gatherings	629
endure	629
inhibit	629
cheltenham	629
screenplay	629
unabridged	629
dickens	629
endpoint	629
juniper	629
repetition	629
labelling	629
siberian	629
synchronous	629
heartland	629
preparatory	629
cafeteria	629
outfitters	629
fielding	628
dune	628
homelessness	628
cursed	628
efficiencies	628
blowout	628
youths	628
migrants	628
tumble	628
oversee	628
thresholds	628
stare	628
unlocking	628
missy	628
isn't	628
waveform	628
deficits	628
contradiction	628
flair	628
helium	628
applegate	628
wonderfully	628
whitewater	628
tableware	628
bernie	628
workgroup	628
congenital	628
trojans	628
insanity	628
clement	628
embraced	628
finely	628
authenticated	628
reformed	628
tolerate	628
mana	628
lest	628
adhesion	628
dialysis	628
filmed	628
carole	628
noticeable	628
aesthetics	628
smoker	628
benign	628
hypotheses	628
afforded	628
aisle	628
blur	628
evidently	628
summarizes	628
limbs	628
unforgettable	628
punt	628
sludge	628
tanned	628
altering	628
bunker	628
multiplication	628
paved	628
heavyweight	628
fabricated	628
zach	628
pasture	628
phantomnode	628
richest	628
cruelty	628
comptroller	628
creatine	628
mormon	628
minimizing	628
scots	628
genuinely	628
plugged	628
souvenir	628
relativity	628
mojo	628
cucumber	628
occurrences	628
marshal	628
rituals	628
anders	628
seize	628
decisive	628
spawn	628
blanks	628
dungeons	628
watercolor	628
uncensored	628
sailors	628
stony	628
trainees	628
shelving	628
effluent	628
annals	628
storytelling	628
sadness	628
periodical	628
polarization	628
dime	628
losers	628
punta	628
flavour	628
smes	628
ionamin	628
crypt	628
accomplishment	628
onwards	628
bogus	628
carp	628
prompts	628
witches	628
barred	628
skinner	628
equities	628
dusk	628
customary	628
vertically	628
crashing	628
cautious	628
possessions	628
feeders	628
urging	628
passions	628
faded	628
scrolling	628
counterpart	628
utensils	628
secretly	628
tying	628
lent	628
diode	628
magician	628
indulgence	628
aloe	628
johan	628
melted	628
lund	628
extremes	628
puff	628
underlined	628
whores	628
bloomfield	628
obsessed	628
flavored	628
gemstones	628
viewpoints	628
groceries	628
motto	628
singled	628
appalachian	628
staple	628
dealings	628
phillies	628
pathetic	628
ramblings	628
craftsman	628
irritation	628
rulers	628
centric	628
collisions	628
militia	628
optionally	628
conservatory	628
nightclub	628
bananas	628
geophysical	628
fictional	628
adherence	628
golfing	628
defended	628
handlers	628
grille	628
elisabeth	628
claw	628
pushes	628
alain	628
flagship	628
kittens	628
openoffice	628
illegally	628
deter	628
tyre	628
furry	628
cubes	628
transcribed	628
bouncing	628
wand	628
linus	628
cavalier	628
rinse	628
outfits	628
repertoire	628
respectfully	628
emeritus	628
ulster	628
macroeconomic	628
tides	628
weld	627
venom	627
gundam	627
writ	627
dispensing	627
tailed	627
puppets	627
tapping	627
hostname	627
typo	627
immersion	627
explode	627
escapes	627
berries	627
merchantability	627
happier	627
autodesk	627
mummy	627
stacked	627
winged	627
brighter	627
speciality	627
warranted	627
attacker	627
ruined	627
catcher	627
damp	627
sanity	627
ether	627
suction	627
crusade	627
rumble	627
inverter	627
correcting	627
shattered	627
heroic	627
motivate	627
retreats	627
mackay	627
formulate	627
bridgeport	627
assessor	627
fullerton	627
sheds	627
blockbuster	627
amarillo	627
pixmania	627
pathfinder	627
anomalies	627
homogeneous	627
bonsai	627
windshield	627
humphrey	627
spheres	627
belonged	627
tomtom	627
assigns	627
croydon	627
sofas	627
cushions	627
fern	627
convection	627
defenders	627
lore	627
ancillary	627
pointless	627
whipped	627
dinners	627
factoring	627
genealogical	627
gyms	627
inhalation	627
selfish	627
eventual	627
faucet	627
nach	627
mitigate	627
bitpipe	627
jamestown	627
techs	627
electives	627
walkman	627
midget	627
quan	627
boiled	627
commissioning	627
neville	627
experimentation	627
saltwater	627
herring	627
unfamiliar	627
wacky	627
expectancy	627
deterioration	627
proclaimed	627
arid	627
anemia	627
biting	627
coincidence	627
idiots	627
mona	627
reits	627
muddy	627
savanna	627
hitchcock	627
raspberry	627
cancellations	627
paging	627
nudists	627
illusions	627
spikes	627
airsoft	627
enumeration	627
keeling	627
accesses	627
permissible	627
yielded	627
nuisance	627
jive	627
siam	627
latent	627
marcia	627
drowning	627
casper	627
spun	627
shalt	627
loch	627
commanding	627
sparrow	627
poorest	627
hector	627
datasets	627
webdesign	627
nicotine	627
comeback	627
brotherhood	627
milling	627
sinking	627
sulphur	627
curricular	627
downtime	627
takeover	627
wicker	627
balm	627
thessalonians	627
figs	627
nephew	627
confess	627
chit	627
chaotic	627
alexandre	627
lays	627
principally	627
visor	627
transistor	627
jarvis	627
drip	627
traced	627
outright	627
melodies	627
spotting	627
myriad	627
stains	627
sandal	627
rubbing	627
naive	627
skeptical	627
wagering	627
remembrance	627
detects	627
everest	627
disregard	627
hanger	627
dragged	627
pitbull	627
foreman	627
allegiance	627
fairview	627
hires	627
conduit	627
alienware	627
dependable	627
mainframe	627
echoes	627
compilers	627
ladders	627
prudent	627
glowing	627
heartbeat	627
blazer	627
alchemy	627
linden	627
timezone	627
tanya	627
geographically	627
alternating	627
tristan	627
audible	627
folio	627
presiding	627
mans	627
colleen	627
participates	627
waterways	627
syndicated	627
lexicon	626
fractures	626
apprenticeship	626
childbirth	626
dumped	626
integers	626
zirconia	626
shortages	626
plumbers	626
rama	626
johannes	626
fiery	626
convex	626
richer	626
soleil	626
patton	626
surfer	626
diapers	626
waco	626
connor	626
biscuits	626
disclaims	626
outbound	626
breakout	626
restless	626
unanswered	626
paired	626
fakes	626
vaults	626
injections	626
remortgage	626
complies	626
tossed	626
caucus	626
workaround	626
polytechnic	626
pillars	626
katy	626
overwhelmed	626
salute	626
shoppe	626
parody	626
penthouse	626
compensated	626
lacked	626
circulated	626
pistons	626
maltese	626
acorn	626
bosses	626
pint	626
ascension	626
bayer	626
carrera	626
mornings	626
cation	626
mentioning	626
flagstaff	626
thrive	626
feminism	626
rightly	626
paragon	626
basal	626
topps	626
dewalt	626
turnout	626
bruins	626
persist	626
indispensable	626
clamps	626
illicit	626
firefly	626
liar	626
tabletop	626
pledged	626
pictorial	626
curling	626
ares	626
wholesaler	626
smoky	626
opus	626
typekey	626
aromatic	626
flirt	626
slang	626
emporium	626
princes	626
restricting	626
partnering	626
promoters	626
soothing	626
freshmen	626
mage	626
departed	626
israelis	626
finch	626
inherently	626
krishna	626
forefront	626
headlights	626
monophonic	626
largo	626
proquest	626
amazingly	626
plural	626
dominic	626
sergio	626
swapping	626
skipped	626
hereinafter	626
extracting	626
analogous	626
hebrews	626
particulate	626
tally	626
unpleasant	626
tempted	626
bedfordshire	626
blindness	626
creep	626
staining	626
rockport	626
shaded	626
plaster	626
novo	626
negotiable	626
subcategories	626
hearted	626
quarterback	626
obstruction	626
agility	626
complying	626
sudbury	626
otis	626
overture	626
newcomers	626
hectares	626
upscale	626
scrabble	626
noteworthy	626
agile	626
sacks	626
docbook	626
kiosk	626
ionic	626
stray	626
runaway	626
slowing	626
hoodie	626
payout	626
clinically	626
watchers	626
supplemented	626
poppy	626
monmouth	626
metacritic	626
obligated	626
frenzy	626
decoding	626
jargon	626
kangaroo	626
sleeper	626
elemental	626
presenters	626
teal	626
unnamed	626
doncaster	626
particulars	626
jerking	626
weblogic	626
bungalow	626
bazaar	626
interconnect	626
predicate	626
recurrence	626
chinatown	626
mindless	626
purifier	626
recruits	626
sharper	626
tablespoons	626
greedy	626
rodgers	626
gloryhole	626
supervise	626
termed	625
stamping	625
coolest	625
hotjobs	625
downing	625
basque	625
societal	625
halogen	625
pegasus	625
silhouette	625
tuesdays	625
dorado	625
daring	625
realms	625
maestro	625
superpages	625
forte	625
coaxial	625
tipping	625
holster	625
fiddle	625
crunch	625
bard	625
arabidopsis	625
reap	625
faucets	625
ballistic	625
exemplary	625
payouts	625
rockin	625
caliber	625
apostle	625
playful	625
supermarkets	625
icelandic	625
enchanted	625
belgrade	625
styled	625
commanders	625
waive	625
contraception	625
bethany	625
polaroid	625
vance	625
soprano	625
polishing	625
marquis	625
underage	625
translating	625
frontiers	625
timeshares	625
logger	625
adjoining	625
greet	625
acclaim	625
birding	625
hardship	625
lymph	625
pollutant	625
closeouts	625
miriam	625
cavaliers	625
rollers	625
pumped	625
differentiated	625
verifying	625
almighty	625
weekday	625
homecoming	625
increments	625
kurdish	625
intuition	625
revoked	625
openness	625
chromium	625
circulating	625
bryce	625
latch	625
verbs	625
drank	625
confrontation	625
grower	625
frederic	625
darlington	625
slippery	625
unpredictable	625
galerie	625
capacitor	625
outpost	625
moroccan	625
mira	625
nightwish	625
chatter	625
santo	625
lettuce	625
raging	625
tidy	625
motorized	625
jong	625
subgroup	625
oppression	625
vets	625
bows	625
yielding	625
assays	625
torso	625
occult	625
expeditions	625
hooker	625
ramon	625
longhorn	625
lorenzo	625
beau	625
backdrop	625
subordinate	625
lilies	625
aerobic	625
articulate	625
ecstasy	625
sweetheart	625
thursdays	625
hobbs	625
mediator	625
dunlop	625
modernization	625
cultivated	625
rang	625
disconnected	625
consulate	625
businessman	625
watersports	625
lucent	625
wilkes	625
commuter	625
orthopedic	625
disagreement	625
strands	625
tyrosine	625
compost	625
adjourned	625
familiarity	625
initiating	625
erroneous	625
grabs	625
marlin	625
pulses	625
theses	625
stuffing	625
casserole	625
canoeing	625
wilton	625
ophthalmology	625
flooded	625
clubhouse	625
reverted	625
crackers	625
greyhound	625
corsair	625
licensees	625
wards	625
unsupported	625
evaluates	625
hinge	625
ultima	625
cockpit	625
protesters	625
venetian	625
carrots	624
laps	624
memorials	624
resumed	624
conversely	624
stunt	624
excuses	624
commute	624
staged	624
hustle	624
stimuli	624
subroutine	624
upwards	624
witty	624
pong	624
transcend	624
loosely	624
anchors	624
hertz	624
atheist	624
capped	624
bridgewater	624
firefighter	624
liking	624
preacher	624
propulsion	624
intangible	624
westfield	624
compassionate	624
catastrophic	624
blower	624
substitutes	624
flown	624
dubbed	624
silky	624
groovy	624
vows	624
actuarial	624
distorted	624
nathaniel	624
attracts	624
bern	624
qualifies	624
grizzly	624
helpline	624
micah	624
erectile	624
timeliness	624
obstetrics	624
chaired	624
repay	624
hurting	624
homicide	624
prognosis	624
colombian	624
pandemic	624
await	624
sparse	624
corridors	624
fossils	624
victories	624
dimage	624
chemically	624
fetus	624
determinants	624
compliments	624
durango	624
cider	624
noncommercial	624
crooked	624
gangs	624
segregation	624
superannuation	624
overcast	624
inverted	624
lenny	624
achieves	624
documentaries	624
remake	624
braille	624
forehead	624
skye	624
percy	624
scratches	624
lilac	624
sinus	624
maverick	624
intellect	624
charmed	624
harman	624
hears	624
wilhelm	624
nationalism	624
pervasive	624
anabolic	624
clears	624
videotape	624
knowingly	624
pivot	624
amplification	624
larsen	624
huron	624
snippets	624
undergraduates	624
digestion	624
dustin	624
mixtures	624
composites	624
soaring	624
dragging	624
virtues	624
banning	624
flushing	624
deprivation	624
delights	624
foreword	624
glide	624
transverse	624
watertown	624
pathogens	624
engagements	624
withstand	624
newbury	624
authorizes	624
blooms	624
soar	624
jacking	624
radiohead	624
uniformly	624
subsections	624
piedmont	624
tiki	624
empowered	624
homepages	624
lena	624
outlying	624
slogan	624
subdivisions	624
handouts	624
deducted	624
ezekiel	624
totaling	624
elijah	624
marvelous	624
stretches	624
vigorous	624
biloxi	624
flee	624
biscuit	624
submits	624
woes	624
waltz	624
menace	624
emerges	624
downstairs	624
statesman	624
indymedia	624
clapton	624
cheerful	624
blush	624
leaflet	624
spherical	624
intracellular	624
informs	624
dramas	624
waltham	624
geisha	624
billiard	624
briefcase	624
malay	624
unseen	624
optimism	624
silica	624
modal	624
unusually	624
addendum	624
widest	624
impotence	624
medley	624
cadet	623
redskins	623
kirsten	623
temper	623
yorker	623
intravenous	623
ashcroft	623
asserts	623
loren	623
stew	623
newsfeed	623
hereafter	623
retiring	623
smashing	623
yakima	623
accumulate	623
realtones	623
interpro	623
tahiti	623
tracey	623
mariner	623
collier	623
hush	623
darfur	623
fragmentation	623
paranormal	623
whispered	623
generosity	623
vibrating	623
glossaries	623
lama	623
artisan	623
akin	623
raphael	623
lola	623
embarrassing	623
carbohydrates	623
aqueous	623
pembroke	623
norwood	623
appetizers	623
stockholders	623
webmin	623
stylesheet	623
goldstein	623
splinter	623
preferable	623
juices	623
ironically	623
morale	623
morales	623
solder	623
trench	623
persuasion	623
hottie	623
stripper	623
adrenaline	623
mammalian	623
opted	623
lodged	623
revolt	623
meteorology	623
analyzes	623
renders	623
pioneering	623
pristine	623
shines	623
catalan	623
spreadsheets	623
regain	623
resize	623
auditory	623
applause	623
medically	623
tweak	623
trait	623
popped	623
busted	623
basins	623
farmhouse	623
pounding	623
picturesque	623
ottoman	623
graders	623
eater	623
tuners	623
utopia	623
slider	623
insists	623
lettering	623
dads	623
pouring	623
hays	623
cyrus	623
concentrating	623
soak	623
courtroom	623
hides	623
goodwin	623
manure	623
cannot	623
savior	623
dade	623
secrecy	623
wesleyan	623
baht	623
duplicated	623
dreamed	623
relocating	623
fertile	623
hinges	623
plausible	623
creepy	623
filthy	623
subchapter	623
narrator	623
optimizations	623
bellsouth	623
augustus	623
fahrenheit	623
hillside	623
standpoint	623
laundering	623
nationalist	623
piazza	623
denoted	623
nazis	623
cumfiesta	623
oneself	623
royalties	623
piles	623
abbreviation	623
vaginas	623
blanco	623
critiques	623
stroll	623
anomaly	623
thighs	623
expressive	623
infect	623
bezel	623
pers	623
dotted	623
frontal	623
havoc	623
ubiquitous	623
arsenic	623
synonym	623
facilitation	623
doomed	623
francs	623
ballad	623
sling	623
contraction	623
devised	623
explorers	623
billie	623
undercover	623
substrates	623
joystick	623
knowledgebase	623
ravens	623
underline	623
obscene	623
spammers	623
hymn	623
continual	623
nuclei	623
tummy	623
axial	623
slowed	623
aladdin	623
tolerated	623
quay	623
outing	623
instruct	623
topographic	623
westport	623
overhaul	623
peruvian	623
indemnity	623
imaginative	623
weir	623
wednesdays	623
burgers	623
remarked	623
portrayed	623
watchlist	623
clarendon	623
campers	623
phenotype	623
countrywide	623
ferris	623
julio	623
affirm	623
spelled	623
epoch	623
mourning	623
resistor	623
plaid	623
fable	622
rescued	622
snowmobile	622
exploded	622
padres	622
scars	622
whisky	622
uptown	622
susie	622
subparagraph	622
batter	622
weighting	622
rectal	622
nuggets	622
silently	622
pesos	622
shakes	622
dram	622
impartial	622
hershey	622
embryos	622
punctuation	622
initials	622
spans	622
pallet	622
pistols	622
mara	622
garages	622
tanner	622
avenues	622
urology	622
tackling	622
obese	622
compress	622
apostles	622
sober	622
collaborations	622
tread	622
legitimacy	622
zoology	622
steals	622
unwilling	622
isolates	622
worksheets	622
wigan	622
abba	622
paddy	622
huskies	622
plunge	622
sinister	622
burr	622
arteries	622
chaser	622
formations	622
vantage	622
texans	622
diffuse	622
boredom	622
norma	622
crosse	622
overdrive	622
ripley	622
phosphorylation	622
helpless	622
depletion	622
neonatal	622
rowling	622
flatbed	622
spades	622
slug	622
visionary	622
coffin	622
otter	622
golfers	622
lira	622
navajo	622
earns	622
recess	622
dispersed	622
technics	622
shouted	622
clippers	622
shilling	622
resemble	622
spirited	622
carbonate	622
mimi	622
discriminate	622
stared	622
recharge	622
crocodile	622
sassy	622
ratification	622
vases	622
filmmakers	622
transnational	622
advises	622
sind	622
coward	622
paralegal	622
teamed	622
preset	622
inequalities	622
jams	622
pancreatic	622
tran	622
manicures	622
dyes	622
turbulence	622
yell	622
fins	622
underwriting	622
dresser	622
rulemaking	622
rake	622
ornamental	622
riches	622
resign	622
collectable	622
stephan	622
aries	622
ramps	622
tackles	622
injunction	622
intervene	622
poised	622
barking	622
josephine	622
dread	622
catchment	622
targus	622
tactic	622
partitioning	622
voicemail	622
handwriting	622
serpent	622
lingere	622
tapped	622
articulated	622
pitched	622
parentheses	622
contextual	622
wisely	622
accustomed	622
steaks	622
playhouse	622
superficial	622
toxins	622
suns	622
casts	622
bunk	622
cryptography	622
stab	622
sanction	622
dyer	622
effected	622
signalling	622
daycare	622
tubular	622
scorpio	622
avoids	622
richter	622
ultrasonic	622
evidenced	622
heinz	622
argos	622
larvae	622
dyke	622
ashford	622
intergovernmental	622
paranoid	622
kernels	622
mobilization	622
barron	622
wilkins	622
snorkeling	622
chilean	622
gifs	621
qualifier	621
manipulated	621
alleviate	621
fungal	621
seam	621
peoplesoft	621
freelists	621
riddle	621
coastline	621
comedies	621
fainter	621
omit	621
respectful	621
flamingo	621
cabaret	621
deformation	621
recession	621
assembler	621
awaited	621
renovations	621
nozzle	621
externally	621
needy	621
genbank	621
broadcasters	621
employability	621
wheeled	621
booksellers	621
noodles	621
darn	621
diners	621
greeks	621
retardation	621
supervising	621
freeport	621
corning	621
dishnetwork	621
armored	621
weary	621
solitary	621
claremont	621
photographed	621
tweed	621
snowy	621
pianist	621
emmanuel	621
acapulco	621
surrounds	621
knocking	621
cosmopolitan	621
magistrate	621
everlasting	621
childs	621
pigment	621
faction	621
tous	621
bizkit	621
argentine	621
endocrine	621
scandinavia	621
minnie	621
resp	621
genie	621
ammo	621
chars	621
linn	621
rulings	621
handel	621
geophysics	621
microscopic	621
coherence	621
slater	621
broccoli	621
foreach	621
oakwood	621
sensations	621
orphan	621
disturbances	621
chandelier	621
linker	621
embryonic	621
carver	621
graceful	621
synchronized	621
intercept	621
shellfish	621
shouts	621
ascertain	621
veto	621
trajectory	621
epsilon	621
exhaustive	621
annoyed	621
bureaucracy	621
knowles	621
astrophysics	621
stalls	621
fined	621
bien	621
hansard	621
inward	621
reflector	621
greeted	621
hartley	621
defenses	621
meaningless	621
clam	621
vampires	621
relocate	621
negligible	621
starch	621
melinda	621
godfather	621
apron	621
glazing	621
guts	621
pragmatic	621
tyranny	621
provisioning	621
warehouses	621
regimen	621
axel	621
expandable	621
antony	621
fluffy	621
marianne	621
slender	621
hereford	621
bender	621
reliably	621
aides	621
absorbing	621
cherries	621
gaelic	621
alec	621
polski	621
distinguishing	621
ventricular	621
glazed	621
judd	621
dashed	621
petersen	621
libyan	621
dickson	621
distressed	621
bans	621
shouting	621
bullock	621
villagers	621
transferable	621
yummy	621
acknowledgments	621
ethiopian	621
mermaid	621
buds	621
concordance	621
greenberg	621
sexes	621
wilder	621
sire	621
centred	621
confinement	621
islanders	621
ding	621
uncover	621
contested	621
coma	621
husky	621
conserve	621
bland	621
electrodes	621
abatement	621
cramer	621
originator	621
ching	621
whipping	621
skipping	621
melanoma	621
thug	621
routed	621
rudolph	621
abigail	621
missionaries	621
yugoslav	621
householder	621
plotting	620
succeeding	620
shaver	620
elmer	620
fibrosis	620
sails	620
hummingbird	620
overlook	620
ported	620
robes	620
fungus	620
astonishing	620
polyethylene	620
graveyard	620
chunks	620
revert	620
ignores	620
parametric	620
popping	620
captains	620
awarding	620
superbowl	620
pandora	620
flatware	620
eyeglasses	620
fenton	620
polaris	620
formulations	620
enigma	620
glands	620
parenthood	620
militant	620
artworks	620
inferno	620
allegheny	620
arenas	620
torrents	620
compressors	620
outset	620
confuse	620
exclusives	620
yvonne	620
attaching	620
adept	620
lounges	620
doubtful	620
consultative	620
insecure	620
explosions	620
normative	620
trunks	620
longtime	620
versatility	620
mckay	620
intricate	620
strata	620
solver	620
solvents	620
depository	620
hubert	620
proclamation	620
beauties	620
hybrids	620
kudos	620
gillian	620
darrell	620
creams	620
irrespective	620
handbooks	620
imposition	620
shawnee	620
crowley	620
ensured	620
kidnapped	620
cereals	620
outrage	620
scrubs	620
orchestral	620
artifact	620
coldwell	620
veterinarian	620
dripping	620
krona	620
afterward	620
disseminate	620
devote	620
facets	620
frightened	620
noises	620
ambiguity	620
booths	620
discourage	620
elusive	620
speculative	620
madeira	620
coasters	620
intimacy	620
geologic	620
fleetwood	620
hallway	620
ripping	620
endocrinology	620
replicas	620
polygon	620
reloaded	620
ester	620
servo	620
riparian	620
thriving	620
hampers	620
gracious	620
guelph	620
tenuate	620
snail	620
curator	620
jaime	620
demise	620
theoretically	620
grooves	620
sutra	620
mower	620
conveyed	620
gamestats	620
swine	620
typographical	620
testsuite	620
trophies	620
quicken	620
stressful	620
heron	620
extranet	620
graft	620
crossings	620
derrick	620
eastwood	620
handspring	620
envoy	620
gerber	620
aquarius	620
resembles	620
stencil	620
doorway	620
grandson	620
catalina	620
redding	620
accompaniment	620
redirection	620
derivation	620
showcases	620
warden	620
refinery	620
margarita	620
clans	620
instituted	620
notary	620
abort	620
indent	620
sociological	620
removals	620
antrim	620
offending	620
forgetting	620
macedonian	620
accelerating	620
guesthouse	620
reservoirs	620
barlow	620
tyrone	620
edged	620
insiders	620
encompass	620
duvet	620
spade	620
hermes	620
glare	620
metaphysical	620
decode	620
looney	620
insignificant	619
exchanging	619
pledges	619
mentality	619
brigham	619
turbulent	619
jewelers	619
dilution	619
fortunes	619
sultan	619
masked	619
casing	619
veterinarians	619
plotted	619
grids	619
sightings	619
binutils	619
spacer	619
microprocessor	619
claiborne	619
generously	619
spills	619
assistive	619
amounted	619
chronograph	619
refunded	619
sunnyvale	619
repression	619
reaper	619
honoring	619
spamcop	619
embracing	619
climatic	619
broaden	619
salinity	619
begging	619
handout	619
freddy	619
bushes	619
contend	619
restraints	619
paisley	619
telemarketing	619
cutoff	619
truncated	619
gibbons	619
nitric	619
visuals	619
breads	619
glover	619
railroads	619
unicorn	619
normandy	619
martina	619
floats	619
headlight	619
justices	619
orderly	619
pipermail	619
wafer	619
clinicians	619
entertainers	619
blockers	619
stash	619
roofs	619
reefs	619
jamaican	619
semen	619
hover	619
endogenous	619
quarantine	619
memorex	619
showtime	619
narcotics	619
detrimental	619
oceanfront	619
molds	619
elias	619
flange	619
realplayer	619
subsistence	619
chilled	619
citadel	619
topography	619
allentown	619
leaflets	619
romero	619
wrinkle	619
contemplated	619
predefined	619
adolescence	619
harmon	619
indulge	619
bernhard	619
hearth	619
buzznet	619
embarrassed	619
aggressively	619
melodic	619
coincide	619
brookfield	619
endorsements	619
genoa	619
enlightened	619
viscosity	619
clippings	619
radicals	619
bengals	619
estimator	619
concurrently	619
penetrate	619
stride	619
catastrophe	619
leafs	619
greatness	619
electrician	619
mayfield	619
archie	619
parasites	619
bleach	619
entertained	619
inventors	619
ferret	619
louisa	619
agony	619
wolverine	619
taller	619
doubling	619
stupidity	619
individualized	619
stephenson	619
enrich	619
foreground	619
revelations	619
replying	619
raffle	619
shredder	619
incapable	619
acknowledgment	619
embedding	619
hydrology	619
mascot	619
launcher	619
labyrinth	619
africans	619
primers	619
undergone	619
preach	619
triangular	619
disabling	619
cones	619
lupus	619
inversion	619
thankfully	619
taxed	619
presumption	619
excitation	619
salesman	619
hatfield	619
constantine	619
confederation	619
petals	619
gator	619
imprisoned	619
memberlist	619
roseville	619
heller	619
dishwashers	619
remixes	619
replicate	619
taped	619
docks	619
biometric	619
landowners	619
incubation	619
aggregates	619
wrangler	619
defiance	619
asymmetric	619
bully	619
cytochrome	619
valiant	619
constructions	619
youngsters	619
shure	619
breasted	619
banging	619
vertigo	619
unsatisfactory	618
fluent	618
rhyme	618
donating	618
giveaway	618
renter	618
patel	618
honeywell	618
mcintosh	618
suffice	618
nightclubs	618
barrington	618
caterers	618
capacitors	618
convened	618
accusations	618
debated	618
itineraries	618
stallion	618
reagents	618
walkers	618
equipments	618
necessities	618
weekdays	618
camelot	618
computations	618
wineries	618
booker	618
deserted	618
diversification	618
keepers	618
antioxidant	618
logically	618
caravans	618
oranges	618
semesters	618
contends	618
snort	618
occupants	618
storyline	618
melrose	618
streamlined	618
analysing	618
airway	618
commas	618
vicky	618
luminous	618
submitter	618
unparalleled	618
anyhow	618
waterfalls	618
obtains	618
antwerp	618
hardened	618
primal	618
straits	618
upheld	618
manifestation	618
subsets	618
blazers	618
jupitermedia	618
triad	618
webpages	618
fitch	618
charting	618
fixation	618
endowed	618
alamos	618
cameo	618
attire	618
blaine	618
leach	618
gravitational	618
typewriter	618
cyrillic	618
pomona	618
goddard	618
designee	618
fanny	618
sunni	618
plagiarism	618
milky	618
combs	618
monoxide	618
upland	618
outage	618
unconstitutional	618
chunky	618
adopts	618
raptor	618
macao	618
snaps	618
defends	618
depicts	618
pilgrimage	618
quantify	618
elevators	618
elfwood	618
substitutions	618
lancome	618
galleria	618
booklets	618
gluten	618
narrowed	618
spanked	618
eighteenth	618
hurst	618
inscription	618
ascent	618
obispo	618
turbines	618
notepad	618
tedious	618
universally	618
golfer	618
receivables	618
chewing	618
scripps	618
accommodated	618
tendencies	618
livermore	618
rowland	618
welded	618
conforms	618
cirque	618
marxism	618
reggie	618
diffraction	618
outlining	618
subtract	618
bosnian	618
refreshments	618
depict	618
coils	618
callers	618
hydration	618
haven't	618
preferential	618
navel	618
arbitrator	618
interns	618
quotas	618
prolific	618
nurseries	618
methodological	618
walkthrough	618
footsteps	618
indefinitely	618
sucker	618
bumps	618
bikinis	618
frightening	618
wildly	618
sable	618
retarded	618
bookcrossing	618
addicts	618
epithelial	618
drastically	618
neatly	618
singleton	618
spaniel	618
worthless	618
clarks	618
spool	618
groupware	618
matchmaking	618
jeopardy	618
rovers	618
voiced	618
aeronautics	618
radiography	618
norsk	618
annoy	618
aspiring	618
refereed	618
dazzling	618
cornelius	618
scientifically	618
grandpa	618
cornish	618
guessed	618
kennels	617
toxin	617
axiom	617
stamina	617
hardness	617
abound	617
curing	617
socrates	617
aztec	617
vents	617
mater	617
oneida	617
filmmaker	617
crowned	617
sandstone	617
adapting	617
grounding	617
smartphones	617
calvert	617
fiduciary	617
cranes	617
rooster	617
saccharomyces	617
proctor	617
prehistoric	617
humps	617
balkans	617
dictate	617
joker	617
romantics	617
trimmer	617
bookkeeping	617
hikes	617
kickoff	617
wiped	617
contours	617
abdomen	617
tudor	617
villains	617
prayed	617
inefficient	617
heirs	617
parasite	617
guildford	617
twill	617
therapeutics	617
shortcomings	617
cures	617
disruptive	617
kicker	617
protease	617
concentrates	617
preclude	617
abrams	617
newsforge	617
fasting	617
loudly	617
racers	617
horseshoe	617
constellation	617
recital	617
pairing	617
utrecht	617
kirkland	617
bedtime	617
thinkers	617
reminiscent	617
rapport	617
ephesians	617
catfish	617
doubletree	617
brink	617
transex	617
hotpoint	617
truss	617
anthologies	617
retirees	617
peaches	617
depressing	617
investigates	617
strangely	617
narratives	617
skipper	617
drains	617
anonymity	617
gotham	617
maxima	617
unification	617
responsiveness	617
testimonial	617
khaki	617
gazetteer	617
distributes	617
jacobson	617
navigating	617
monash	617
homology	617
slough	617
prodigy	617
embossed	617
mould	617
blasts	617
rhinestone	617
poorer	617
quadratic	617
dissatisfied	617
philharmonic	617
dynamical	617
cantonese	617
keychain	617
shakers	617
bourbon	617
staggering	617
bismarck	617
rubbed	617
inhibited	617
bookseller	617
lexical	617
uterus	617
trashy	617
chimes	617
expended	617
webber	617
handycam	617
aggregated	617
strategically	617
exhibiting	617
deputies	617
emergent	617
erika	617
authenticate	617
aligning	617
beaufort	617
nautilus	617
radically	617
terminating	617
platter	617
modding	617
chamberlain	617
steamboat	617
brewster	617
inferred	617
shaman	617
croft	617
uplifting	617
extracellular	617
penal	617
exclusions	617
pageant	617
henley	617
purchasers	617
stockport	617
plywood	617
morbidity	617
binders	617
pitchers	617
custodial	617
integrator	617
tracts	617
sectoral	617
trombone	617
postsecondary	617
morally	617
hosiery	617
ambulatory	617
lookin	617
reptile	617
camouflage	617
beckham	617
overdue	617
dispensers	617
cowan	617
firebird	617
mohawk	617
riots	617
showbiz	617
schwarz	617
persuaded	617
teasing	616
rejecting	616
emphasizing	616
unbound	616
antiqua	616
sacrifices	616
delinquent	616
contrasting	616
nestle	616
correspondents	616
boxers	616
imperfect	616
disguise	616
eleventh	616
embassies	616
workouts	616
lapse	616
seamlessly	616
wally	616
girlfriends	616
phenomenal	616
songbook	616
civilizations	616
hepatic	616
friendships	616
copeland	616
marjorie	616
shrub	616
kindred	616
reconsider	616
sanctioned	616
swanson	616
aquifer	616
condemn	616
renegade	616
awaits	616
augmented	616
amends	616
fullest	616
shafts	616
finer	616
stereotypes	616
marlins	616
burdens	616
invocation	616
shelly	616
gillespie	616
exiting	616
brooch	616
motifs	616
nineteen	616
spraying	616
griffiths	616
hamburger	616
reactivity	616
edmond	616
invaders	616
lieberman	616
volunteered	616
windchill	616
swollen	616
storefront	616
grasses	616
scatter	616
steward	616
cherished	616
smack	616
incidentally	616
codeine	616
cheerleading	616
wellbeing	616
depleted	616
holiness	616
divinity	616
campaigning	616
hairdryer	616
tougher	616
sherlock	616
punitive	616
comprehend	616
cloak	616
outsource	616
siebel	616
captions	616
pamphlet	616
clipper	616
umbrellas	616
chromosomes	616
priceless	616
assassin	616
exploiting	616
cynical	616
manic	616
etched	616
choke	616
transmitters	616
underwent	616
collaborating	616
tuxedo	616
comforts	616
appoints	616
bicycling	616
swallowed	616
blueberry	616
imperialism	616
mouths	616
socioeconomic	616
halter	616
hamster	616
bushnell	616
finalize	616
lumens	616
pumpkins	616
sudanese	616
shrinking	616
novelist	616
faceplate	616
packer	616
arroyo	616
tipped	616
amidst	616
insurgents	616
etching	616
where's	616
discouraged	616
oblivion	616
gravy	616
inherit	616
sprinkle	616
stitching	616
softcore	616
advisable	616
referencing	616
gladstone	616
congregations	616
handing	616
payer	616
beforehand	616
laborer	616
militants	616
resins	616
watcher	616
vibrations	616
strawberries	616
abbas	616
moods	616
cougar	616
montrose	616
dobson	616
surreal	616
soaked	616
irradiation	616
redesigned	616
raster	616
abridged	616
credential	616
checklists	616
quirky	616
oscillator	616
palate	616
finalists	616
encrypt	616
thierry	616
sneakers	616
incontinence	616
pajamas	616
masculine	616
lubricant	616
realizes	616
quests	616
petitioners	616
outsourced	616
constable	616
sayings	616
unconditional	616
unbeatable	616
progressively	616
upstate	616
lymphocytes	616
topping	616
repayments	616
chilling	616
translucent	616
fueled	616
glaze	616
newcomer	616
branching	616
unmarried	616
extrait	616
pelvic	616
monochrome	616
activating	616
antioxidants	616
gynecology	616
unexpectedly	616
probabilistic	616
scorpion	616
mirrored	616
cooperating	616
calibrated	616
phased	615
anatomical	615
airbus	615
simplex	615
webhome	615
misdemeanor	615
aerobics	615
sabrina	615
tobias	615
salle	615
infra	615
commemorative	615
condor	615
gated	615
implicitly	615
austen	615
assurances	615
bitrate	615
comedian	615
rascal	615
amish	615
roberta	615
hyperlinks	615
dizzy	615
clitoris	615
outbreaks	615
annuities	615
cribs	615
whitening	615
occupying	615
reliant	615
subcontractor	615
giveaways	615
depicting	615
ordnance	615
psych	615
hydrochloride	615
verge	615
ransom	615
magnification	615
nomad	615
twelfth	615
dagger	615
thorn	615
preamble	615
proponents	615
priceline	615
spins	615
solicit	615
provoking	615
backpackers	615
orchids	615
buckets	615
kohler	615
initialized	615
silverado	615
spoil	615
psychiatrist	615
lauder	615
soldering	615
phono	615
daryl	615
blazing	615
palermo	615
grantee	615
enhancer	615
anglers	615
snapped	615
alligator	615
detectives	615
rochelle	615
nomenclature	615
filefront	615
invade	615
visualize	615
regulates	615
hoses	615
bidpay	615
rendezvous	615
strives	615
trapping	615
gardeners	615
turntable	615
deuteronomy	615
diminish	615
screenings	615
britannia	615
pivotal	615
manifestations	615
stitches	615
promulgated	615
mediocre	615
passports	615
ayrshire	615
plating	615
invent	615
eagerly	615
damascus	615
reactors	615
reformation	615
careerbuilder	615
hypocrisy	615
fluoride	615
parishes	615
stacking	615
suomi	615
sissy	615
trooper	615
calculates	615
compendium	615
thunderstorms	615
disappears	615
transcriptional	615
hymns	615
monotone	615
finalized	615
referees	615
palsy	615
deerfield	615
propositions	615
locomotive	615
debating	615
cuffs	615
conservancy	615
prosperous	615
famine	615
dielectric	615
orally	615
elliptical	615
anand	615
electrophoresis	615
grabbing	615
jogging	615
sprinkler	615
stipulated	615
imbalance	615
persuasive	615
horrors	615
scarlett	615
bearer	615
pastors	615
acquainted	615
dependents	615
dizziness	615
backcountry	615
artistdirect	615
outboard	615
brilliance	615
nicky	615
originate	615
pitches	615
respectable	615
lockheed	615
prohibiting	615
disappearance	615
morals	615
invaded	615
unmatched	615
spoiled	615
pinpoint	615
pickle	615
dieting	615
andhra	615
quaker	615
haunting	615
manipulating	615
tangent	615
tempest	615
appraisers	615
xenon	615
dominique	615
hybridization	615
waving	615
uneven	615
danbury	615
plurality	615
adventurous	615
rockers	615
palliative	615
luigi	615
bayou	615
cufflinks	615
queues	615
relisted	615
dunedin	615
remanufactured	615
confluence	615
staffed	615
blossoms	614
succeeds	614
orphans	614
louder	614
lightspeed	614
grilling	614
boilers	614
reunions	614
yelling	614
homeschool	614
lifehouse	614
windsurfing	614
trough	614
leaned	614
quadrant	614
discrepancy	614
relocated	614
antioch	614
untreated	614
divisional	614
chihuahua	614
tonic	614
resell	614
magnus	614
burnout	614
classpath	614
designations	614
harrow	614
reckless	614
microwaves	614
raining	614
peasant	614
vader	614
coliseum	614
ephedra	614
spawning	614
endothelial	614
figuring	614
citrate	614
eduardo	614
crushing	614
snowman	614
ordained	614
edmonds	614
saucer	614
chinook	614
potty	614
shooters	614
passover	614
norwalk	614
bacillus	614
byzantine	614
tomas	614
triangles	614
spooky	614
curvature	614
rites	614
sideways	614
devious	614
belleville	614
venezuelan	614
dreamer	614
acknowledging	614
estuary	614
burglary	614
pouches	614
subpoena	614
thrilling	614
spectacle	614
sentiments	614
interpretive	614
ditto	614
bareback	614
extender	614
waiter	614
glucosamine	614
oddly	614
designjet	614
typhoon	614
launchcast	614
referrer	614
nutshell	614
arrogant	614
hermann	614
superhero	614
induces	614
tooling	614
tomography	614
thrift	614
berman	614
vocalist	614
admired	614
tidbits	614
stunts	614
cystic	614
anniversaries	614
infrastructures	614
littleton	614
youthful	614
commenters	614
fairway	614
postdoctoral	614
stumbled	614
fairchild	614
emitted	614
spinner	614
homeopathic	614
ordinarily	614
hines	614
sufficiency	614
tempered	614
slipping	614
solitude	614
cylindrical	614
destroyer	614
braking	614
undesirable	614
platelet	614
messageboard	614
mongolian	614
weakly	614
parsley	614
undue	614
setback	614
stunned	614
smiths	614
magyar	614
installers	614
hostility	614
groves	614
subcategory	614
pursuits	614
reflux	614
factbook	614
adaptations	614
jurisprudence	614
culver	614
invariably	614
lecturers	614
progressed	614
elves	614
graeme	614
kimball	614
chant	614
turnkey	614
sprays	614
renters	614
timberlake	614
markham	614
tighten	614
thinkgeek	614
revolver	614
mountaineering	614
screwdriver	614
hutch	614
crowns	614
intermediary	614
matted	614
apricot	614
tufts	614
homeschooling	614
dealerships	614
cuckold	614
unreliable	614
jupiterweb	614
rosewood	614
parry	614
existent	614
phosphatase	614
killings	614
tongues	614
dictator	614
jehovah	614
fanatics	614
adirondack	614
perpendicular	614
mantra	614
sourced	614
hedgehog	614
raves	614
mamma	614
entails	614
folly	614
thermostat	614
wheeling	614
infarction	614
hawthorn	614
mural	614
bankrupt	614
mailboxes	614
southend	614
maxell	614
wager	614
tundra	614
farmland	614
purge	614
skater	614
interpolation	614
adjournment	614
pitfalls	614
disrupt	614
stationed	614
ambrose	614
nightmares	614
rampage	614
aggravated	614
jurassic	614
melville	613
cavern	613
sumner	613
descended	613
disgusting	613
weakened	613
imposes	613
withdrew	613
aliasing	613
guerrilla	613
solves	613
spoons	613
persona	613
oscars	613
poser	613
boosting	613
knownsite	613
macarthur	613
distinctions	613
powerhouse	613
peabody	613
deodorant	613
compulsive	613
perky	613
reinforcing	613
scarcely	613
extensible	613
excused	613
fused	613
catheter	613
roaring	613
practicum	613
witchcraft	613
stopper	613
photocopy	613
cullen	613
zipcode	613
saharan	613
crested	613
hubbell	613
timeframe	613
stump	613
scalp	613
she'd	613
she'll	613
she's	613
disarmament	613
actin	613
erwin	613
interviewer	613
conductors	613
criticisms	613
gastroenterology	613
hadley	613
travelmate	613
composting	613
diplomat	613
sylvester	613
melon	613
tablespoon	613
manganese	613
siren	613
oceanography	613
vastly	613
clasp	613
stardust	613
olives	613
radiological	613
commando	613
summons	613
lucrative	613
porous	613
bathtub	613
greer	613
motorway	613
siegel	613
hinduism	613
elevations	613
repositories	613
freaky	613
merlot	613
thirst	613
endeavors	613
sportsman	613
spielberg	613
scratching	613
lesley	613
iodine	613
phoebe	613
salinas	613
legged	613
unilateral	613
wipes	613
krone	613
urgently	613
exposes	613
aegis	613
natures	613
colloquium	613
liberalism	613
fatalities	613
supplementation	613
derry	613
mohammad	613
frankenstein	613
verbose	613
successors	613
eccentric	613
marbella	613
transports	613
amour	613
deterministic	613
predictor	613
salmonella	613
viewable	613
subnet	613
illustrative	613
prosecuted	613
sailed	613
chalets	613
reimbursed	613
craving	613
advocating	613
leaking	613
watermark	613
escaping	613
totes	613
possessing	613
suicidal	613
cruisers	613
masonic	613
forage	613
dyslexia	613
hubble	613
thugs	613
hellenic	613
organics	613
dearborn	613
ethel	613
yiddish	613
multiplier	613
winzip	613
payoff	613
distinctly	613
sonar	613
assertions	613
pebble	613
flasher	613
staffs	613
subcontractors	613
evangelism	613
denomination	613
abortions	613
patched	613
patriotism	613
battling	613
lesion	613
tickle	613
bandit	613
progesterone	613
acquaintance	613
ethyl	613
lambs	613
earthlink	613
caramel	613
washburn	613
capitalized	613
maint	613
pancreas	613
blouse	613
octopus	613
receptionist	613
heightened	613
chests	613
ambitions	613
feline	613
zombies	613
ulcer	613
cambodian	613
interagency	613
synchronize	613
titties	613
hornets	613
crossfire	613
menstrual	613
canals	613
negatives	613
threading	613
intolerance	613
ammonium	613
zephyr	613
tamara	613
tearing	613
muffins	613
peachtree	613
handyman	612
foothills	612
ethic	612
taxon	612
indefinite	612
slackware	612
cougars	612
atrium	612
thine	612
superiority	612
gestures	612
ambience	612
genet	612
nemesis	612
confessional	612
photopost	612
cardigan	612
neuronal	612
taunton	612
evaporation	612
devise	612
abolished	612
sorrento	612
blanchard	612
checkers	612
toying	612
parma	612
spokeswoman	612
baccalaureate	612
tripods	612
wreath	612
plight	612
opium	612
logistic	612
personalization	612
enema	612
easement	612
goalie	612
darkroom	612
irrational	612
hydrocarbons	612
arches	612
naturalist	612
encompassing	612
penetrating	612
destroys	612
donaldson	612
lowers	612
rockland	612
cookery	612
uniqueness	612
cascading	612
hangers	612
beatrice	612
policeman	612
cartilage	612
broadcaster	612
turnpike	612
migratory	612
jurors	612
enumerated	612
sheltered	612
degraded	612
doctrines	612
seams	612
pleaded	612
elasticity	612
flashlights	612
gutter	612
ulcers	612
affordability	612
sloppy	612
latham	612
flannel	612
volcanoes	612
jailed	612
ridden	612
grapefruit	612
contradictory	612
motorbikes	612
bonita	612
misunderstood	612
steamer	612
barometer	612
decorators	612
exclaimed	612
barge	612
psoriasis	612
spartan	612
mavericks	612
crystalline	612
rumours	612
famed	612
bengali	612
lessee	612
respite	612
goodyear	612
shetland	612
kitchenaid	612
peacekeeping	612
provocative	612
guido	612
selectable	612
woodbridge	612
intersections	612
tasted	612
licked	612
capitalization	612
banged	612
responder	612
rufus	612
thoracic	612
phaser	612
forensics	612
hopeless	612
infiltration	612
safest	612
daphne	612
serine	612
pollock	612
meteor	612
schemas	612
granville	612
orthogonal	612
boosts	612
stabilized	612
veneer	612
anonymously	612
manageable	612
wordperfect	612
slant	612
disciplined	612
selenium	612
grinders	612
pollard	612
chops	612
broom	612
plainly	612
punches	612
snare	612
masturbate	612
shank	612
parachute	612
uphold	612
glider	612
revising	612
insignia	612
nurture	612
lotions	612
leash	612
hunts	612
adrenal	612
plantations	612
sixties	612
factions	612
humility	612
commentators	612
impeachment	612
acton	612
booting	612
engages	612
carbide	612
pullman	612
kinder	612
deems	612
outsiders	612
valuations	612
dissolve	612
kidman	612
adrienne	612
deduct	612
crawling	612
postoperative	612
modifier	612
cytology	612
biennial	612
tweaks	612
readership	612
northstar	612
cohesion	612
reconnaissance	612
groundbreaking	612
antagonists	612
transducer	612
bachelors	612
complements	612
observes	612
params	612
radiators	612
corporal	612
ligne	612
beagle	612
cadmium	611
bodoni	611
locust	611
detachable	611
condenser	611
articulation	611
simplifies	611
sleeveless	611
motorists	611
villain	611
waivers	611
secures	611
leviticus	611
impending	611
rejoice	611
pickering	611
plumper	611
uterine	611
bursts	611
apartheid	611
businessweek	611
morphological	611
hurdles	611
windham	611
geese	611
condemnation	611
candies	611
polio	611
sidewalks	611
formidable	611
mecca	611
regatta	611
rested	611
chatroom	611
paused	611
macbeth	611
polarity	611
overrides	611
abandonment	611
widths	611
attenuation	611
bertrand	611
broth	611
martins	611
wentworth	611
telford	611
seduction	611
fertilizers	611
shuman	611
grapevine	611
contrasts	611
daunting	611
topples	611
giuseppe	611
improperly	611
futuristic	611
nebula	611
autofocus	611
obsessive	611
crows	611
transplants	611
referrers	611
admitting	611
blooming	611
seminole	611
taper	611
rotational	611
withdrawals	611
pageviews	611
hartman	611
synagogue	611
finalist	611
pornographic	611
sugars	611
burnham	611
armageddon	611
smallville	611
selectively	611
albans	611
fallout	611
allure	611
intestine	611
ambassadors	611
galeria	611
stalker	611
reclaim	611
kingdoms	611
kristina	611
richness	611
converge	611
pianos	611
workings	611
penelope	611
sophistication	611
extinct	611
ponder	611
messed	611
oceanside	611
revue	611
lunches	611
foxpro	611
taiwanese	611
officejet	611
fooled	611
helens	611
smear	611
rigging	611
derives	611
praises	611
detachment	611
cloned	611
fulham	611
bestseller	611
radiance	611
downside	611
honcode	611
reissue	611
quitting	611
striker	611
memos	611
grover	611
screams	611
masking	611
tensor	611
whitehead	611
patchwork	611
heinrich	611
laredo	611
breton	611
jaguars	611
assures	611
tracer	611
frist	611
involuntary	611
allegation	611
infinitely	611
synthesizer	611
ejaculating	611
dorchester	611
serge	611
morphine	611
gymnasium	611
microfilm	611
subsidized	611
chiefly	611
judah	611
conjecture	611
optimizer	611
simons	611
restitution	611
indicted	611
blasting	611
confronting	611
pituitary	611
repeater	611
autopsy	611
mastered	611
powders	611
joltsearch	611
debtors	611
slain	611
glenwood	611
allstate	611
horticultural	611
spamming	611
nearer	611
ancestral	611
wartime	611
faithfully	611
revolutions	611
geriatric	611
quail	611
tanker	611
mayan	611
administrations	611
grannies	611
hairstyles	611
rector	611
ballast	611
immature	611
webspace	611
taxing	611
icing	611
substituting	611
multiples	611
executes	611
originality	611
pinned	611
cryptographic	611
gables	611
discontinue	611
disparate	611
bantam	611
boardwalk	611
ineligible	611
homeopathy	611
entrants	611
rallies	611
simplification	611
insolvency	611
bianca	611
zimmer	611
earthly	611
roleplaying	611
affective	611
histogram	611
conceive	611
wheelchairs	611
liberalization	611
insensitive	611
forfeiture	611
greenpeace	611
genotype	611
contaminant	611
disastrous	611
collaborators	611
proxies	611
rewind	611
gladiator	611
poplar	611
issuers	611
recourse	611
martian	610
equinox	610
schoolgirls	610
hinder	610
presume	610
astronaut	610
armchair	610
cecilia	610
constipation	610
nashua	610
strut	610
appropriateness	610
solstice	610
italien	610
eudora	610
adjusts	610
plume	610
pickups	610
squaretrade	610
calypso	610
cheesecake	610
pantry	610
italics	610
reversing	610
murderer	610
courteous	610
smoothing	610
billet	610
porting	610
lubrication	610
pretending	610
hammock	610
shootout	610
receptions	610
webserver	610
fragmented	610
revoke	610
intruder	610
chevron	610
reinsurance	610
slated	610
wagons	610
jennie	610
reina	610
energizer	610
vandalism	610
plank	610
paddling	610
wolfram	610
contraceptive	610
necrosis	610
interrogation	610
bonanza	610
lumbar	610
disparities	610
longing	610
irresistible	610
pilgrims	610
flamenco	610
osprey	610
disappearing	610
enact	610
flammable	610
biometrics	610
buspar	610
inertia	610
misunderstanding	610
wasn't	610
softwares	610
deity	610
pruning	610
alchemist	610
hormonal	610
mandolin	610
calender	610
swiftly	610
claws	610
brightly	610
virgo	610
manly	610
shortened	610
unrealistic	610
rhonda	610
fearful	610
potency	610
pings	610
flawless	610
peril	610
teaser	610
breaches	610
resultant	610
nestled	610
hairs	610
impairments	610
drastic	610
courageous	610
transceiver	610
warhammer	610
iterative	610
catered	610
guarded	610
neuron	610
celery	610
pedagogy	610
reconcile	610
grammatical	610
collin	610
afrikaans	610
cinematic	610
admiration	610
malik	610
fellowes	610
offend	610
severance	610
somali	610
caviar	610
sleepwear	610
quads	610
combating	610
retina	610
maids	610
tempting	610
bureaus	610
voyages	610
galatians	610
enforceable	610
planters	610
retinal	610
sheath	610
louie	610
chaplain	610
benefiting	610
dubious	610
sponsorships	610
screenwriter	610
occupies	610
mammal	610
shielded	610
degeneration	610
listens	610
swirl	610
emery	610
twists	610
allele	610
purifiers	610
commuting	610
intrigue	610
hiphop	610
eczema	610
northland	610
roadster	610
dialect	610
nominating	610
fanatic	610
coverings	610
raptors	610
danced	610
slightest	610
revive	610
corolla	610
dharma	610
chameleon	610
hooper	610
predominant	610
abode	610
savoy	610
abrasive	610
insecurity	610
koruna	610
ensembles	610
backpacker	610
trustworthy	610
bainbridge	610
uniformity	610
comfy	610
assuring	610
conquered	610
alarming	610
gettext	610
registries	610
eradication	610
amused	610
horizontally	610
herefordshire	610
knitted	609
exploding	609
narrowly	609
campo	609
quintet	609
groupwise	609
rampant	609
suitcase	609
damian	609
bakeries	609
polka	609
embarrassment	609
wiper	609
wrappers	609
spectators	609
iterations	609
namespaces	609
mismatch	609
retaliation	609
oxides	609
qualifiers	609
inquirer	609
battered	609
dreadful	609
metaphysics	609
drifting	609
ritter	609
vacuums	609
attends	609
nicer	609
mellow	609
boast	609
gents	609
respiration	609
rapper	609
absentee	609
duplicates	609
hooters	609
calligraphy	609
advantageous	609
corollary	609
tighter	609
predetermined	609
asparagus	609
fearless	609
progresses	609
canister	609
morningstar	609
stiffness	609
recessed	609
thrifty	609
canning	609
workmanship	609
palladium	609
totaled	609
complexities	609
shipper	609
darryl	609
wrinkles	609
illustrating	609
reductase	609
harnesses	609
perch	609
craven	609
divergence	609
kitchenware	609
homage	609
atrocities	609
silverstone	609
unitary	609
admittedly	609
hospitalization	609
clubbing	609
microelectronics	609
observational	609
waverly	609
crashers	609
angst	609
liturgy	609
nativity	609
surety	609
tranquil	609
carpentry	609
disseminated	609
steinberg	609
staircase	609
cutler	609
sweetie	609
cradles	609
electorate	609
mideast	609
reconstructed	609
resent	609
hispanics	609
podium	609
opposes	609
paranoia	609
faceted	609
silvia	609
distraction	609
dominates	609
gecko	609
fullscreen	609
fugitive	609
tucked	609
interchangeable	609
starship	609
turmoil	609
seeded	609
gilles	609
dietrich	609
haines	609
unjust	609
cyclists	609
markedly	609
fascinated	609
disturb	609
terminates	609
bounced	609
exempted	609
rankin	609
brightest	609
nurturing	609
saddles	609
enzymology	609
galapagos	609
scotsman	609
gushing	609
picker	609
distracted	609
secluded	609
criticize	609
livelihood	609
mulder	609
godfrey	609
dialer	609
minerva	609
superseded	609
iceberg	609
caleb	609
christening	609
jealousy	609
syntactic	609
plumber	609
envision	609
codex	609
squeezed	609
userid	609
judas	609
cosmology	609
gertrude	609
communists	609
noodle	609
scents	609
sargent	609
bangle	609
bertha	609
levied	609
humping	609
barns	609
covenants	609
donnie	609
proprietor	609
battlestar	609
lizzie	609
raids	609
intuit	609
adoptive	609
solos	609
compartments	609
minimized	609
partnered	609
filibuster	609
glamorgan	609
facet	609
importation	609
redneck	609
synthesized	609
encapsulation	609
samsonite	609
accordion	609
planter	609
minimally	609
webpreferences	609
immaculate	609
reindeer	609
beachfront	609
telegram	609
shaken	609
crosswords	609
wares	609
integrative	609
rivalry	609
verve	609
charley	609
carpenters	609
spree	609
embed	609
gurus	609
morley	609
bespoke	609
inflicted	609
abbreviated	609
allotted	609
shutterfly	609
drowned	609
gerhard	609
escorted	609
watersheds	609
brute	609
trimester	609
barracks	609
clickable	609
kidneys	609
electricians	609
warbler	609
onward	608
capricorn	608
kidnapping	608
inducing	608
dipped	608
lancet	608
antelope	608
terminus	608
castings	608
spectrometry	608
snippet	608
pellets	608
permeability	608
enclosing	608
starred	608
deacon	608
sweeps	608
butch	608
scart	608
mercure	608
normalization	608
skillet	608
bookcase	608
neoprene	608
offeror	608
assembling	608
thermo	608
diaphragm	608
huber	608
chores	608
consignment	608
yarns	608
farechase	608
maintainers	608
maarten	608
ginseng	608
blackout	608
detergent	608
seedlings	608
rosetta	608
reconsideration	608
barnard	608
grenade	608
occured	608
profoundly	608
fontana	608
bartender	608
mayfair	608
maneuver	608
ridder	608
vanished	608
crafting	608
enclose	608
mowers	608
sinners	608
policymakers	608
sienna	608
watford	608
calves	608
defer	608
desmond	608
liars	608
pharaoh	608
advocated	608
itching	608
alles	608
reimburse	608
devotional	608
esperanto	608
modalities	608
lighters	608
comparatively	608
shutting	608
spartans	608
endemic	608
tourney	608
reasoned	608
lawton	608
carly	608
hydrologic	608
astral	608
parallels	608
aimee	608
yelled	608
terence	608
hamper	608
balkan	608
transduction	608
silverman	608
blurred	608
clarifying	608
aortic	608
smuggling	608
starcraft	608
martens	608
instincts	608
hutton	608
masquerade	608
deans	608
structuring	608
duality	608
kites	608
sensational	608
lipids	608
jurisdictional	608
smoother	608
cellphones	608
expulsion	608
cordoba	608
withhold	608
grievances	608
betrayed	608
triggering	608
dumps	608
rackmount	608
binocular	608
buckles	608
joyful	608
generalization	608
remortgages	608
hanks	608
pancakes	608
dosing	608
crave	608
focussed	608
waffle	608
detectable	608
arrowhead	608
ripple	608
paycheck	608
sweeper	608
claimants	608
consolidating	608
goldsmith	608
responders	608
inclination	608
keepsake	608
birthdate	608
gettin	608
measles	608
upbeat	608
portman	608
amenity	608
salty	608
baptized	608
expelled	608
estradiol	608
rupees	608
hanes	608
betrayal	608
prototyping	608
flourish	608
zeros	608
sporty	608
hawking	608
pooled	608
divides	608
stabilize	608
composing	608
handicrafts	608
healed	608
burmese	608
clueless	608
valor	608
pedestrians	608
woodruff	608
southport	608
radiotherapy	608
gathers	608
stitched	608
ceases	608
dorsal	608
transfusion	608
collie	608
newtown	608
hereditary	608
exaggerated	608
buccaneers	608
newsflash	608
spleen	608
allotment	608
recombination	608
messing	608
multiplying	608
empress	608
orbits	608
budgeted	608
whence	608
slogans	608
flashback	608
trusting	608
photometry	608
stigma	608
knicks	608
abduction	608
ingestion	607
mindset	607
banda	607
attaches	607
adulthood	607
inject	607
tartan	607
prolog	607
twisting	607
goofy	607
mimic	607
shielding	607
stormy	607
raglan	607
celtics	607
heterosexual	607
vulgar	607
pathological	607
mappings	607
fascism	607
trimming	607
audiovisual	607
diagnosing	607
serene	607
neutrino	607
obligatory	607
wouldn't	607
corrugated	607
certifying	607
forbid	607
unhealthy	607
felicity	607
asymptotic	607
ticks	607
fascination	607
isotope	607
moblog	607
locales	607
experimenting	607
preventative	607
splendor	607
vigil	607
robbed	607
temperate	607
crore	607
rebirth	607
winona	607
progressing	607
fragrant	607
deserving	607
banco	607
diagnoses	607
defeating	607
thermaltake	607
cortical	607
hotter	607
itchy	607
instantaneous	607
operatives	607
carmichael	607
bulky	607
exponent	607
desperation	607
glaucoma	607
homosexuals	607
oversees	607
parlor	607
setter	607
thelist	607
monumental	607
diamondbacks	607
stirred	607
subtype	607
toughest	607
facade	607
frankfort	607
monograph	607
leafstaff	607
literate	607
booze	607
widen	607
bikers	607
adjective	607
disciple	607
cipher	607
arrears	607
rhythmic	607
unaffected	607
bakeware	607
starving	607
cleanser	607
hearty	607
triton	607
velocities	607
renewals	607
adore	607
entertainer	607
colds	607
dependant	607
thicker	607
weeping	607
salford	607
ephedrine	607
longview	607
venous	607
hereunder	607
chandeliers	607
moneys	607
infancy	607
debadmin	607
cleans	607
yachting	607
cleanse	607
chilly	607
everton	607
rosters	607
herbicide	607
bolivar	607
irritating	607
monarchy	607
corset	607
hinged	607
attendants	607
gopher	607
distal	607
cummins	607
frommer	607
robins	607
booming	607
shortfall	607
scandals	607
screamed	607
harmonica	607
cramps	607
geothermal	607
atlases	607
digger	607
lewiston	607
fluke	607
espionage	607
avenged	607
caches	607
stomp	607
glade	607
acidic	607
pendulum	607
gangster	607
deliverables	607
bounces	607
censored	607
fascist	607
nehemiah	607
matchbox	607
thinner	607
licks	607
caste	607
businessmen	607
incubator	607
experiential	607
psyche	607
eraser	607
rudolf	607
angling	607
jordanian	607
libra	607
stubborn	607
diplomats	607
physicist	607
tagalog	607
requiem	607
nonprofits	607
redeemed	607
sighed	607
lures	607
ethylene	607
slows	607
inhibits	607
devastation	607
exploratory	607
spectrometer	607
heroine	607
bingham	607
achilles	607
outsole	607
flaps	607
inset	607
indifferent	607
polynomials	607
cadence	607
frosted	607
rhine	607
manifested	607
denominations	607
interrupts	607
openers	607
rattle	607
shasta	607
insults	607
oatmeal	607
distilled	606
stricken	606
sidekick	606
rewriting	606
bahama	606
unrest	606
cascades	606
druid	606
dunbar	606
outsider	606
abstinence	606
allocating	606
newell	606
juveniles	606
poodle	606
sitter	606
ortholog	606
colder	606
laborers	606
tasmanian	606
hydrocarbon	606
lobbyist	606
kelvin	606
whispers	606
secondhand	606
swarm	606
clientele	606
ledge	606
technica	606
peasants	606
nectar	606
anecdotes	606
bureaucratic	606
masterpieces	606
raceway	606
sopranos	606
symbolism	606
monsoon	606
hotties	606
registrars	606
drown	606
strife	606
attaining	606
lakeview	606
consular	606
tunneling	606
treason	606
reckon	606
gaston	606
prosper	606
supremacy	606
murals	606
capillary	606
germain	606
bangs	606
knockout	606
radon	606
anchored	606
mulberry	606
sinful	606
cheeses	606
bradshaw	606
timelines	606
mythical	606
abyss	606
cristina	606
whitehall	606
autoimmune	606
coder	606
replicated	606
timetables	606
anorexia	606
clipping	606
workplaces	606
niece	606
irresponsible	606
harpercollins	606
pleas	606
softer	606
paralysis	606
heartburn	606
devastated	606
empathy	606
tarzan	606
motivating	606
clockwise	606
shutters	606
flask	606
arisen	606
relentless	606
ribbed	606
omnibus	606
stables	606
inhabited	606
hereof	606
untold	606
observable	606
gretchen	606
lanterns	606
tulips	606
bashing	606
boosters	606
vigorously	606
interfering	606
idols	606
designating	606
denominator	606
nugget	606
reminding	606
gusts	606
changeset	606
magistrates	606
freestanding	606
resilient	606
procession	606
eyewitness	606
spiritually	606
hippo	606
tenancy	606
attentive	606
rupture	606
assimilation	606
lyrical	606
offsite	606
realaudio	606
clements	606
dogsex	606
angelica	606
braided	606
ticketing	606
heterogeneity	606
wooded	606
bodied	606
intensely	606
dudes	606
maytag	606
altos	606
sleeved	606
overs	606
watercraft	606
artisans	606
bastards	606
aspiration	606
appended	606
cellulose	606
cathode	606
monographs	606
slammed	606
aviator	606
implicated	606
seriousness	606
conformation	606
intimidation	606
paladin	606
nests	606
civilized	606
marched	606
digitized	606
rotated	606
motown	606
cassandra	606
sighted	606
hopping	606
rosary	606
scotty	606
platoon	606
brunettes	606
andres	606
loneliness	606
pulley	606
alleging	606
unhelpful	606
synonymous	606
confectionery	606
regrets	606
consciously	606
microorganisms	606
cours	606
twister	606
footprints	606
sequoia	606
activator	606
priscilla	606
incredibles	606
familial	606
stimulates	606
marquee	606
darkest	606
implying	606
conducive	606
resilience	606
thermodynamics	606
uncontrolled	606
ballads	606
seton	606
subgroups	606
catchy	606
synaptic	606
hugely	606
bobcats	606
hostages	606
swahili	606
rosario	606
enrolling	606
fruitful	606
franks	606
commercialization	606
indemnify	606
satisfactorily	606
thinker	606
contestants	606
snowboards	605
influx	605
convoy	605
pyramids	605
ingrid	605
longman	605
depended	605
unleaded	605
conveyance	605
mesquite	605
kroner	605
tortoise	605
cultivate	605
javadoc	605
hotbot	605
inhibitory	605
phonics	605
crocker	605
dialogues	605
meningitis	605
motivations	605
asteroid	605
donegal	605
abolition	605
padre	605
endings	605
unlisted	605
philippians	605
conductive	605
echostar	605
foresight	605
microscopes	605
kenmore	605
peppermint	605
reagent	605
achievable	605
remnants	605
glamorous	605
interacts	605
nailed	605
hobbynutten	605
frantic	605
zachary	605
comrades	605
cocoon	605
flashcards	605
gladys	605
interception	605
voltages	605
assignee	605
bowers	605
strengthens	605
dictatorship	605
valance	605
breezy	605
pisces	605
mundane	605
rendition	605
danmark	605
douglass	605
sourcebook	605
barclay	605
matador	605
bradenton	605
cloths	605
deletes	605
clowns	605
adjudication	605
lombard	605
barren	605
plead	605
bibliographies	605
behaved	605
embargo	605
condensation	605
unplugged	605
claudio	605
commentator	605
tailgate	605
patterned	605
sheen	605
specter	605
overseeing	605
assent	605
shading	605
polymorphism	605
semitism	605
sevenfold	605
woodbury	605
scrubbed	605
warts	605
epidemiological	605
medic	605
roundabout	605
harmed	605
paternity	605
conceal	605
grail	605
starvation	605
nostalgic	605
appointing	605
tabled	605
farsi	605
excelsior	605
seine	605
flowed	605
greenspan	605
criminology	605
barnet	605
jeanette	605
saviour	605
lapel	605
talkin	605
permittee	605
capitalize	605
boomers	605
wedgwood	605
cupboard	605
youngs	605
archipelago	605
deceptive	605
undertakings	605
grossman	605
pecan	605
tinted	605
freshmeat	605
congratulate	605
benzene	605
topper	605
constance	605
manny	605
osteoarthritis	605
westlake	605
vanishing	605
addictions	605
legislator	605
taxonomic	605
notifying	605
aches	605
palmetto	605
kitchener	605
leaked	605
microarray	605
electrolux	605
genera	605
elephantlist	605
sparked	605
idioms	605
gardiner	605
poisonous	605
connelly	605
chime	605
spence	605
conner	605
hospitalized	605
mischief	605
argent	605
delinquency	605
entitlements	605
wingate	605
sentimental	605
unsuitable	605
mildly	605
soybeans	605
forging	605
electrostatic	605
topological	605
waitress	605
oversize	605
caribou	605
expansive	605
footing	605
craftsmanship	605
cheetah	605
remit	605
bonnet	605
competed	605
stumble	605
undertook	605
hatchery	605
judgements	605
promenade	605
exhaustion	605
unborn	605
wendell	605
hammers	605
fingerprints	605
coasts	605
cheesy	605
emitting	605
concur	605
exert	605
madeline	605
sanskrit	605
dimlist	604
winfield	604
pinto	604
worldly	604
wedges	604
corded	604
heirloom	604
pleasantly	604
gallerys	604
portray	604
martindale	604
webstatistics	604
esoteric	604
messengers	604
landings	604
graphically	604
shameless	604
geotrack	604
communicates	604
hematology	604
bourgeois	604
napkins	604
expressway	604
unloading	604
steelhead	604
bakers	604
pears	604
heats	604
lucid	604
turntables	604
facilitators	604
canaan	604
toners	604
kenyan	604
oppressed	604
infer	604
prosecute	604
motorbike	604
niles	604
thatcher	604
sergei	604
hauling	604
inconsistencies	604
battlefront	604
indebtedness	604
fansite	604
scramble	604
adversary	604
colossians	604
quaint	604
addicting	604
oswald	604
dipping	604
revere	604
troopers	604
whitespace	604
solemn	604
microfiber	604
eruption	604
celeste	604
deployments	604
gentry	604
insurgency	604
boyer	604
perceptual	604
enchanting	604
preached	604
cadets	604
rambler	604
drywall	604
endured	604
fermentation	604
careless	604
topsites	604
chemists	604
julien	604
dandy	604
refurbishment	604
grassland	604
jeffery	604
narcotic	604
councilman	604
moulin	604
swaps	604
unbranded	604
astronauts	604
lockers	604
lookups	604
incompetent	604
attackers	604
actuator	604
reinstall	604
lander	604
predecessors	604
lancer	604
sorcerer	604
fishers	604
invoking	604
muffin	604
motherhood	604
miscellany	604
simplifying	604
slowdown	604
dressings	604
bridesmaid	604
transistors	604
partridge	604
synod	604
noticing	604
marys	604
colgate	604
lousy	604
foreseeable	604
nutritionists	604
newmarket	604
amigo	604
discerning	604
techweb	604
caddy	604
resistors	604
burrows	604
furnaces	604
occupant	604
livingstone	604
villanova	604
juggling	604
wildfire	604
seductive	604
scala	604
pamphlets	604
rambling	604
bedside	604
heuristic	604
archivist	604
legality	604
arbitrarily	604
antimicrobial	604
biologist	604
homolog	604
fruity	604
regulars	604
robson	604
stratus	604
mysticism	604
bumpers	604
accompanies	604
summed	604
chopin	604
torches	604
dominating	604
joiner	604
wildcard	604
explorations	604
guaranty	604
procure	604
oxidative	604
stillwater	604
sunsets	604
brits	604
cropping	604
pliers	604
kayaks	604
anastasia	604
arrogance	604
marxist	604
couldn't	604
diverted	604
forgiven	604
bleak	604
diplomas	604
fieldwork	604
christophe	604
damping	604
drudge	604
dolores	604
tramp	604
saliva	604
bootleg	604
chichester	604
intellectuals	604
winslow	604
artemis	604
lessen	604
weller	604
syringe	604
leftist	604
diversions	604
tequila	604
admiralty	604
powdered	604
wildwood	604
granger	604
germantown	604
prevailed	604
glacial	604
bergman	604
tapered	604
alleges	604
toothbrush	604
delegations	604
plutonium	604
shredded	604
factsheet	604
squarepants	604
antiquity	604
subsurface	604
blaming	604
embark	604
manned	604
johanna	604
granular	604
underscore	603
glutamine	603
slutty	603
oscillations	603
herbicides	603
inscribed	603
chainsaw	603
sphinx	603
tablature	603
spiegel	603
fertilization	603
gearbox	603
ceremonial	603
sonnet	603
stang	603
alejandro	603
constituencies	603
sprung	603
hedges	603
tensile	603
inflated	603
intercom	603
envisaged	603
splice	603
crooks	603
splicing	603
campfire	603
cardbus	603
prospecting	603
hubby	603
quilted	603
walled	603
graphing	603
biologists	603
immensely	603
relapse	603
debuts	603
commend	603
descend	603
contender	603
jakob	603
southland	603
bolster	603
globals	603
diaspora	603
moratorium	603
safes	603
goodnight	603
alcoholics	603
rocked	603
rancid	603
disparity	603
malice	603
swimmers	603
syllable	603
painfully	603
sweating	603
demolished	603
newsquest	603
wavelengths	603
unclaimed	603
cytoplasmic	603
catholicism	603
trident	603
lemonade	603
absences	603
andes	603
steakhouse	603
stubs	603
josie	603
solarium	603
persists	603
fillmore	603
greenhouses	603
propeller	603
dents	603
spotlights	603
perks	603
anarchist	603
submerged	603
entrusted	603
calming	603
intending	603
cromwell	603
dissertations	603
highlander	603
solicitations	603
capacitance	603
birthstone	603
primitives	603
lingual	603
unframed	603
punto	603
survives	603
funnel	603
moons	603
thirsty	603
programa	603
republication	603
freshness	603
lathe	603
hippie	603
shabby	603
punched	603
organizes	603
unaudited	603
summertime	603
marbles	603
airbag	603
cottonwood	603
mildred	603
sweetwater	603
deletions	603
cleopatra	603
undecided	603
startling	603
inductive	603
inadvertently	603
expansions	603
correlate	603
bursting	603
linkout	603
bylaw	603
trims	603
epiphany	603
halves	603
moulding	603
melancholy	603
viewfinder	603
observance	603
leaps	603
homewood	603
renaming	603
galvanized	603
plainfield	603
teapot	603
conveys	603
lends	603
squire	603
livechat	603
notfound	603
counterfeit	603
waller	603
pathogen	603
overwrite	603
revitalization	603
resonant	603
outskirts	603
postmodern	603
expedite	603
grayson	603
sweetness	603
crook	603
rearing	603
typos	603
deliberations	603
indifference	603
invading	603
melton	603
dives	603
oneworld	603
realtone	603
mikey	603
telephoto	603
pooling	603
coyotes	603
stale	603
levers	603
borderline	603
surgeries	603
lobbyists	603
incarnation	603
strained	603
zionist	603
putty	603
reacted	603
admissible	603
sunless	603
puzzled	603
unexplained	603
patsy	603
thermometers	603
fourteenth	603
gaskets	603
compounded	603
eldest	603
terrifying	603
climbs	603
cushing	603
uprising	603
nonstop	603
hummel	603
corgi	603
swans	603
tories	603
seasonally	603
remnant	603
immoral	603
malkin	603
sacrificed	603
unequal	603
weaken	603
psychosocial	603
categorical	603
butthole	603
cupid	603
cline	603
backlog	603
thema	603
filmmaking	603
stalking	603
sturgeon	603
townhomes	603
piers	603
ensuing	603
mitigating	603
dykes	603
revived	603
bayside	603
joachim	603
hodgkin	603
earle	603
laughlin	603
haste	603
flakes	603
alfalfa	603
argyll	603
joking	603
congresses	602
electrically	602
ophthalmic	602
rhetorical	602
prong	602
unreleased	602
simmer	602
chaplin	602
smallpox	602
histology	602
overwhelmingly	602
waterway	602
gilman	602
klamath	602
atrial	602
migrated	602
equalizer	602
reacts	602
norbert	602
complication	602
aubrey	602
adaptable	602
councilmember	602
endorses	602
cherish	602
undead	602
berth	602
uninterrupted	602
chalmers	602
crabs	602
kurds	602
tuscan	602
lingo	602
fundamentalist	602
subtraction	602
budding	602
superstars	602
resemblance	602
hackney	602
leveling	602
piggy	602
stadiums	602
saber	602
cataract	602
playable	602
midday	602
innate	602
interconnected	602
medallion	602
tunning	602
whitepaper	602
prominently	602
platt	602
virology	602
glanced	602
calais	602
rapture	602
purcell	602
sunbeam	602
abruptly	602
beetles	602
caspian	602
impair	602
shepherds	602
subsystems	602
susanna	602
beading	602
robustness	602
interplay	602
mainline	602
philosophies	602
lager	602
projecting	602
bluffs	602
goblin	602
ratchet	602
parrots	602
anthems	602
cygnus	602
depiction	602
tiered	602
optima	602
nocturnal	602
photons	602
transactional	602
emulate	602
accuse	602
doggy	602
anodized	602
hunted	602
hurdle	602
diminishing	602
donnelly	602
metastatic	602
errata	602
ridley	602
divas	602
intrepid	602
zipped	602
babel	602
clustered	602
thankyou	602
alerting	602
insofar	602
primate	602
surrogate	602
breathable	602
differed	602
dickies	602
eyebrows	602
compromising	602
programmatic	602
willingly	602
teammates	602
harlequin	602
barrymore	602
barracuda	602
revisit	602
accesskey	602
appellants	602
insulting	602
prominence	602
cuckoo	602
usergroups	602
inspires	602
initiates	602
acacia	602
mation	602
whiting	602
netting	602
grizzlies	602
okidata	602
methadone	602
contemplating	602
offsets	602
erasmus	602
recalling	602
tallinn	602
hermitage	602
starlight	602
lotteries	602
coauthor	602
foyer	602
palaces	602
brood	602
azure	602
compel	602
airflow	602
contradictions	602
festivities	602
trenches	602
sabine	602
doorstep	602
sniff	602
dangling	602
unattached	602
maher	602
negligent	602
gliding	602
honeymooners	602
cheaptickets	602
meditations	602
dieter	602
centerpiece	602
tranquility	602
unwind	602
halted	602
outings	602
crotch	602
wavelet	602
drawback	602
nothin	602
smyrna	602
pathogenesis	602
diodes	602
realestate	602
reinstatement	602
hostess	602
dipole	602
posse	602
mosquitoes	602
tangled	602
frying	602
hesitation	602
imprinted	602
pixie	602
proofing	602
clits	602
keyring	602
bereavement	602
surrendered	602
vehicular	602
bestand	602
workbench	602
landscaped	602
westward	602
farber	602
impala	602
commenter	602
converged	602
celsius	602
flicks	602
leopold	602
recognizable	602
hardwear	602
ludlow	602
prefixes	602
embraces	602
flavours	602
pundits	602
unset	602
waxing	602
hitchhiker	602
sinner	601
isotopes	601
auspices	601
coles	601
dissenting	601
melee	601
conduction	601
countess	601
pleading	601
grabber	601
crafty	601
llama	601
peridot	601
pacers	601
troubling	601
vowel	601
reuben	601
fearing	601
coronation	601
parton	601
centerville	601
isabelle	601
dermatitis	601
reluctance	601
snowfall	601
inconsistency	601
fecal	601
apostolic	601
validating	601
healthday	601
newsstand	601
summoned	601
dossier	601
treble	601
galley	601
shovel	601
entail	601
corbin	601
mashed	601
songwriting	601
pacing	601
hinton	601
nighttime	601
fluxes	601
finders	601
dictated	601
proximal	601
henson	601
unfolding	601
deserts	601
milking	601
wilbur	601
suitably	601
enormously	601
peroxide	601
scribe	601
nellie	601
outages	601
sleigh	601
complemented	601
formulae	601
finley	601
backlash	601
frontage	601
blister	601
opacity	601
ration	601
userland	601
humid	601
turing	601
portrayal	601
centenary	601
guile	601
lacquer	601
unfold	601
hammered	601
pedagogical	601
lockhart	601
tutti	601
mined	601
intervening	601
astronomers	601
fishnet	601
combinatorial	601
thrills	601
therefor	601
unintended	601
sores	601
raman	601
pastures	601
unattended	601
playwright	601
punjabi	601
brookline	601
titty	601
naturalization	601
whispering	601
dissipation	601
sprite	601
oxidase	601
leighton	601
atheism	601
gripping	601
cellars	601
caterer	601
pregnancies	601
tainted	601
dateline	601
remission	601
praxis	601
affirmation	601
perturbation	601
wandered	601
unassigned	601
adriana	601
reeds	601
lyndon	601
groupings	601
angler	601
midterm	601
astounding	601
campsite	601
dropdown	601
marketer	601
resend	601
augment	601
flares	601
huntingdon	601
gelatin	601
shedding	601
adenosine	601
funerals	601
milliseconds	601
swatch	601
eucalyptus	601
redefine	601
conservatism	601
backdoor	601
envisioned	601
bumped	601
automating	601
cursors	601
fortuna	601
cripple	601
divert	601
lofty	601
proclaim	601
kanji	601
recreate	601
smackdown	601
dropout	601
cropped	601
lockout	601
moron	601
townhouses	601
merton	601
horrific	601
abacus	601
lifeline	601
richly	601
torquay	601
conjugate	601
dogma	601
vaguely	601
winch	601
webtrends	601
melons	601
farley	601
evils	601
spontaneously	601
sabotage	601
blueprints	601
limos	601
unavoidable	601
suppressor	601
dogpile	601
ruthless	601
almonds	601
ecclesiastes	601
aptitude	601
sharpening	601
seniority	601
jocks	601
prompting	601
objected	601
equator	601
guilds	601
blatant	601
floss	601
endnote	601
ridges	601
oysters	601
telugu	601
midwifery	601
primates	601
receptacle	601
tangerine	601
puberty	601
crawler	601
angled	601
shorten	601
longhorns	601
shawl	601
overriding	600
samaritan	600
bends	600
grimes	600
unison	600
tabular	600
groff	600
dormant	600
restrained	600
tropics	600
concerted	600
ecumenical	600
tanaka	600
refrigerated	600
crouch	600
pence	600
formulating	600
lamentations	600
placid	600
napkin	600
contagious	600
inaccessible	600
marsha	600
administers	600
gradients	600
conspicuous	600
barbarian	600
ritalin	600
retrieves	600
soaking	600
ferrous	600
reforming	600
intrusive	600
thyme	600
parasitic	600
chino	600
abusing	600
caveat	600
gangbangs	600
receptive	600
toiletries	600
bedrock	600
vulcan	600
executions	600
forklift	600
refreshed	600
guarding	600
repurchase	600
atwood	600
windmill	600
orthopedics	600
badgers	600
garter	600
appetizer	600
disbursement	600
weblinks	600
telemetry	600
footed	600
dedicate	600
renewing	600
consumable	600
depressive	600
stabilizer	600
ovary	600
accrual	600
perpetrators	600
creatively	600
embarked	600
quickest	600
euclid	600
tremendously	600
smashed	600
oscillation	600
interfaith	600
automata	600
northwood	600
thunderstorm	600
payers	600
gritty	600
retrospect	600
hailed	600
miraculous	600
hounds	600
tightening	600
draining	600
paroles	600
sensibility	600
reborn	600
punching	600
lagrange	600
distinguishes	600
treadmills	600
bebop	600
streamlining	600
dazzle	600
trainings	600
seeding	600
github	600
ulysses	600
industrialized	600
dangle	600
eaters	600
botanic	600
bronco	600
exceedingly	600
inauguration	600
inquired	600
repentance	600
moodle	600
chased	600
unprotected	600
merle	600
savory	600
intermediaries	600
rotations	600
evacuated	600
reclaimed	600
prefecture	600
accented	600
crawley	600
biomed	600
murine	600
entomology	600
rodent	600
paradigms	600
racket	600
hannibal	600
putter	600
recursion	600
flops	600
sickle	600
violently	600
attest	600
untouched	600
initiator	600
comforting	600
creeping	600
kerosene	600
appraised	600
restorative	600
sunscreen	600
peacefully	600
decentralized	600
freaking	600
elmira	600
bassist	600
oakville	600
stature	600
skaters	600
sentry	600
assaults	600
luminosity	600
berwick	600
emulators	600
vices	600
keychains	600
ginny	600
tolls	600
degrading	600
bangles	600
stereos	600
submittal	600
forster	600
fireman	600
simulators	600
zorro	600
maniac	600
antics	600
ozark	600
formative	600
vickers	600
interactivity	600
constructors	600
wrongly	600
physicists	600
malfunction	600
falsely	600
abbot	600
magma	600
smithfield	600
canucks	600
hammersmith	600
consul	600
plagued	600
parkland	600
aiding	600
werewolf	600
suckers	600
midwestern	600
swallows	600
charisma	600
suspensions	600
patronage	600
canoes	600
fodder	600
impetus	600
peeled	600
malnutrition	600
layton	600
logcheck	600
gaines	600
inbred	600
intercultural	600
skateboards	600
mainboard	600
goshen	600
whining	600
functionally	600
rabies	600
catalysts	600
datetime	600
arson	600
readability	600
modulus	600
cuisines	600
tapestries	600
transatlantic	600
maclean	600
boosted	599
sprayed	599
gearing	599
glutathione	599
freeing	599
redress	599
adoptions	599
settles	599
tweaking	599
angina	599
coupler	599
seaman	599
skulls	599
cayenne	599
minimizes	599
balboa	599
treatise	599
defeats	599
testimonies	599
wainwright	599
withdrawing	599
solicited	599
everglades	599
chipping	599
montage	599
brilliantly	599
geelong	599
ionization	599
o'clock	599
biases	599
spalding	599
sprawl	599
reopen	599
potts	599
alfredo	599
haunt	599
hedging	599
erased	599
insulating	599
resisting	599
congregational	599
waterfowl	599
antiquities	599
dunham	599
monsieur	599
reacting	599
inhaled	599
fuses	599
collide	599
segregated	599
blinded	599
avengers	599
technologist	599
madras	599
sacrificing	599
pigments	599
faiths	599
impacting	599
aquariums	599
tinker	599
sonora	599
echoed	599
elisha	599
gazing	599
arginine	599
skepticism	599
eighties	599
televised	599
simplistic	599
amphibians	599
freehold	599
braid	599
forester	599
resisted	599
encapsulated	599
injector	599
leung	599
grained	599
shiraz	599
newsday	599
announcer	599
polycarbonate	599
marlow	599
disgrace	599
mediate	599
irritable	599
cunning	599
fists	599
divider	599
cortez	599
associative	599
pennies	599
minivan	599
flashcoders	599
giraffe	599
hemorrhage	599
awning	599
ointment	599
spilled	599
stroud	599
tripping	599
westside	599
azimuth	599
logistical	599
occidental	599
vigor	599
chariot	599
geraldine	599
jansen	599
matrimonial	599
squads	599
tween	599
payback	599
disclosing	599
hydraulics	599
endpoints	599
masthead	599
ursula	599
disbursements	599
boucher	599
chadwick	599
candidacy	599
hypnotic	599
adultery	599
quantification	599
coolant	599
seventeenth	599
nanaimo	599
temperament	599
prostitutes	599
parsed	599
shamrock	599
healer	599
circulate	599
warmers	599
glued	599
sycamore	599
frontend	599
alleles	599
halftime	599
belinda	599
albright	599
handwritten	599
shuts	599
tenderness	599
ocular	599
sandman	599
smelling	599
scratched	599
conclusive	599
scoops	599
truetype	599
eigenvalues	599
alder	599
polluted	599
undersigned	599
airbrush	599
restores	599
lullaby	599
quickstart	599
beaverton	599
sanderson	599
trucker	599
chiropractors	599
lawns	599
mirroring	599
choking	599
castor	599
plentiful	599
bonner	599
massively	599
stately	599
aeronautical	599
lasalle	599
raced	599
deuce	599
wordlet	599
hanford	599
squirrels	599
exhibitionism	599
paddington	599
riser	599
redux	599
drawbacks	599
audiobook	599
compensatory	599
evoked	599
dictates	599
couplings	599
studded	599
monsanto	599
cleric	599
individuality	599
spared	599
anticipating	599
californian	599
brownie	599
undressing	599
macrophages	599
computes	599
quits	599
ensign	599
restraining	599
charismatic	599
teleconference	599
whitepapers	599
blockade	599
nearing	599
burglar	599
asymmetry	599
warped	599
barbour	599
hamiltonian	599
algebras	599
quotient	599
tributes	599
freezes	598
knoll	598
wildcat	598
thinning	598
inlay	598
reddy	598
primrose	598
parting	598
humber	598
michelangelo	598
corduroy	598
avocado	598
torpedo	598
octets	598
muffler	598
jumpers	598
edmunds	598
troublesome	598
manifolds	598
eucharist	598
variances	598
objectivity	598
massager	598
incubated	598
turnovers	598
changers	598
hereto	598
magnetism	598
inventive	598
speculate	598
clinician	598
craze	598
dispatches	598
curacao	598
desiring	598
arcserve	598
powerline	598
aspell	598
texan	598
safeguarding	598
paxton	598
grated	598
submarines	598
chromosomal	598
provoke	598
runescape	598
salesperson	598
superfamily	598
accommodating	598
calvary	598
banded	598
deportation	598
activates	598
cuttings	598
hibernate	598
invests	598
extremists	598
montego	598
sculptor	598
commended	598
roper	598
narrowing	598
cyclical	598
mechanically	598
improvisation	598
profanity	598
toured	598
flatts	598
archiver	598
rainer	598
playmate	598
covariance	598
bobble	598
seasoning	598
gulfport	598
airfield	598
flipping	598
disrupted	598
adjourn	598
restocking	598
extremetech	598
widows	598
conveying	598
citrine	598
neoplasm	598
rethinking	598
precincts	598
orientations	598
volta	598
mediums	598
calumet	598
pellet	598
discern	598
inflow	598
lymphocyte	598
fumes	598
futile	598
disqualified	598
fenced	598
saigon	598
whiteboard	598
animate	598
resembling	598
invertebrates	598
totem	598
elliptic	598
agonist	598
experimentally	598
hyperion	598
drinkers	598
partypoker	598
rockingham	598
hermione	598
indus	598
harms	598
rethink	598
aggies	598
asserting	598
affluent	598
truckers	598
protesting	598
lonesome	598
liberated	598
laserdisc	598
unconventional	598
determinant	598
reckoning	598
fabian	598
concurrence	598
closets	598
morpheus	598
junkies	598
carve	598
metaphors	598
assesses	598
muster	598
heartfelt	598
labourer	598
autoscan	598
pertain	598
distortions	598
democracies	598
subclasses	598
gideon	598
gauntlet	598
condolences	598
martyrs	598
hitter	598
livelihoods	598
telluride	598
apnea	598
floodplain	598
victorious	598
sylvan	598
valera	598
wenger	598
crusader	598
backlinks	598
unnatural	598
alphabetic	598
tailoring	598
shavers	598
swish	598
aborted	598
blenders	598
confessed	598
symphonic	598
asker	598
drumming	598
huffman	598
modernity	598
patching	598
booties	598
abiding	598
cancels	598
luscious	598
sighting	598
relic	598
foodservice	598
teton	598
newline	598
slipper	598
clashes	598
quicklinks	598
ethos	598
solenoid	598
argyle	598
cling	598
underdog	598
prophetic	598
fredericton	598
commune	598
agatha	598
copywriting	598
asteroids	598
circumcision	598
neutrality	598
ovulation	598
doggystyle	598
snoring	598
quasar	598
euthanasia	598
trembling	598
reproducing	598
liters	598
comets	598
tarrant	598
unitarian	598
blacklist	598
governs	598
rooftop	598
goldfish	597
delaying	597
slimline	597
reconstruct	597
animator	597
barbra	597
toned	597
erred	597
modelled	597
irreversible	597
expiring	597
encyclopedias	597
mabel	597
whistles	597
jewellers	597
downtempo	597
understandings	597
dared	597
nudge	597
seeming	597
campsites	597
lighthouses	597
rosebud	597
hemoglobin	597
andromeda	597
sixteenth	597
origination	597
doves	597
landowner	597
preachers	597
leiden	597
trampoline	597
ramona	597
restricts	597
brutality	597
fictitious	597
rumour	597
immortality	597
intakes	597
swearing	597
saffron	597
ragged	597
peerless	597
constitutions	597
psychotic	597
improbable	597
pulsed	597
ignite	597
reiterated	597
hornet	597
jesuit	597
atypical	597
excessively	597
contraceptives	597
mounds	597
dispatcher	597
slimming	597
devoid	597
extraordinarily	597
parted	597
maricopa	597
northfield	597
elites	597
correlates	597
sufferers	597
skunk	597
interruptions	597
placer	597
casters	597
lingering	597
brooches	597
heaps	597
hydra	597
easygals	597
anvil	597
mandalay	597
haircare	597
climbers	597
blinking	597
sweetest	597
madera	597
dishonest	597
stalk	597
mailbag	597
inert	597
smartmedia	597
favorably	597
vocation	597
tribunals	597
cedric	597
doping	597
postwar	597
barebone	597
thrombosis	597
smarty	597
witnessing	597
eject	597
seventies	597
curtin	597
dilemmas	597
rayon	597
edwardian	597
dryden	597
saunas	597
foreigner	597
policemen	597
unfavorable	597
mocha	597
undergrad	597
anomalous	597
knockers	597
katharine	597
jitter	597
barter	597
supernova	597
rowley	597
modifies	597
feminization	597
frugal	597
extremist	597
starry	597
thanking	597
nouns	597
hobbit	597
consequent	597
entrances	597
danube	597
evasion	597
cohesive	597
filenames	597
mayors	597
lifebook	597
caster	597
gospels	597
critiquer	597
wicket	597
glycol	597
manicure	597
medial	597
neopets	597
lazarus	597
bloomsbury	597
misguided	597
reunited	597
colossal	597
conversational	597
inspirations	597
blasted	597
baskerville	597
syndromes	597
northridge	597
triples	597
freeview	597
shingles	597
screener	597
hanukkah	597
adsorption	597
underwriters	597
actuators	597
cumbersome	597
pixies	597
immersed	597
philemon	597
roasting	597
pancake	597
accrue	597
photostream	597
vented	597
firth	597
hathaway	597
lunchtime	597
consolation	597
slams	597
frazer	597
outlay	597
dreaded	597
airing	597
looping	597
crates	597
undated	597
ramadan	597
lowercase	597
alternately	597
technologically	597
gracefully	597
intrigued	597
anaerobic	597
antagonist	597
satelite	597
pioneered	597
exalted	597
cadre	597
tabloid	597
jaeger	597
solubility	597
troubleshoot	597
overthrow	597
patiently	597
cabot	597
controversies	597
hatcher	597
narrated	597
coders	597
squat	597
insecticides	597
electrolyte	597
firestone	597
writeshield	597
letterhead	597
polypeptide	597
illuminating	597
artificially	597
saucepan	597
freshest	597
martyr	597
geospatial	597
hacienda	597
koran	597
zoned	597
pubic	597
pizzeria	597
henning	597
nitrous	597
tiara	597
elegantly	597
airspace	597
temptations	597
convertor	597
brahms	597
genomes	597
workable	597
skinned	597
irrigated	597
hives	597
ordinate	597
groundwork	597
cyril	597
rodents	597
seminal	597
precursors	596
resentment	596
relevancy	596
koala	596
discus	596
glaciers	596
giftware	596
manfred	596
realistically	596
polska	596
subunits	596
gaping	596
infringe	596
porta	596
inferences	596
laramie	596
toothpaste	596
mennonite	596
subtitled	596
maidstone	596
abrupt	596
fastener	596
jupiterimages	596
gambler	596
dissection	596
categorization	596
nightingale	596
inclusions	596
fosters	596
landau	596
contemplate	596
cassie	596
altman	596
fillers	596
amigos	596
symposia	596
colonization	596
crock	596
ailments	596
templeton	596
disagreed	596
boldly	596
narration	596
typography	596
unopened	596
insisting	596
brushing	596
resolves	596
sacrament	596
eliminator	596
gazebo	596
shortening	596
preprint	596
cocker	596
protonix	596
cloves	596
marketable	596
presto	596
retry	596
hiram	596
radford	596
broadening	596
implantation	596
globalspec	596
detoxification	596
bowed	596
whimsical	596
harden	596
molten	596
aureus	596
informationweek	596
repaid	596
bonneville	596
beltway	596
warmly	596
penang	596
sporadic	596
eyebrow	596
zippered	596
brownies	596
lessor	596
kinases	596
panelists	596
charlene	596
autistic	596
unnecessarily	596
equalization	596
painless	596
serbs	596
reused	596
fordham	596
annexation	596
hydroxy	596
dissatisfaction	596
alpes	596
technologists	596
applaud	596
abolish	596
climates	596
speakerphone	596
uneasy	596
reissues	596
shalom	596
khmer	596
recordable	596
dredging	596
florian	596
extrusion	596
defamation	596
clogs	596
flank	596
theron	596
spawned	596
cartel	596
wiener	596
theorems	596
samplers	596
numerically	596
perforated	596
tamworth	596
sexton	596
postmaster	596
washes	596
shrugged	596
electors	596
departs	596
landry	596
crackdown	596
lifespan	596
maybach	596
mindful	596
lurking	596
hitherto	596
cysteine	596
egyptians	596
responsibly	596
slideshows	596
looms	596
downright	596
techtarget	596
geotechnical	596
fantasia	596
camisole	596
refractory	596
atoll	596
shredders	596
inexperienced	596
outraged	596
smother	596
ironman	596
ducts	596
frosty	596
marmot	596
remand	596
mules	596
hawkes	596
spoof	596
moaning	596
ponies	596
spammer	596
presets	596
separations	596
originates	596
penicillin	596
amman	596
blight	596
physique	596
maturation	596
internals	596
bungalows	596
refractive	596
independents	596
grader	596
transducers	596
contentious	596
cheering	596
intercollegiate	596
archibald	596
emancipation	596
duchess	596
commemorate	596
furman	596
newsfeeds	596
spout	596
larkin	596
biztalk	596
perish	596
snapper	596
hefty	596
hoist	596
narrower	596
captivity	596
peyton	596
overloaded	596
shorthand	596
ceres	596
bravery	596
lizards	596
fergus	596
sincerity	596
hairless	596
lactation	596
flagged	596
offbeat	596
relics	596
relish	596
protons	596
imagining	596
machined	596
belongings	596
eviction	596
legislatures	596
unchecked	596
knocks	596
regionally	596
alfonso	596
canaria	596
showcasing	596
contradict	596
certifies	596
scarcity	596
primes	596
fleeing	596
lambeth	596
filament	596
theorists	596
liturgical	596
easements	596
celia	596
disguised	595
implanted	595
assword	595
exogenous	595
sault	595
thrash	595
trolls	595
antiquarian	595
fluency	595
uniting	595
behaves	595
slabs	595
conceivable	595
analyzers	595
agate	595
incline	595
hartmann	595
scorer	595
swami	595
oilers	595
listers	595
ordinated	595
soliciting	595
thoroughbred	595
arlene	595
oneness	595
dividers	595
climber	595
recoverable	595
gators	595
commonplace	595
intellectually	595
cruces	595
himalayan	595
lactose	595
gifford	595
competitively	595
rockstar	595
downfall	595
nahum	595
bookcases	595
strides	595
vanish	595
nextlast	595
lofts	595
feral	595
neurosurgery	595
transmits	595
ringgit	595
impatient	595
aforesaid	595
elbows	595
truce	595
parmesan	595
kiosks	595
stairway	595
woodrow	595
vertebrate	595
hooking	595
physiotherapy	595
laird	595
multiplicity	595
objectively	595
resigns	595
billabong	595
prepayment	595
anguish	595
perfected	595
petal	595
bangers	595
handgun	595
odors	595
blackstone	595
clipped	595
innovator	595
mitochondria	595
sername	595
vijay	595
redirecting	595
cervix	595
annoyance	595
grating	595
prostitute	595
elixir	595
sewerage	595
guardianship	595
gamblers	595
mantis	595
peeps	595
alerted	595
reverence	595
remodel	595
carpal	595
natalia	595
outweigh	595
condiments	595
adventist	595
eggplant	595
gaylord	595
bunting	595
avenger	595
undocumented	595
waugh	595
captivating	595
vaccinations	595
tiers	595
bernd	595
centurion	595
propagate	595
needham	595
prosecuting	595
wordnet	595
slavic	595
keyes	595
photocopying	595
nutritious	595
marguerite	595
pluck	595
cautiously	595
prick	595
contingencies	595
dressage	595
phylogenetic	595
coercion	595
morbid	595
refresher	595
picard	595
rubble	595
scrambled	595
cheeky	595
agitation	595
proponent	595
truthful	595
woodpecker	595
eastside	595
herds	595
penetrated	595
piranha	595
uncompressed	595
pseudomonas	595
adder	595
weakest	595
weakening	595
minimization	595
ascot	595
linearly	595
titleist	595
anticipates	595
genesee	595
poignant	595
germs	595
grays	595
frees	595
punishable	595
fractured	595
psychiatrists	595
waterman	595
uranus	595
multiplex	595
salient	595
bradbury	595
babysitting	595
beehive	595
censor	595
injecting	595
discontinuity	595
semitic	595
littlewoods	595
enquirer	595
perverted	595
downturn	595
bordering	595
fission	595
modulator	595
widowed	595
spybot	595
tombstone	595
worldview	595
choreography	595
begged	595
buffering	595
killarney	595
flushed	595
scoping	595
cautions	595
lavish	595
brighten	595
vixen	595
whips	595
marches	595
nepalese	595
communicable	595
enzymatic	595
melanogaster	595
extravaganza	595
commandment	595
undetermined	595
horner	595
conceded	595
circumference	595
postpone	595
underestimate	595
disproportionate	595
pheasant	595
alonso	595
bally	595
marrying	595
carvings	595
cooley	595
exponentially	595
chechen	595
complains	595
bunnies	595
choppers	595
earphones	595
outflow	595
resided	595
terriers	595
scarab	595
toasters	595
skiers	595
weasel	595
biologically	595
venerable	595
toasted	595
admirable	595
illuminate	595
quicksearch	595
fades	595
coates	595
octane	595
bulge	595
eller	595
lucinda	595
funders	595
brittle	594
environmentalists	594
bandits	594
politely	594
soapbox	594
newberry	594
watermelon	594
ingenious	594
carols	594
bestellen	594
pensioners	594
elongation	594
webcrawler	594
wanking	594
obadiah	594
boardroom	594
taping	594
somatic	594
hepburn	594
fetched	594
alderman	594
slump	594
lockwood	594
coughing	594
simulating	594
hiatus	594
enrol	594
upholstered	594
evangelist	594
louvre	594
spurious	594
gloom	594
batches	594
angelic	594
astrological	594
nobility	594
shippers	594
wildflowers	594
polygons	594
delimited	594
noncompliance	594
afternoons	594
ramifications	594
wakes	594
ashore	594
workman	594
swimmer	594
sitio	594
unload	594
babysitter	594
linotype	594
marge	594
mediators	594
riggs	594
jockeys	594
wanderers	594
seater	594
deliverable	594
badness	594
sanding	594
undertakes	594
miscarriage	594
vulgate	594
stoned	594
buffered	594
provoked	594
lakeshore	594
fables	594
aland	594
clarins	594
crumbs	594
palisades	594
edema	594
confidently	594
leaderboard	594
commences	594
dispense	594
geocities	594
dangerously	594
figaro	594
sadie	594
protested	594
capitalists	594
carotid	594
accusing	594
stink	594
convent	594
childish	594
squish	594
adhered	594
priesthood	594
jagged	594
midwives	594
netbeans	594
cyclones	594
dispersal	594
overt	594
snowflake	594
blackhawk	594
verbally	594
squeak	594
sterilization	594
assessors	594
chenille	594
dehydration	594
haircut	594
misconceptions	594
constituting	594
alternet	594
undeclared	594
songwriters	594
tolerances	594
incarceration	594
pronounce	594
scorpions	594
hierarchies	594
lactating	594
incompleteness	594
aquamarine	594
dearly	594
suggestive	594
sedimentation	594
optometry	594
mobilize	594
unbalanced	594
gypsum	594
slime	594
baroness	594
trajectories	594
winnings	594
imaginable	594
bromide	594
leapfrog	594
thermoplastic	594
crusaders	594
summing	594
lament	594
gregor	594
terraces	594
sexchat	594
canyons	594
kingman	594
predatory	594
descendant	594
disgust	594
deterrent	594
banked	594
duplicating	594
rationality	594
screwing	594
dismal	594
ranches	594
cochin	594
prologue	594
encodes	594
whaling	594
garamond	594
cirrus	594
alanis	594
kilometer	594
patrols	594
stumbling	594
swung	594
outlaws	594
actionscript	594
waved	594
modifiers	594
hijack	594
libel	594
ellipse	594
thomasville	594
accorded	594
alarmed	594
justine	594
fryer	594
eskimo	594
caesars	594
motorhome	594
editable	594
greats	594
boron	594
strapped	594
bolivian	594
reluctantly	594
pauls	594
superfund	594
woodwork	594
centrifugal	594
authorship	594
piercings	594
riffs	594
cavities	594
cravings	594
decidedly	594
apathy	594
mercantile	594
stalled	594
infused	594
peaked	594
stronghold	594
tetra	594
bearded	594
stylesheets	594
greasy	594
coalitions	594
tactile	594
vowed	594
cinematography	594
carnage	594
asher	594
amador	594
skier	594
storyteller	594
ingenuity	594
ischemia	594
infested	594
wristbands	594
creeks	594
livecams	594
bessie	594
hibiscus	594
somers	594
rattan	594
coroner	594
irregularities	594
tiled	594
waterbury	594
selectivity	594
carlow	594
elaboration	594
hectic	594
demonstrators	594
raiser	594
sanger	594
periphery	594
predictors	594
snuff	594
convene	594
woodwind	594
calmly	594
horribly	594
burnley	593
dilute	593
antispyware	593
contemplation	593
woodside	593
gaseous	593
backlight	593
afflicted	593
gloomy	593
kirkwood	593
naturist	593
airbags	593
plethora	593
cabriolet	593
anthropological	593
orchards	593
prophecies	593
buckeye	593
dollhouse	593
stereotype	593
escalade	593
breakaway	593
marques	593
sealants	593
septuagint	593
dinghy	593
pertains	593
melia	593
feedbacks	593
concurrency	593
healthgrades	593
clothed	593
plummer	593
italians	593
talon	593
repellent	593
chappell	593
blowers	593
sorcery	593
doubleday	593
abstain	593
remodeled	593
barring	593
undermined	593
situational	593
bestowed	593
chakra	593
habeas	593
inactivity	593
grassy	593
aprons	593
clumsy	593
wetsuits	593
columbian	593
emulsion	593
fielder	593
courseware	593
biosphere	593
plumpers	593
muschi	593
pounded	593
ollie	593
stint	593
federalism	593
rousseau	593
sarcasm	593
laminating	593
accomplishing	593
colitis	593
unincorporated	593
liang	593
cryogenic	593
antispam	593
homologous	593
overturned	593
uphill	593
hassles	593
maximus	593
symptomatic	593
warmed	593
parable	593
affords	593
trademanager	593
bipartisan	593
rhodium	593
exchanger	593
preseason	593
bumble	593
intimidating	593
deadlock	593
placenta	593
dulles	593
deriving	593
sarcoma	593
sniffer	593
quadrangle	593
elects	593
bahasa	593
eradicate	593
tricia	593
residuals	593
likeness	593
alpaca	593
degrade	593
flashpoint	593
flemish	593
shred	593
mailers	593
tented	593
steamed	593
aroused	593
hollands	593
modernism	593
remittance	593
sieve	593
alienation	593
elizabethtown	593
dunhill	593
guidebooks	593
reddish	593
scotts	593
macgregor	593
binge	593
impulses	593
interpol	593
pleads	593
scissor	593
goliath	593
smyth	593
caprice	593
horned	593
jazzy	593
headboard	593
janus	593
hester	593
benevolent	593
superstition	593
cations	593
cohorts	593
ecole	593
centos	593
hysterectomy	593
housings	593
camilla	593
morristown	593
riverview	593
loopback	593
torsion	593
ultrastructure	593
rarity	593
limbo	593
lucida	593
shove	593
leftover	593
anecdotal	593
integrators	593
accusation	593
arboretum	593
sharealike	593
flake	593
ischemic	593
illustrators	593
hating	593
sewers	593
spores	593
plugging	593
mahmoud	593
macbook	593
aren't	593
vignette	593
shears	593
homebrew	593
fireball	593
flutes	593
tabernacle	593
decorator	593
minced	593
harmonious	593
recordkeeping	593
westerly	593
munitions	593
symmetrical	593
modality	593
ornate	593
midwife	593
appellee	593
granules	593
uniformed	593
multidimensional	593
rollout	593
homegrown	593
datamonitor	593
reinforces	593
coveted	593
prohibitions	593
esophageal	593
moulded	593
deceived	593
approximations	593
convict	593
intermediates	593
albumin	593
grantees	593
tossing	593
loveland	593
regularity	593
sativa	593
lawfully	593
paramedic	593
trademarked	593
edgewood	593
stressing	593
slade	593
potable	593
intensities	593
dumas	593
jester	593
notifies	593
recount	593
ballpark	593
mascara	593
proline	593
dearest	593
wipers	593
snoopy	593
commensurate	593
riverdale	593
schiller	593
bowler	593
unleash	593
captioned	592
wiser	592
gallant	592
summarizing	592
disbelief	592
baritone	592
unqualified	592
cautioned	592
recollection	592
relativistic	592
rotors	592
bagels	592
locomotives	592
condemns	592
fastening	592
jeweler	592
subliminal	592
insecticide	592
ostrich	592
spline	592
undisclosed	592
flirting	592
letterman	592
misplaced	592
prosecutions	592
towson	592
poisoned	592
researches	592
malayalam	592
discriminating	592
pallets	592
uplink	592
exclamation	592
terrence	592
intercepted	592
ascendant	592
flung	592
probationary	592
abducted	592
warlock	592
breakup	592
fiche	592
juror	592
bowden	592
goggle	592
railing	592
metabolites	592
cremation	592
brainstorm	592
banter	592
balconies	592
awaken	592
bateman	592
pigeons	592
coffeehouse	592
singularity	592
signify	592
granddaughter	592
trolling	592
elmore	592
subdirectory	592
bancroft	592
progeny	592
grads	592
alters	592
gratefully	592
divergent	592
fleets	592
dorian	592
libido	592
fuselage	592
diabetics	592
tackled	592
ballerina	592
shoals	592
morgantown	592
tributary	592
clique	592
redheads	592
curran	592
satanic	592
stubbs	592
torment	592
mussels	592
emigration	592
conscientious	592
cushioning	592
ecclesiastical	592
crippled	592
belvedere	592
hilltop	592
tabor	592
tenet	592
acetyl	592
boomer	592
fifteenth	592
chute	592
perinatal	592
automake	592
bohemia	592
daredevil	592
mountainous	592
fonds	592
bowes	592
unforeseen	592
pickles	592
submissive	592
curses	592
mulch	592
stampede	592
marinas	592
whine	592
streptococcus	592
landfills	592
fatality	592
designline	592
looming	592
undies	592
prepay	592
printout	592
nonresident	592
palmos	592
ankles	592
soulful	592
mosques	592
websearch	592
fouls	592
bravenet	592
squeezing	592
canes	592
serendipity	592
follower	592
sequentially	592
landslide	592
alumina	592
degenerate	592
spiked	592
evolves	592
misrepresentation	592
iberia	592
anakin	592
duffel	592
goodrich	592
strung	592
subfamily	592
chanting	592
wrestler	592
perennials	592
officiating	592
hermit	592
behaving	592
colbert	592
matchmaker	592
sagittarius	592
locates	592
bulletproof	592
josiah	592
deepen	592
stenosis	592
acadia	592
recentchanges	592
abrasion	592
valentin	592
reciprocity	592
opportunistic	592
analogs	592
crease	592
hillcrest	592
cantor	592
econometric	592
bartholomew	592
elkhart	592
ringers	592
diced	592
fairgrounds	592
perseverance	592
cartons	592
mustangs	592
addons	592
pharmacological	592
headwear	592
genitals	592
telemedicine	592
yorktown	592
impede	592
academically	592
clasps	592
tilted	592
vicar	592
confines	592
prank	592
repent	592
fulltext	592
agreeable	592
centrum	592
kinks	592
riddles	592
preschools	592
pulpit	592
appreciates	592
contoured	592
aberdeenshire	592
marshes	592
schematics	592
bellies	592
corrosive	592
ambush	592
interfacing	592
borrowings	592
franciscan	592
heparin	592
figurative	592
hardcopy	592
emphasised	592
connective	592
bonfire	592
aversion	592
dunlap	591
biophysics	591
chromatin	591
mathis	591
roxanne	591
stiles	591
stewards	591
chauffeur	591
wasteland	591
elicit	591
plotter	591
findlay	591
henrietta	591
slapped	591
bitten	591
cymraeg	591
phonebook	591
doodle	591
martyn	591
dynamo	591
hobson	591
chronologically	591
summon	591
skeletons	591
parchment	591
accommodates	591
lingua	591
stacker	591
distractions	591
forfeit	591
paddles	591
unpopular	591
republics	591
touchdowns	591
plasmas	591
inspecting	591
retainer	591
hardening	591
barbell	591
loosen	591
beowulf	591
sneaky	591
undiscovered	591
smarts	591
lankan	591
imputed	591
lightwave	591
alignments	591
coached	591
cheated	591
framingham	591
opensource	591
restroom	591
spatially	591
willows	591
delft	591
marginally	591
communicative	591
grieving	591
chastity	591
invoicing	591
bigtits	591
carney	591
braintree	591
southside	591
flipped	591
faust	591
fright	591
harbors	591
adorned	591
obnoxious	591
diligently	591
surfaced	591
decays	591
cowgirl	591
mortimer	591
easing	591
loginlogin	591
layoffs	591
matures	591
picket	591
thrones	591
emilia	591
maturing	591
margarine	591
illogical	591
awakened	591
suing	591
brine	591
sneaker	591
waning	591
cartwright	591
glycoprotein	591
armoire	591
queued	591
hydroxide	591
piled	591
hanley	591
twinkle	591
lodgings	591
fluff	591
shifter	591
cartography	591
supple	591
firstprevious	591
predicates	591
unfit	591
uttered	591
rumanian	591
nickelodeon	591
tending	591
shaggy	591
elongated	591
ordeal	591
astronomer	591
hernia	591
incompetence	591
britton	591
stabilizing	591
flicker	591
ramsay	591
midsize	591
pullover	591
relieving	591
towering	591
operas	591
slaughtered	591
hoodwinked	591
photoes	591
assaulted	591
beastie	591
rouse	591
yucca	591
armand	591
harvester	591
emmett	591
spiel	591
impurities	591
stemming	591
inscriptions	591
obstructive	591
pacman	591
tentatively	591
tragedies	591
interlude	591
oates	591
retroactive	591
briefed	591
dialects	591
carcass	591
atherosclerosis	591
casually	591
scamp	591
demography	591
freedman	591
migraines	591
restarted	591
reprise	591
thayer	591
kilograms	591
packager	591
populate	591
pembrokeshire	591
arcane	591
impractical	591
simms	591
danes	591
decentralization	591
honeymoons	591
authoritarian	591
judaica	591
cardholder	591
peavey	591
pebbles	591
geocaching	591
tipton	591
quicksilver	591
sacked	591
effortlessly	591
failover	591
forfeited	591
cysts	591
primetime	591
kenosha	591
stipend	591
conceptions	591
snorkel	591
iridium	591
conserving	591
toppers	591
amulet	591
informally	591
alternator	591
underwriter	591
springhill	591
panhandle	591
sarcastic	591
isoform	591
indemnification	591
bombed	591
complexion	591
daisies	591
informant	591
sorrows	591
halton	591
guaranteeing	591
aegean	591
boobies	591
andere	591
sluggish	591
helms	591
sherpa	591
marsden	591
smalltalk	591
sorghum	591
grouse	591
nucleotides	591
reginald	591
pasted	591
moths	591
enhancers	591
collaborated	591
evoke	591
slotted	591
decking	591
dispositions	591
haywood	591
accelerators	591
amorphous	591
tributaries	591
townships	591
hideaway	590
dwayne	590
nantes	590
cyanide	590
assam	590
marek	590
interlibrary	590
mousse	590
provenance	590
shameful	590
chiffon	590
fanfare	590
mapper	590
boyce	590
dystrophy	590
archaic	590
elevate	590
deafness	590
footballs	590
bathurst	590
laureate	590
contemporaries	590
syphilis	590
vigilance	590
appalling	590
palmyra	590
foxes	590
affixed	590
ticking	590
pantheon	590
gully	590
epithelium	590
bitterness	590
brill	590
webbing	590
consumes	590
lovingly	590
thrush	590
bribery	590
emusic	590
smokes	590
glencoe	590
untested	590
ventilated	590
overviews	590
kettles	590
ascend	590
flinders	590
informationhide	590
hearst	590
verifies	590
reverb	590
commuters	590
nutmeg	590
chained	590
canceling	590
brookhaven	590
magnify	590
gauss	590
precautionary	590
artistry	590
travail	590
livres	590
fiddler	590
wholesome	590
pitts	590
wrists	590
severed	590
mites	590
rubric	590
headlamp	590
operand	590
puddle	590
kristi	590
vegetative	590
agora	590
elaborated	590
reeve	590
embellishments	590
willful	590
grandeur	590
plough	590
staphylococcus	590
mansions	590
busting	590
overheard	590
persisted	590
whereabouts	590
substring	590
symphonies	590
reclining	590
smelly	590
gallatin	590
bounding	590
hangar	590
ephemera	590
annexed	590
atheists	590
umpire	590
testicular	590
orthodoxy	590
miramar	590
doubtless	590
wearable	590
carling	590
buildup	590
weaponry	590
keyed	590
esquire	590
cryptic	590
primus	590
landline	590
wherefore	590
entrees	590
corpora	590
geeklog	590
cholera	590
antiviral	590
midsummer	590
profiler	590
intoxicated	590
minimalist	590
mysore	590
jerks	590
wolverines	590
protagonist	590
darius	590
bullion	590
deflection	590
hateful	590
propensity	590
freephone	590
journalistic	590
essences	590
kingfisher	590
moline	590
takers	590
dispensed	590
hiroyuki	590
winkler	590
walleye	590
lemons	590
bagel	590
stratum	590
vendetta	590
syncmaster	590
wists	590
wicklow	590
restrain	590
clutches	590
leftfield	590
walkway	590
cults	590
amaze	590
petrochemical	590
rembrandt	590
estado	590
easel	590
carer	590
humankind	590
potion	590
ovation	590
paddock	590
inverters	590
numerals	590
surpassed	590
gable	590
johnnie	590
thirteenth	590
laced	590
faceplates	590
yeats	590
motorhomes	590
quill	590
zucchini	590
mares	590
enthusiastically	590
fetching	590
chaps	590
tendon	590
chiral	590
newsreader	590
bellows	590
cuddly	590
deceit	590
unmarked	590
joyous	590
boswell	590
venting	590
shekel	590
infringing	590
diocesan	590
readout	590
clarifies	590
gunner	590
dimes	590
verso	590
samoan	590
absorbent	590
grossly	590
cranky	590
cleft	590
merida	590
interceptor	590
impoverished	590
stabbed	590
teaspoons	590
banding	590
nonstick	590
marketwatch	590
comedians	590
awnings	590
umbilical	590
donates	590
foursome	590
lawrenceville	590
lucknow	590
bleaching	590
isolde	590
startled	590
mathematician	590
springdale	590
untrue	590
algonquin	590
hurried	590
disqualification	590
spitfire	590
dieser	590
staggered	590
realnetworks	590
vacated	590
summation	590
querying	590
autonomic	590
pathname	590
fingered	589
manatee	589
apprentices	589
larval	589
resettlement	589
mistakenly	589
radiative	589
drapes	589
intimately	589
koreans	589
realy	589
womans	589
groin	589
greenway	589
spamassassin	589
booted	589
allie	589
algerian	589
electrics	589
sprouts	589
bower	589
stencils	589
extremity	589
reinventing	589
orphaned	589
requisites	589
prudence	589
shopped	589
beattie	589
hypnotherapy	589
gingerbread	589
biggs	589
tasteful	589
puritan	589
checkpoints	589
osiris	589
affirming	589
pieter	589
excavations	589
timesselect	589
forearm	589
distract	589
seaport	589
flashed	589
longs	589
sideshow	589
classifier	589
westbrook	589
moser	589
dawes	589
deceive	589
colonialism	589
supermicro	589
starved	589
scorers	589
pastries	589
colosseum	589
stipulation	589
authorizations	589
emptiness	589
holsters	589
neuropathy	589
backorder	589
shoemaker	589
humphreys	589
cushioned	589
hastily	589
jacobsen	589
invader	589
patriarch	589
conjugated	589
consents	589
y'all	589
unethical	589
polynesian	589
swain	589
alphanumeric	589
grumpy	589
sirens	589
mourn	589
benelux	589
abandoning	589
oddities	589
soften	589
caters	589
kirkpatrick	589
troupe	589
blacksmith	589
coagulation	589
suicides	589
girly	589
powerfully	589
archdiocese	589
compromises	589
orbiter	589
thirdly	589
edgewater	589
deepening	589
keyless	589
repatriation	589
tortilla	589
dissociation	589
watercolour	589
unfairly	589
madsen	589
opticians	589
newmap	589
connexions	589
calico	589
wrongs	589
bottleneck	589
pores	589
regressions	589
johnstone	589
linton	589
undermining	589
burnside	589
colossus	589
buckeyes	589
bodywork	589
applique	589
jewell	589
frivolous	589
indecent	589
dishonesty	589
redefined	589
oiled	589
turnbull	589
microbes	589
empowers	589
sharpen	589
goalkeeper	589
phonetic	589
blurb	589
feedburner	589
norcross	589
compiles	589
bancorp	589
encoders	589
oppressive	589
coined	589
boomerang	589
structurally	589
moray	589
caveats	589
simeon	589
onslaught	589
homeownership	589
birdie	589
disseminating	589
nationale	589
lanyard	589
horst	589
interlock	589
noses	589
pagers	589
treasured	589
sharpness	589
esophagus	589
corral	589
sexshow	589
jackpots	589
optometrists	589
fortnight	589
hickey	589
erode	589
unlicensed	589
plunged	589
reals	589
modulated	589
defiant	589
termite	589
drugstore	589
brisk	589
audiology	589
gannon	589
integrals	589
lysine	589
sizzling	589
macroeconomics	589
thule	589
ponce	589
perjury	589
kaleidoscope	589
busters	589
officemax	589
generality	589
absorber	589
vigilant	589
pronto	589
vistas	589
imager	589
eerie	589
sailboat	589
hectare	589
netball	589
holographic	589
stonewall	589
wrestlers	589
salaam	589
jackass	589
respirator	589
countertop	589
installments	589
partying	589
weatherford	589
exited	589
geometrical	589
crispy	589
priory	589
coffees	589
knowhere	589
sequin	589
epsom	589
bandwagon	589
corpses	589
wiping	589
mercenaries	589
bronchitis	589
polymerization	589
therese	589
whirlwind	589
howling	589
apprehension	589
nozzles	589
raisins	589
turkeys	589
labview	589
unbelievably	589
pasting	589
butyl	589
forested	589
unrivaled	589
bobbie	589
roadways	589
shale	589
diligent	589
varna	589
maidenhead	589
almanacs	589
adversity	589
randomness	589
middlebury	589
caliper	589
innovators	589
anode	589
microprocessors	589
torts	589
siting	589
misinformation	589
aneurysm	589
egress	589
eroded	589
adjectives	589
crepe	589
alastair	589
sheepskin	589
why's	589
concave	589
heresy	589
armory	589
colognes	589
contestant	589
snell	589
believable	589
anesthesiology	589
forthwith	589
avert	589
guise	588
elmhurst	588
curiously	588
fullness	588
culminating	588
kipling	588
vomit	588
bongo	588
compounding	588
shaky	588
bloke	588
brutally	588
pennant	588
electrochemical	588
nicest	588
necks	588
waterhouse	588
aquatics	588
levee	588
hindus	588
lurker	588
chews	588
hoodies	588
phony	588
powerless	588
nikko	588
populace	588
grasslands	588
deliberation	588
soles	588
monolithic	588
jetty	588
luster	588
subcontract	588
overrun	588
undone	588
prophylaxis	588
delia	588
guillermo	588
habitual	588
alhambra	588
hitman	588
uplift	588
causeway	588
murderers	588
restated	588
nukes	588
duplicator	588
reopened	588
fundamentalism	588
australasian	588
inhabit	588
conglomerate	588
rerun	588
segmented	588
cranberries	588
fastened	588
pleated	588
handshake	588
extradition	588
digests	588
innovate	588
perils	588
jerky	588
dismantling	588
proportionate	588
snowmobiling	588
boroughs	588
deliverance	588
resists	588
discourses	588
subdued	588
adhering	588
codon	588
suspicions	588
webnotify	588
hampered	588
acidity	588
formaldehyde	588
detriment	588
welder	588
switcher	588
prejudices	588
goldie	588
purported	588
mockingbird	588
mangrove	588
hogwarts	588
juicer	588
lloyds	588
echelon	588
arranger	588
scaffolding	588
narrows	588
metallurgy	588
sensed	588
queuing	588
insuring	588
babcock	588
boasting	588
shiite	588
valuing	588
argon	588
flightplan	588
norah	588
carefree	588
millar	588
biotin	588
salter	588
testicles	588
ascertained	588
morph	588
econometrics	588
marconi	588
fluctuation	588
jeannie	588
expatriate	588
twenties	588
tantra	588
overlays	588
thingy	588
monstrous	588
comforters	588
conservatories	588
ruskin	588
accuses	588
calibre	588
nobles	588
germination	588
lipoprotein	588
planetarium	588
fumble	588
discos	588
attrition	588
lassen	588
robles	588
homebuyers	588
proverb	588
darin	588
mercenary	588
clams	588
freescale	588
tightened	588
levies	588
speck	588
billboards	588
searcher	588
gutters	588
metacrawler	588
tourmaline	588
leatherman	588
murderous	588
rudder	588
microns	588
unifying	588
anaesthesia	588
videogame	588
amusements	588
scares	588
escalating	588
bluebird	588
mahjong	588
deformed	588
wretched	588
interstellar	588
decadent	588
kenton	588
underestimated	588
incarcerated	588
unsurpassed	588
groupsex	588
surpass	588
loudspeakers	588
annihilation	588
junctions	588
redman	588
transferase	588
stoppers	588
snowshoeing	588
memoranda	588
steaming	588
magnifying	588
uppercase	588
serra	588
cirrhosis	588
metrology	588
hideous	588
abreast	588
intuitively	588
connexion	588
stoneware	588
pathogenic	588
rasmus	588
riverfront	588
humanist	588
usefull	588
extremities	588
pompano	588
tyrant	588
skewed	588
decency	588
papal	588
sequenced	588
sprang	588
obscured	588
teaming	588
flatshare	588
aromas	588
duets	588
positional	588
alesis	588
glycine	588
breakthroughs	588
mountaineers	588
cashback	588
throwback	588
charlestown	588
gestation	588
powering	588
logins	588
sadism	588
butchers	588
panoramas	588
plenum	588
aotearoa	588
geologist	588
piccadilly	588
hydrolysis	588
axioms	588
labia	588
immunizations	588
existential	588
sweaty	588
mogul	588
fiercely	588
varnish	588
hysteria	588
addis	588
breached	588
rounder	588
rectum	588
perched	588
videoconferencing	588
cytoplasm	588
insistence	588
sedimentary	588
clockwork	588
laurier	588
chlorophyll	588
shipyard	588
centering	588
manley	588
sunroof	588
answerer	588
briefcases	588
intelligently	588
bogart	588
vials	588
imputation	588
albrecht	588
densely	588
untranslated	588
droit	588
raffles	588
reconnect	588
colton	588
teeny	588
distrust	588
assassins	588
hatton	588
fraternal	588
benthic	588
carlin	588
lithograph	588
refinements	588
stoner	588
repost	588
resurfacing	588
eloquent	588
spitzer	587
silas	587
wondrous	587
decrees	587
dunne	587
hyperbolic	587
bisque	587
touchstone	587
standoff	587
westbury	587
acoustical	587
photovoltaic	587
orchestras	587
redline	587
grieve	587
reigns	587
pleasurable	587
dobbs	587
bustling	587
solvers	587
lucerne	587
fiasco	587
deacons	587
loudspeaker	587
handicapping	587
slings	587
dwarfs	587
evangelion	587
excretion	587
breakage	587
apportionment	587
notations	587
reins	587
midgets	587
homemaker	587
neverwinter	587
broadest	587
scrambling	587
misfortune	587
drenched	587
categorize	587
foreskin	587
premierguide	587
reflexology	587
astonished	587
subconscious	587
incandescent	587
helphelp	587
foundries	587
registrants	587
disappoint	587
sweats	587
capstone	587
publicized	587
federalist	587
objectweb	587
rehearsals	587
massa	587
portrays	587
hidalgo	587
prosthetic	587
firewood	587
serenade	587
microfiche	587
watergate	587
setbacks	587
weathered	587
truffles	587
grandview	587
aural	587
gatekeeper	587
decommissioning	587
lawless	587
gestion	587
thermodynamic	587
patrice	587
profiled	587
coincides	587
bittersweet	587
inhuman	587
gentiles	587
jardin	587
isolating	587
bigfoot	587
mycobacterium	587
irritated	587
yamada	587
despise	587
coldwater	587
whitehouse	587
cultivars	587
floated	587
santorum	587
mugabe	587
fresco	587
rundown	587
custard	587
carbondale	587
prius	587
hasan	587
branched	587
shipbuilding	587
mildew	587
tombs	587
frown	587
dowling	587
accords	587
steels	587
privy	587
oakdale	587
caretaker	587
antonia	587
feeble	587
gentile	587
contractions	587
loaders	587
trouser	587
combatants	587
hoboken	587
annuals	587
sepia	587
differentials	587
champlain	587
valence	587
deteriorated	587
dancehall	587
droits	587
brava	587
disobedience	587
underscores	587
roadshow	587
unpack	587
divination	587
cultivating	587
nationalities	587
russel	587
nephrology	587
squamous	587
malden	587
triumphant	587
superbly	587
chianti	587
domestically	587
constrain	587
brandi	587
artefacts	587
tation	587
magicians	587
hobbes	587
contended	587
nazarene	587
refineries	587
swimsuits	587
automates	587
whomever	587
genevieve	587
shiloh	587
damper	587
sidelines	587
toolbars	587
preservatives	587
kenai	587
forgiving	587
unplanned	587
yahweh	587
madman	587
peering	587
slumber	587
shimmering	587
rigidity	587
inventing	587
chipped	587
pelvis	587
goodmans	587
potluck	587
davidoff	587
creamer	587
forts	587
tumbling	587
contax	587
columbine	587
portables	587
interprets	587
fledged	587
surat	587
hourglass	587
dormitory	587
pagetop	587
confiscated	587
discharging	587
gunmen	587
disables	587
lockport	587
pollack	587
hoyle	587
arousal	587
unnoticed	587
ridicule	587
vandals	587
inhibiting	587
reinstated	587
unpacking	587
darien	587
intersect	587
finden	587
mammary	587
trampolines	587
hillman	587
designates	587
garnish	587
trimmers	587
levis	587
peeling	587
blindly	587
bridgestone	587
unintentional	587
durant	587
repertory	587
diddy	587
conveyancing	587
disagreements	587
echinacea	587
frigidaire	587
halibut	587
fifties	587
silverware	587
goody	587
ideologies	587
feminists	587
sculpted	587
dugout	587
battleship	587
contraindications	587
talisman	587
rebuttal	587
underside	586
blackwood	586
alumnus	586
ontologies	586
fenders	586
giggle	586
hyperactivity	586
seagull	586
worden	586
polos	586
bonaire	586
spinners	586
deforestation	586
annealing	586
maximizes	586
streaks	586
roderick	586
corinth	586
perverse	586
glittering	586
jails	586
casket	586
dickey	586
detour	586
carpeting	586
yorkers	586
sions	586
husbandry	586
bremer	586
frustrations	586
visibly	586
defunct	586
resection	586
islamist	586
unveil	586
circulars	586
brant	586
layoff	586
touchscreen	586
facelift	586
decoded	586
dodger	586
merciful	586
lessig	586
revell	586
kinship	586
euphoria	586
springtime	586
acuity	586
popper	586
lockdown	586
transmittal	586
blouses	586
heatsink	586
assholes	586
hayman	586
equilibria	586
requester	586
hemlock	586
sniffing	586
allrecipes	586
serialized	586
uncanny	586
stringer	586
milligrams	586
snohomish	586
stork	586
intramural	586
concede	586
curated	586
combustible	586
fallacy	586
tania	586
nicknames	586
hardstyle	586
waistband	586
noxious	586
fibroblasts	586
tunic	586
farce	586
drowsiness	586
metastasis	586
userpics	586
greenbelt	586
chants	586
lunatic	586
reachable	586
pyrenees	586
radioactivity	586
auctioneer	586
recovers	586
howdy	586
cocksucking	586
gregorian	586
haggard	586
reorder	586
aerosols	586
manger	586
logarithmic	586
sexape	586
completions	586
yearning	586
transporters	586
sandalwood	586
chills	586
whack	586
drone	586
rapidshare	586
breezes	586
esteemed	586
godly	586
spire	586
distillation	586
edging	586
gamepro	586
mathematicians	586
decontamination	586
euclidean	586
cymbals	586
salina	586
antidote	586
emblems	586
caricature	586
woodford	586
formalism	586
shroud	586
aching	586
stead	586
recoil	586
eyepiece	586
reconciled	586
raisin	586
bobcat	586
freehand	586
killeen	586
amounting	586
jamming	586
applicator	586
mezzanine	586
poisons	586
meghan	586
nameless	586
logfile	586
humidifier	586
susanne	586
collapses	586
musically	586
intensify	586
voltaire	586
longwood	586
harmonies	586
benito	586
mainstay	586
accumulating	586
indebted	586
breathed	586
mucosa	586
dachshund	586
syringes	586
misled	586
breakpoint	586
culprit	586
transact	586
nepali	586
regimens	586
slicing	586
reproducible	586
spiced	586
berne	586
skydiving	586
bogota	586
datagram	586
nicks	586
puncture	586
platelets	586
trannies	586
lighten	586
pamper	586
canteen	586
nineties	586
hysterical	586
disinfection	586
perfusion	586
darkened	586
requisition	586
postseason	586
shrug	586
tigerdirect	586
boils	586
enchantment	586
greta	586
covey	586
donne	586
punisher	586
tabbed	586
lismore	586
coquitlam	586
auctioneers	586
somethin	586
loathing	586
dials	586
enhydra	586
kyrgyz	586
bianchi	586
roadrunner	586
blackhawks	586
ominous	586
misfits	586
hammocks	586
quieter	586
poking	586
buyout	586
replays	586
adrenergic	586
bottling	586
baseman	586
botanicals	586
tallest	586
wrestle	586
entrenched	586
beyer	586
versiontracker	586
rectify	586
virtuous	586
hashcode	586
tradeshow	586
lewisville	586
aster	586
transparencies	586
bloomingdale	586
snails	586
decipher	586
incapacity	586
mittens	586
overkill	586
ferns	586
curls	586
effortless	586
hydroelectric	586
cranial	586
hindsight	586
wrecked	586
wince	586
orientated	586
friendliness	586
abrasives	586
invincible	586
prometheus	586
rushes	586
deities	586
thunderbirds	586
comanche	586
melts	586
trickle	586
disapprove	586
erratic	585
familiarize	585
cashing	585
spousal	585
insufficiency	585
abusers	585
twinlab	585
drifted	585
copley	585
mallard	585
airman	585
propagated	585
hardships	585
foraging	585
dreamworks	585
corsets	585
wasps	585
bureaucrats	585
songtext	585
conyers	585
chien	585
fairytale	585
amplitudes	585
microcontroller	585
mitre	585
premiered	585
institutionalized	585
tonnage	585
corals	585
circulatory	585
centerline	585
chairmen	585
mille	585
portlet	585
continuance	585
proscar	585
histone	585
unrecognized	585
totalling	585
premieres	585
affectionate	585
translational	585
unimportant	585
ferrara	585
greener	585
bowles	585
endowments	585
grudge	585
interstitial	585
zoological	585
helical	585
redlands	585
fondue	585
norse	585
windscreen	585
wetting	585
adderall	585
othello	585
supersonic	585
bosom	585
maniacs	585
earmarked	585
foothill	585
highspeed	585
uncheck	585
bales	585
blackbird	585
causation	585
rapes	585
persecuted	585
deciduous	585
photosynthesis	585
straighten	585
remotes	585
convocation	585
merrick	585
precaution	585
playmates	585
empirically	585
callmanager	585
feelin	585
deteriorating	585
cypriot	585
fascia	585
philanthropic	585
fryers	585
cally	585
layering	585
geriatrics	585
maneuvers	585
stratified	585
conley	585
picky	585
boces	585
barth	585
mooring	585
perla	585
micheal	585
connell	585
busts	585
endoscopy	585
buzzwords	585
cutaneous	585
lumen	585
airwaves	585
porters	585
jagger	585
forgery	585
setups	585
limewire	585
pereira	585
drawstring	585
infrequent	585
midrange	585
superpower	585
recliner	585
brandenburg	585
incision	585
trisha	585
adjuster	585
jumble	585
impeccable	585
shari	585
marketplaces	585
cognac	585
wading	585
characterizing	585
gawker	585
gagging	585
imitate	585
grasping	585
cyclist	585
borneo	585
generics	585
mortuary	585
richey	585
magneto	585
crunchy	585
teletext	585
crabtree	585
underfull	585
hemscott	585
musicmatch	585
sealant	585
thorns	585
timberwolves	585
harriers	585
rightful	585
executables	585
scarecrow	585
concertos	585
extracurricular	585
mosaics	585
squirters	585
pious	585
utterance	585
undeveloped	585
basalt	585
undisputed	585
distracting	585
tonal	585
unfolds	585
brocade	585
ashtray	585
seaweed	585
payton	585
psychoanalysis	585
hesitant	585
prevails	585
microchip	585
candlelight	585
votive	585
wafers	585
susquehanna	585
modulo	585
antler	585
tarts	585
cuthbert	585
nance	585
bangladeshi	585
desking	585
nikolai	585
babble	585
spankings	585
chatrooms	585
pretreatment	585
pessimistic	585
niches	585
untill	585
winnebago	585
notecards	585
shortwave	585
overlooks	585
diversify	585
quaternary	585
subtracted	585
hugging	585
postman	585
hikers	585
overboard	585
goddesses	585
cuties	585
faithless	585
regained	585
ephraim	585
gilchrist	585
preheat	585
microdrive	585
rookies	585
overton	585
foggy	585
shone	585
potpourri	585
criticizing	585
leafy	585
passionately	585
stroking	585
jarhead	585
uzbek	585
signatory	585
energized	585
matured	585
minimums	585
needlepoint	585
dolor	585
webrings	585
firefighting	585
disallow	585
procured	585
excellency	585
camels	585
partie	585
justifying	585
remanded	585
disagrees	585
lowdown	585
trove	585
eased	585
deprive	585
kremlin	585
filer	585
apologetics	585
lusty	585
threonine	585
metart	585
encephalitis	585
virtuoso	585
tomatometer	585
buzzing	585
dauphin	585
arias	585
steed	585
cowley	585
paraffin	585
kenner	585
unites	585
stimulant	585
anamorphic	585
subspace	585
cleats	585
millet	585
invert	585
pressured	585
peppermill	585
clarifications	585
zionism	585
retin	585
vermilion	585
grinned	585
marche	585
disjoint	585
carats	585
hijacked	585
checkbook	585
candice	585
enlightening	585
endlessly	585
hasty	585
dexterity	585
puzzling	585
reincarnation	584
heuristics	584
sumatra	584
tunisian	584
nigger	584
macular	584
scrape	584
refinishing	584
prized	584
leyland	584
arresting	584
bewitched	584
reloading	584
munch	584
resumption	584
rolleyes	584
intimidated	584
bidirectional	584
traitor	584
clove	584
illiterate	584
starfish	584
kurdistan	584
widened	584
heartbreak	584
bordered	584
preps	584
mallet	584
leech	584
giver	584
discontent	584
congestive	584
schilling	584
battleground	584
tectonic	584
equate	584
corbis	584
inflatables	584
punishing	584
seedling	584
pathologist	584
dwellers	584
mouthpiece	584
underserved	584
elmwood	584
welles	584
nymph	584
reassuring	584
gujarati	584
sportsline	584
healthwise	584
astor	584
predictability	584
pajama	584
paddlesports	584
adenocarcinoma	584
toning	584
gestational	584
snowball	584
travelogues	584
morehead	584
prematurely	584
fueling	584
frail	584
adventurer	584
crayons	584
revamped	584
irradiated	584
awfully	584
mayflower	584
arched	584
curfew	584
hamlin	584
enlist	584
vedic	584
stylistic	584
corneal	584
profane	584
beckman	584
crusher	584
cornelia	584
romney	584
macaroni	584
electing	584
dictation	584
marshfield	584
swank	584
robber	584
evacuate	584
villeroy	584
conveniences	584
proactively	584
roving	584
drinker	584
softened	584
modeler	584
peking	584
progressives	584
linger	584
fillet	584
creationism	584
churn	584
nimbus	584
psychosis	584
smartest	584
firsthand	584
hayley	584
impart	584
muted	584
feats	584
turbidity	584
mountable	584
concomitant	584
oceanographic	584
donner	584
scaffold	584
millie	584
nonzero	584
leisurely	584
dislikes	584
mayonnaise	584
scavenger	584
touted	584
candace	584
adjuvant	584
travolta	584
limitless	584
preventable	584
hangman	584
bumpy	584
aleph	584
conroy	584
mastermind	584
vaccinated	584
sloping	584
coburn	584
acceptability	584
constitutionally	584
disapproval	584
bavarian	584
surcharges	584
crucified	584
noticeboard	584
masons	584
chapin	584
permutation	584
surges	584
literatures	584
mulligan	584
unlucky	584
distort	584
ketchup	584
alimony	584
viscous	584
unambiguous	584
loosing	584
canopies	584
handicraft	584
emphysema	584
buscar	584
epistemology	584
grantham	584
solana	584
piling	584
toolkits	584
soloist	584
rejuvenation	584
anaconda	584
basilica	584
amine	584
robbers	584
carfax	584
leveraged	584
scanjet	584
burley	584
freesex	584
woofer	584
juliana	584
millimeter	584
snape	584
rollercoaster	584
lowland	584
sausages	584
newswatch	584
subordinated	584
roundups	584
awoke	584
keylogger	584
parka	584
unheard	584
prune	584
scouse	584
endanger	584
cairn	584
nomadic	584
spock	584
decompression	584
disgusted	584
draco	584
galena	584
inactivation	584
metafilter	584
lymphatic	584
olfactory	584
prolong	584
allman	584
knits	584
kroon	584
lisboa	584
thinly	584
rollback	584
garnett	584
westgate	584
galen	584
crockpot	584
weaning	584
snowshoe	584
hijackthis	584
arable	584
backside	584
parallelism	584
fetchmail	584
candlewood	584
angelfire	584
vernacular	584
latitudes	584
alkali	584
mowing	584
painkiller	584
nutty	584
foreseen	584
fenway	584
restrooms	584
sever	584
myeloma	584
expend	584
auntie	584
afghans	584
scallops	584
blames	584
subdivided	584
osteopathic	584
vividly	584
happiest	584
countermeasures	584
wildflower	584
stackable	584
barebones	584
merino	584
reserving	584
stooges	584
indented	584
barium	584
toric	584
looting	584
humming	584
disclaim	584
shearer	584
hydrophobic	584
diameters	584
exerted	584
justifies	584
returnable	584
resuscitation	584
cancelling	584
stratification	584
regenerate	584
oliveira	584
cahill	584
titre	583
tumbler	583
adagio	583
sunburst	583
improvised	583
flocks	583
ranting	583
bothering	583
garnered	583
erupted	583
ghostscript	583
meltdown	583
fling	583
rainwater	583
gellar	583
comrade	583
ascended	583
redefining	583
vesicles	583
piccolo	583
resizing	583
porcupine	583
showrooms	583
verifiable	583
chopping	583
enacting	583
boyds	583
havens	583
bacterium	583
sideline	583
stabbing	583
metamorphosis	583
bushing	583
ligament	583
penpals	583
translocation	583
serialization	583
playgrounds	583
hilda	583
wanderer	583
flattened	583
dawkins	583
spitting	583
eigenvalue	583
inconvenient	583
seacoast	583
conductance	583
imperfections	583
lewes	583
chancery	583
raving	583
niels	583
explodes	583
panzer	583
soviets	583
tweeter	583
executor	583
poncho	583
choirs	583
faerie	583
wakeboarding	583
stinger	583
chipsets	583
wreaths	583
collapsing	583
tasteless	583
tomahawk	583
projet	583
instructive	583
absorbs	583
toutes	583
mathematically	583
godwin	583
kuwaiti	583
drier	583
storageworks	583
duplicators	583
bothers	583
parades	583
cubicle	583
avanti	583
shoved	583
invokes	583
papaya	583
cannons	583
auger	583
mongoose	583
crossfade	583
instrumentals	583
iconic	583
chromatic	583
rallying	583
gambit	583
enoch	583
carriages	583
dales	583
polled	583
agnostic	583
denounced	583
landis	583
delusion	583
fredrick	583
jogger	583
occlusion	583
verity	583
covent	583
turret	583
reinvestment	583
chatterbox	583
neutrons	583
precede	583
polystyrene	583
betts	583
intelligencer	583
dundas	583
netmag	583
pluralism	583
domes	583
tetanus	583
neuromuscular	583
hauser	583
citeseer	583
hiker	583
strategist	583
wildest	583
electroclash	583
outlays	583
zloty	583
foodstuffs	583
wessex	583
osmosis	583
priming	583
vowels	583
sulphate	583
soothe	583
advancements	583
clandestine	583
migrations	583
hovering	583
slurry	583
tamper	583
soulmates	583
punishments	583
chiropractor	583
vibrational	583
heathen	583
obsidian	583
unduly	583
dressers	583
winger	583
argonne	583
rigged	583
domicile	583
chargeable	583
fanning	583
spurred	583
logics	583
osage	583
adamson	583
coeds	583
peregrine	583
tabitha	583
subdirectories	583
crumb	583
fostered	583
culmination	583
revolves	583
guilder	583
comparator	583
theoretic	583
sealer	583
sleazy	583
softening	583
todas	583
waterproofing	583
devlin	583
glimpses	583
pinky	583
hattie	583
lewisham	583
mints	583
invertebrate	583
rebellious	583
tastefully	583
guesthouses	583
grate	583
exorcism	583
grilles	583
cultivar	583
orson	583
teammate	583
diseased	583
sequencer	583
grandparent	583
demonic	583
margot	583
socialists	583
deduced	583
collaboratively	583
buttocks	583
unmanned	583
rainbows	583
gunnar	583
burials	583
bountiful	583
eunice	583
lossless	583
imbalances	583
mesopotamia	583
andean	583
poseidon	583
superconducting	583
armpit	583
spectroscopic	583
ratify	583
worsening	583
metalworking	583
groundhog	583
mexicans	583
ginkgo	583
fiend	583
drapery	583
bernice	583
deported	583
decedent	583
dimethyl	583
muzzle	583
entrant	583
retval	583
schoolhouse	583
telescopic	583
vespa	583
phasing	583
lactate	583
dodson	583
monorail	583
retribution	583
bookworm	583
sabbatical	583
stallman	583
skeptic	583
backlit	583
kentech	583
slander	583
basing	583
baits	583
fireside	583
onshore	583
florals	583
millimeters	583
disposing	583
wicks	583
pathologists	583
fanfiction	583
suffrage	583
toxics	583
triumphs	583
fortifying	583
sleepless	583
kinesiology	583
potions	583
squirts	583
delmar	583
storybook	583
watered	583
grenades	582
fleas	582
tully	582
contrasted	582
opting	582
hauled	582
taupe	582
ventured	582
hookup	582
recite	582
myron	582
altima	582
keepsakes	582
seawater	582
contenders	582
kneeling	582
negation	582
dismay	582
fulfills	582
smelled	582
printmaking	582
heals	582
dotnet	582
reconstructive	582
metcalf	582
bookshelves	582
trespass	582
conciliation	582
supermodels	582
glycerol	582
wiseman	582
compasses	582
groomed	582
leaping	582
impunity	582
sunken	582
sliders	582
inaugurated	582
redford	582
encountering	582
itemized	582
infernal	582
defamatory	582
sewell	582
currentversion	582
reared	582
pampered	582
mangas	582
bottlenecks	582
pyrex	582
inquiring	582
sculpting	582
numero	582
sedans	582
praising	582
momentary	582
launchers	582
commemoration	582
finishers	582
psychologically	582
northside	582
holstein	582
interdependence	582
microfinance	582
serpentine	582
droplets	582
inducted	582
hangings	582
conor	582
sundry	582
repercussions	582
protestants	582
therefrom	582
woking	582
longmont	582
hydrological	582
runes	582
wrecking	582
pique	582
breweries	582
landon	582
burrell	582
forecaster	582
quickie	582
stephane	582
swore	582
parabolic	582
boreal	582
bankroll	582
interventional	582
teensex	582
tabulation	582
journeyman	582
creampies	582
enlighten	582
trier	582
flashy	582
prowess	582
abstractions	582
enriching	582
dogwood	582
trampling	582
signet	582
iroquois	582
convergent	582
digested	582
trumpets	582
majoring	582
embodies	582
equivalency	582
messe	582
manhood	582
sedation	582
cannibal	582
rosemont	582
nephews	582
oblivious	582
atmospheres	582
stricter	582
harmonics	582
highschool	582
centimeters	582
jeter	582
memes	582
lavatory	582
roughness	582
destructor	582
accelerates	582
ancients	582
relocations	582
tricare	582
beckley	582
snapping	582
jethro	582
cauliflower	582
midfielder	582
feudal	582
tornadoes	582
unbearable	582
docklands	582
perpetrated	582
tanzanian	582
basses	582
boarded	582
olympian	582
winelands	582
syllabi	582
safeway	582
prosite	582
livre	582
interferes	582
devotions	582
devotees	582
acquaintances	582
sectarian	582
waterville	582
fathom	582
republish	582
cools	582
endoscopic	582
transen	582
segundo	582
appreciative	582
innumerable	582
sexocean	582
disproportionately	582
noticeably	582
taskbar	582
synchrotron	582
memorize	582
volumetric	582
atonement	582
extant	582
unmask	582
umpires	582
shuttles	582
jumpstart	582
chisel	582
hyperplasia	582
mysteriously	582
parodies	582
wayward	582
legit	582
redness	582
dreamland	582
scrapped	582
wands	582
orphanage	582
illustrious	582
disruptions	582
erasure	582
fishy	582
pauses	582
intoxication	582
dowload	582
freelancer	582
glimmer	582
radars	582
materiel	582
blooded	582
slamming	582
syllables	582
staffers	582
teddies	582
upsilon	582
sizable	582
coenzyme	582
filmy	582
timid	582
afterlife	582
mather	582
harddrive	582
tampering	582
counterpoint	582
weavers	582
magically	582
skywalker	582
thyself	582
wristband	582
chiller	582
rooting	582
pretended	582
barra	582
therewith	582
interment	582
worthing	582
partitioned	582
aller	582
sucrose	582
neogeo	582
populous	582
renewables	582
filipina	582
modesty	582
banshee	582
supersedes	582
veils	582
downloader	582
seabrook	582
sumptuous	582
chronically	582
preschoolers	582
unenforceable	582
fisheye	582
wayside	582
spotless	582
gerontology	582
predation	582
exacerbated	582
infestation	582
linearity	582
aerials	582
summits	582
stylist	582
porosity	582
sprayer	582
gliders	582
barbed	582
prognostic	582
unregulated	582
legions	581
hadith	581
jayhawks	581
sunflowers	581
lobos	581
ecstatic	581
reportable	581
carotene	581
blasphemy	581
filesystems	581
enrollees	581
countenance	581
skinning	581
sanjay	581
compaction	581
juicers	581
methionine	581
toplist	581
dewpoint	581
delimiter	581
forsaken	581
richfield	581
recounts	581
hangout	581
striptease	581
sonicwall	581
burgeoning	581
adventurers	581
amnesia	581
bigotry	581
leaky	581
contradicts	581
menswear	581
pagans	581
wrenches	581
dinars	581
capote	581
molar	581
databank	581
montevideo	581
sunglass	581
afloat	581
bruised	581
flattering	581
followings	581
shipley	581
brigades	581
engrossed	581
accretion	581
dashes	581
impeach	581
atrophy	581
bullpen	581
dysplasia	581
freeroll	581
earls	581
utopian	581
totality	581
circumvent	581
hyped	581
epidermal	581
boulders	581
autopilot	581
batik	581
negotiator	581
crain	581
bellamy	581
sonja	581
fringes	581
excavated	581
smoothed	581
replaceable	581
forint	581
nudism	581
formulary	581
affirms	581
irvin	581
gulch	581
striping	581
excavating	581
recoveries	581
mainstreaming	581
irrevocable	581
moaned	581
axles	581
graciously	581
seasonings	581
pantech	581
roxbury	581
clamping	581
whiplash	581
dildoes	581
radiated	581
takeoff	581
wiggle	581
truely	581
henna	581
cartesian	581
bribe	581
gamezone	581
outspoken	581
asymmetrical	581
trolleys	581
interlocking	581
verily	581
doped	581
headband	581
ardent	581
outperform	581
harmonization	581
forcibly	581
hamid	581
differentiating	581
hitters	581
konrad	581
wickets	581
restarting	581
presided	581
wideband	581
shimmer	581
stevenage	581
tremor	581
moorhead	581
aerodynamic	581
hopewell	581
evaluative	581
loaned	581
violins	581
extravagant	581
ghent	581
astute	581
jamieson	581
subtracting	581
logbook	581
inflict	581
truetones	581
rotates	581
invalidate	581
ridiculously	581
legible	581
towed	581
rescues	581
disregarded	581
salted	581
causality	581
tiling	581
ethnographic	581
attractiveness	581
waffles	581
doubly	581
calamity	581
fandango	581
powermac	581
catalysis	581
aristocrats	581
brewed	581
annexes	581
lisle	581
fiance	581
sprawling	581
vulture	581
mislead	581
wrongdoing	581
ventral	581
gunter	581
retard	581
iranians	581
medio	581
platters	581
canto	581
commandos	581
germanic	581
harassed	581
repeatable	581
discriminated	581
weekender	581
milner	581
welders	581
sponges	581
semifinals	581
cavendish	581
quantization	581
surfacing	581
receptacles	581
vegetarians	581
revered	581
harassing	581
gottlieb	581
dislocation	581
shingle	581
timbers	581
undergoes	581
guatemalan	581
iguana	581
glaring	581
salman	581
choker	581
tilting	581
ecologically	581
scoreboards	581
conquering	581
spaceship	581
harass	581
meditate	581
tunica	581
powerbuilder	581
aorta	581
unconfirmed	581
denominated	581
degenerative	581
delve	581
ostensibly	581
crimp	581
lumps	581
cretaceous	581
mousepad	581
fished	581
rashid	581
drizzle	581
boaters	581
bracing	581
handlebars	581
blackmail	581
weightloss	581
interconnects	581
playtime	581
enrollments	581
criticality	581
geoscience	581
remorse	581
clout	581
spacers	581
jours	581
deferral	581
feces	581
mountaineer	581
pondering	581
activewear	581
transcriptions	581
metered	581
bugfixes	581
quintessential	581
babycenter	581
stockpile	581
psychics	581
williamsport	581
westlaw	581
hetero	581
meteorite	581
purposely	581
lucifer	581
worshipped	581
extruded	581
unholy	581
starware	581
phage	581
spectacles	581
muttered	581
wolfpack	581
aquila	581
longstanding	580
knitwear	580
apocalyptic	580
fatties	580
henceforth	580
fillings	580
inflows	580
estuarine	580
strapping	580
socialization	580
expedient	580
unconditionally	580
caving	580
secreted	580
alkyl	580
artichoke	580
leasehold	580
livery	580
recapture	580
chevalier	580
hairdressing	580
incompatibility	580
anchoring	580
yellowpages	580
navigable	580
biomechanics	580
microcomputer	580
personas	580
milieu	580
discipleship	580
stonehenge	580
magnifier	580
injure	580
knuckles	580
esters	580
intermission	580
ablation	580
nutcracker	580
amazement	580
medusa	580
pagoda	580
manifests	580
dosages	580
primed	580
recited	580
multiplexing	580
indentation	580
reformers	580
ensued	580
justly	580
throats	580
retardant	580
shankar	580
barrage	580
overheads	580
southfield	580
buoyancy	580
gnustep	580
curled	580
peeping	580
dermal	580
sizeable	580
aftershave	580
paces	580
earners	580
tenderloin	580
hamburgers	580
walnuts	580
oliva	580
margie	580
broadened	580
caltech	580
lashes	580
stapleton	580
esplanade	580
francophone	580
prairies	580
mandel	580
conical	580
mocking	580
tricked	580
etymology	580
raccoon	580
shrinkage	580
cheaply	580
allege	580
draped	580
hamsters	580
thrashers	580
subtly	580
manslaughter	580
calibrate	580
rambo	580
consort	580
serrano	580
niacin	580
strawberrynet	580
wesson	580
ormond	580
bibliographical	580
fleeting	580
glyph	580
marinated	580
marko	580
genotypes	580
evacuees	580
urbanization	580
unwired	580
skyscraper	580
plumb	580
needlework	580
tooled	580
charlottetown	580
submersible	580
condensate	580
undefeated	580
annoyances	580
bacchus	580
chuckle	580
photographing	580
footjobs	580
unfolded	580
trackers	580
dissident	580
unify	580
israelites	580
briar	580
swapped	580
stent	580
moulds	580
angiography	580
areaconnect	580
brockton	580
hindered	580
dunst	580
bloated	580
pranks	580
plasticity	580
mantel	580
fatima	580
armband	580
disordered	580
belated	580
stemmed	580
grayscale	580
cartoonist	580
englishman	580
flotation	580
winder	580
paralyzed	580
deterrence	580
junta	580
cardin	580
shrunk	580
crammed	580
aardvark	580
cosmological	580
dothan	580
isotopic	580
hatchet	580
unsuspecting	580
understated	580
amphetamine	580
grout	580
dismissing	580
windfall	580
filaments	580
jocelyn	580
tristar	580
pastels	580
companionship	580
stallions	580
creeper	580
epidemics	580
fishbase	580
illegitimate	580
curie	580
bootable	580
sourcewatch	580
undisturbed	580
decimals	580
transcendental	580
countertops	580
farmed	580
paola	580
elwood	580
hocking	580
prerelease	580
femoral	580
visceral	580
fructose	580
complicate	580
silverstein	580
zooming	580
indistinguishable	580
extinguisher	580
subpoenas	580
rincon	580
fledgling	580
traversal	580
erick	580
skillful	580
midfield	580
hypersensitivity	580
groot	580
redshift	580
fernandes	580
compensating	580
prosthesis	580
overrated	580
reasonableness	580
nuances	580
electricals	580
knuckle	580
taker	580
placeholder	580
bastion	580
massages	580
metarating	580
scraping	580
tupelo	580
gypsies	580
concurring	580
videotapes	580
assemblage	580
backseat	580
manipulations	580
watery	580
aylesbury	580
submenu	580
juanita	580
coiled	580
sipping	580
chondroitin	580
beatrix	580
sandpiper	580
cheerfully	580
overarching	580
janes	580
selectors	580
internationals	580
estuaries	580
paleontology	580
sledge	580
stepper	580
gilded	580
murdering	580
waterskiing	580
unbroken	580
superheroes	580
sages	580
tropic	580
capella	580
leftovers	580
bangboat	580
condemning	580
guestrooms	580
urethane	580
entourage	580
sprinklers	580
travers	580
familia	579
realist	579
midsole	579
geochemistry	579
reflectivity	579
suppressing	579
linea	579
butterworth	579
datagrid	579
scorn	579
crusades	579
whirl	579
apprenticeships	579
pervert	579
asymptomatic	579
retails	579
defences	579
humiliating	579
offroad	579
simpletech	579
circled	579
withers	579
sprout	579
elicited	579
swirling	579
minot	579
campos	579
evidentiary	579
clinging	579
bunches	579
bagged	579
synthesize	579
negotiators	579
deviate	579
hotelguide	579
bayview	579
overridden	579
blackened	579
hinds	579
whereupon	579
racially	579
riverton	579
expertly	579
muriel	579
hostilities	579
atelier	579
colloidal	579
guarantor	579
imperialist	579
veneers	579
reaffirmed	579
tibia	579
penned	579
kiddie	579
conte	579
tulare	579
venturi	579
sundries	579
horatio	579
cheered	579
danzig	579
beanies	579
irreducible	579
trixie	579
ridgeway	579
verifier	579
dimensionname	579
throbbing	579
sleepers	579
eurasian	579
sallie	579
solace	579
pesky	579
underwire	579
moles	579
salvia	579
unloaded	579
projectile	579
radioshack	579
sportstar	579
transplanted	579
bandages	579
handcuffs	579
scripted	579
beacons	579
stucco	579
vocalists	579
tiburon	579
intrinsically	579
everlast	579
obits	579
sportsbooks	579
impervious	579
andaman	579
hallam	579
spoofing	579
reauthorization	579
poolside	579
shams	579
shawls	579
flourishing	579
precedes	579
bruises	579
skeptics	579
instructs	579
palatine	579
motorist	579
peritoneal	579
spycam	579
lowes	579
carnation	579
publicize	579
kangaroos	579
bulimia	579
newquay	579
ladybug	579
analyser	579
ruffle	579
algorithmic	579
rectifier	579
banknotes	579
bookshot	579
bassoon	579
knack	579
rivet	579
aragon	579
scrapbooks	579
hydropower	579
aggie	579
tilly	579
clearances	579
denominational	579
grunt	579
tamron	579
talmud	579
spreader	579
grammars	579
otolaryngology	579
overalls	579
snowmobiles	579
doubted	579
ravaged	579
lagrangian	579
whistling	579
upholding	579
ailing	579
obeyed	579
eases	579
tattooed	579
ghostly	579
hippocampus	579
repeaters	579
mutiny	579
delusions	579
foresee	579
rations	579
bitterly	579
reimbursements	579
windmills	579
perpetrator	579
actionable	579
cornea	579
overfull	579
southgate	579
cleverly	579
kitchenette	579
misunderstandings	579
liberian	579
repairers	579
numerology	579
barware	579
normalize	579
sisterhood	579
lightening	579
buffs	579
overturn	579
phenotypes	579
kinross	579
thoughtfully	579
kieran	579
triplet	579
geosciences	579
rencontre	579
sonics	579
timmins	579
risking	579
lotta	579
proprietors	579
archaeologists	579
pussys	579
ingress	579
tentacle	579
barbers	579
salespeople	579
motility	579
retires	579
dengue	579
commotion	579
incineration	579
shanks	579
bissell	579
deduce	579
unbreakable	579
supersized	579
depictions	579
sexcams	579
bolted	579
materialism	579
eternally	579
senseless	579
rabid	579
reassure	579
recollections	579
probed	579
separators	579
resetting	579
funnies	579
cumin	579
keystrokes	579
hamlets	579
setters	579
inertial	579
payless	579
unwritten	579
payee	579
cinematographer	579
preorder	579
teenies	579
ventilator	579
jammed	579
micrograms	579
moveable	579
housekeeper	579
pediatrician	579
cymbal	579
convective	579
haymarket	579
agrarian	579
humana	579
nosed	579
shogun	579
rescheduled	579
sidestep	579
readline	579
microbiological	579
lovable	579
pseudoephedrine	579
stockholder	579
quanta	579
synapse	579
airplay	579
sawmill	579
abram	579
catharine	579
uppers	579
pitman	579
bodrum	579
consented	579
leathers	579
embossing	579
redirects	579
congested	579
banished	579
meticulous	579
terraced	579
multiplexer	579
menorca	579
buttermilk	579
laces	579
dendritic	579
minima	579
operands	579
hugged	579
mikael	579
conceptually	579
flurry	579
warmest	579
hardwoods	579
capping	579
parisian	579
humanism	579
annualized	578
basildon	578
testis	578
tigger	578
unusable	578
bertram	578
perturbations	578
approximated	578
adversaries	578
consulates	578
versioning	578
aunts	578
vapors	578
breakdowns	578
skylight	578
periodontal	578
macmall	578
uncredited	578
gemma	578
rupiah	578
bullish	578
hippy	578
northerner	578
mackintosh	578
fabricators	578
mutated	578
layne	578
moonstone	578
sheng	578
monarchs	578
unsolved	578
roost	578
strenuous	578
unreasonably	578
synergies	578
shuffling	578
fundamentalists	578
ludicrous	578
amyloid	578
understandably	578
icarus	578
appletalk	578
tenets	578
albanians	578
dialed	578
steadfast	578
intermodal	578
baymont	578
niall	578
reckoned	578
promissory	578
overflows	578
mitts	578
nappy	578
fuchsia	578
chowhound	578
muscat	578
handover	578
squarely	578
softness	578
crayon	578
butterfield	578
rotting	578
salamander	578
driveways	578
exhilarating	578
lukas	578
aswell	578
excepted	578
skippy	578
marginalized	578
sooners	578
flavoured	578
cityguide	578
maritimes	578
marque	578
bookmakers	578
ditches	578
millionaires	578
marston	578
evade	578
newsline	578
coverages	578
specialities	578
systematics	578
renderer	578
matsui	578
rework	578
snowmass	578
coffs	578
scourge	578
cleansers	578
bandage	578
detach	578
webby	578
footbed	578
virginity	578
moretrade	578
apogee	578
allergens	578
doctrinal	578
worsen	578
tankers	578
adaptability	578
cramped	578
whopping	578
brookes	578
racking	578
corrects	578
computeractive	578
finline	578
permissionrole	578
quickcam	578
shunt	578
rodeway	578
scrollbar	578
vanishes	578
kenshin	578
clackamas	578
synch	578
patten	578
obedient	578
allis	578
estimators	578
sects	578
functionalities	578
downes	578
evidences	578
fetishes	578
isaacs	578
outrigger	578
enclave	578
anxiously	578
fibrillation	578
ascribed	578
licorice	578
strikers	578
statically	578
goldmine	578
developmentally	578
optimist	578
ingles	578
senders	578
gratification	578
seashore	578
automaton	578
pierson	578
unskilled	578
steamy	578
marinade	578
passwort	578
brigadier	578
extinguishers	578
stratosphere	578
updater	578
consonant	578
companys	578
acetic	578
nicaraguan	578
unarmed	578
dyeing	578
intolerable	578
republished	578
tawny	578
sconces	578
insulator	578
endometrial	578
absinthe	578
hegemony	578
focussing	578
gallerie	578
tryptophan	578
hygienic	578
gilroy	578
extensibility	578
sufferings	578
tahitian	578
propagating	578
sacraments	578
bianco	578
salma	578
layman	578
bungee	578
vellum	578
ignatius	578
alternates	578
configures	578
emperors	578
albertson	578
stalks	578
stanza	578
getclass	578
mucus	578
suspenders	578
londres	578
morons	578
dismantle	578
terminations	578
novices	578
grasped	578
pharos	578
bequest	578
beggars	578
eavesdropping	578
redeemer	578
numerator	578
florin	578
quixote	578
resurgence	578
chaise	578
paternal	578
rained	578
timings	578
carburetor	578
merges	578
indigent	578
trellis	578
jeopardize	578
fanlisting	578
screenwriting	578
keyrings	578
hydrolase	578
mobilized	578
zonealarm	578
crystallization	578
someplace	578
marries	578
echoing	578
antibacterial	578
extremism	578
fluctuate	578
tasked	578
nagpur	578
funroll	578
flips	578
petsmart	578
recitation	578
macrophage	578
aptly	578
alleviation	578
liege	578
remittances	578
palmas	578
useable	578
romances	578
nieces	578
ferndale	578
saipan	578
characterizes	578
councilor	578
jellyfish	578
reissued	578
airconditioning	578
papyrus	578
wiggles	578
rubbermaid	578
candlestick	578
spector	578
incumbents	578
writable	578
reflectance	578
circling	578
sheik	578
pints	578
coliform	578
selena	578
broomfield	578
nonpoint	578
realignment	578
girdle	578
siamese	578
undermines	578
veiled	578
blotting	578
intimates	578
supercomputer	578
eruptions	578
javelin	578
bouncer	578
phenol	578
lifetimes	578
grundy	578
stares	578
eastward	578
histamine	578
bedlam	578
entree	578
bothell	577
synergistic	577
desist	577
grasshopper	577
rheumatic	577
maplewood	577
tillman	577
autobiographical	577
maints	577
piety	577
embody	577
petites	577
crawled	577
handball	577
shandong	577
stylized	577
soiled	577
goofs	577
froze	577
superfluous	577
plexus	577
systolic	577
unreachable	577
disarm	577
tacit	577
modernist	577
waring	577
chansons	577
parenthesis	577
reorganized	577
daybreak	577
quakers	577
pentecost	577
yasser	577
weathering	577
totalitarian	577
putters	577
waypoint	577
interrelated	577
beulah	577
delray	577
lifedrive	577
southbound	577
unveiling	577
solidworks	577
astray	577
blisters	577
patios	577
infirmary	577
firebox	577
synopses	577
hinted	577
sanctity	577
pedantic	577
sonatas	577
barbecues	577
grandes	577
bullies	577
walther	577
notoriously	577
lucius	577
deadwood	577
kirsty	577
commonsense	577
caustic	577
emporia	577
gleaming	577
dominoes	577
violators	577
phrasebook	577
parochial	577
bertie	577
sledding	577
lakefront	577
excision	577
traceability	577
yangon	577
booktitle	577
lemony	577
recursively	577
auctioned	577
basset	577
limiter	577
precedents	577
cornwell	577
exiled	577
howells	577
blueberries	577
mustered	577
pretext	577
notting	577
comprehensively	577
whisk	577
flared	577
deference	577
limelight	577
artful	577
solis	577
hoosiers	577
criss	577
glynn	577
audacity	577
margate	577
unmet	577
competes	577
compositional	577
taylormade	577
catawba	577
downwards	577
ordinal	577
inasmuch	577
plotters	577
caress	577
hails	577
downed	577
magnitudes	577
firstname	577
wilfred	577
mauve	577
twitch	577
polluting	577
wellcome	577
combed	577
reclaiming	577
pedicure	577
duplexes	577
edgewall	577
webchanges	577
backplane	577
transceivers	577
disrupting	577
spore	577
baptists	577
unrealized	577
paraphrase	577
flounder	577
crept	577
fibrous	577
swamps	577
roomate	577
epilogue	577
epistle	577
acetone	577
alanine	577
exiles	577
wheatley	577
clapping	577
finesse	577
blitzkrieg	577
nickels	577
cordelia	577
infrequently	577
banbury	577
favoring	577
converging	577
choctaw	577
interactively	577
mufflers	577
quarks	577
inquisition	577
reputed	577
forman	577
dinah	577
walkways	577
seduce	577
bearers	577
kimono	577
guesses	577
oxidized	577
bugfix	577
bloodstream	577
underpinning	577
resistivity	577
impossibility	577
ceylon	577
conformal	577
courant	577
sherri	577
invasions	577
eminence	577
nevermind	577
tenchi	577
canna	577
potters	577
detergents	577
liberate	577
bombardier	577
cytotoxic	577
gunther	577
colophon	577
hanged	577
morin	577
flatter	577
acquitted	577
unforgiven	577
thesauri	577
dimmer	577
friendfinder	577
dredge	577
relais	577
tingling	577
preferring	577
allocates	577
cordial	577
reassurance	577
punks	577
superintendents	577
unannotated	577
endian	577
nervousness	577
delineated	577
imaginations	577
patchy	577
haters	577
quarrel	577
worldnow	577
millennia	577
frith	577
aryan	577
tendering	577
transitive	577
remixed	577
furthering	577
connoisseur	577
idealism	577
newyork	577
penile	577
positron	577
separable	577
metallurgical	577
ordinating	577
caregiving	577
molybdenum	577
liqueur	577
spokes	577
pastime	577
pursues	577
hexagonal	577
throated	577
contravention	577
bugle	577
healers	577
superbike	577
disperse	577
binomial	577
incoherent	577
fours	577
staybridge	577
mullet	577
canfield	577
hardball	577
renovate	577
devout	577
strom	577
actuary	577
addressbook	577
purdy	577
unfurnished	577
rattus	577
blinding	577
latches	577
cosmetology	577
emitter	577
inaction	577
estados	577
begining	577
hotlog	577
formatter	577
rhinestones	577
shootings	577
splitters	577
pizzas	577
contig	577
northward	577
trotter	576
subversive	576
winders	576
impediments	576
adorama	576
breathless	576
intertwined	576
postmarked	576
steen	576
devolution	576
corkscrew	576
innes	576
reunification	576
izumi	576
moderating	576
affections	576
inherits	576
mortals	576
purgatory	576
dooley	576
diebold	576
comer	576
unsaturated	576
hotsync	576
tillage	576
nonexistent	576
discloses	576
liquidated	576
decoders	576
validates	576
easterly	576
jackman	576
lagged	576
biophysical	576
mendes	576
landers	576
belton	576
tapas	576
hawker	576
calla	576
curriculums	576
supermodel	576
vertebrates	576
toughness	576
disrespect	576
exclusivity	576
motivates	576
debuted	576
lifeguard	576
lagging	576
uncovering	576
danforth	576
indeterminate	576
kilmarnock	576
refreshment	576
bignaturals	576
momentarily	576
langer	576
rosette	576
poweredge	576
sequels	576
licensor	576
changeable	576
pantone	576
tragically	576
headteacher	576
coexistence	576
brownfield	576
clapham	576
supervises	576
orthologs	576
trumps	576
redistricting	576
amritsar	576
justifiable	576
twofold	576
sicilian	576
anesthetic	576
paperless	576
fansites	576
anisotropy	576
unearned	576
thwart	576
potted	576
chanson	576
redox	576
cladding	576
seaworld	576
hotlist	576
amelie	576
incurring	576
retransmission	576
overlaps	576
meticulously	576
convalescent	576
sitka	576
mackerel	576
goings	576
clinch	576
provident	576
leprosy	576
hellboy	576
rangemaster	576
interceptions	576
fitter	576
nonviolent	576
fasten	576
evangelicals	576
goddamn	576
locksmith	576
interrupting	576
sulla	576
daggers	576
pleases	576
jamboree	576
multicolor	576
moors	576
geranium	576
kendal	576
tritium	576
revolve	576
leaching	576
isomorphism	576
waged	576
stockbridge	576
invariants	576
jillian	576
waxed	576
concourse	576
confine	576
didier	576
jaded	576
mingle	576
yardage	576
bodybuilders	576
ranchers	576
purify	576
radii	576
desolate	576
withdraws	576
choked	576
expander	576
whereof	576
referer	576
electrolysis	576
signatories	576
gruesome	576
wetsuit	576
flatrate	576
peroxidase	576
pleadings	576
defying	576
taylors	576
rahul	576
perished	576
tentacles	576
britons	576
pringle	576
outcast	576
faraday	576
oblong	576
macabre	576
ophelia	576
neurontin	576
popeye	576
gruber	576
wearer	576
excerpted	576
spotter	576
recycler	576
propriety	576
declarative	576
semaphore	576
attainable	576
hearsay	576
tristate	576
standardize	576
knickers	576
roomy	576
overloading	576
brutus	576
angioplasty	576
fanboy	576
obscurity	576
heros	576
deseret	576
eastbay	576
colonists	576
matting	576
overflowing	576
capers	576
androgen	576
entice	576
parkes	576
kilogram	576
pacemaker	576
tarball	576
nears	576
lasso	576
yonder	576
virulence	576
tures	576
standout	576
heretic	576
comparability	576
buckhead	576
industrialization	576
cabana	576
draught	576
comical	576
generalizations	576
waiters	576
gasped	576
catwalk	576
geologists	576
caverns	576
homesite	576
boarder	576
pecos	576
blurry	576
minibus	576
bumping	576
openbook	576
unfunded	576
jobsite	576
greets	576
levinson	576
disbursed	576
waxes	576
ballooning	576
amplify	576
bevel	576
straining	576
congressmen	576
strapless	576
seduced	576
qualitatively	576
ejection	576
flourished	576
whitefish	576
puyallup	576
bonham	576
cosplay	576
dodgy	576
parasitology	576
thymus	576
handlebar	576
sanborn	576
lesbianism	576
angrily	576
locators	576
belive	576
croquet	576
vacate	576
phytoplankton	576
wireline	576
handpainted	576
suprise	576
neath	576
soundness	576
casseroles	576
generational	576
marquise	576
burrito	576
sandton	576
spylog	576
coriander	576
protracted	576
streamflow	576
siegfried	576
lesbien	576
affaires	576
manipulative	576
hypnotize	576
eyelid	576
liaisons	576
backers	576
evocative	576
undeniable	576
taming	576
centerfold	576
chesterton	576
precluded	576
warlord	576
repressed	576
perforce	576
powerball	576
snider	576
wildland	576
barons	576
bollinger	576
sensitivities	576
offshoring	576
boundless	576
hopelessly	576
bayes	576
amphibian	576
grandchild	576
substation	576
optically	576
sucre	576
ceasefire	576
pasteur	576
affine	576
sitios	576
valuables	576
indignation	576
employmentnew	576
sprinkled	576
menstruation	576
stuffs	576
hijacking	576
antichrist	576
blurbs	576
emptying	575
downsizing	575
subcutaneous	575
creatinine	575
factorization	575
reiterate	575
netbios	575
fleshlight	575
reliever	575
ender	575
indenture	575
trailblazer	575
himalayas	575
shocker	575
barnstable	575
monopolies	575
sowing	575
refrigerant	575
caterham	575
frills	575
shearing	575
barkley	575
datacenter	575
presidio	575
ruining	575
pinion	575
moyer	575
windward	575
haunts	575
rectangles	575
caseload	575
brawl	575
catharines	575
delirium	575
collaborator	575
unfounded	575
heroism	575
gillis	575
xenopus	575
reflectors	575
endorsing	575
kiwanis	575
barrister	575
replicator	575
neglecting	575
assertive	575
aldershot	575
weirdness	575
townhall	575
saxony	575
sunnyside	575
karel	575
glycogen	575
alienated	575
hoosier	575
balearic	575
synagogues	575
toluene	575
tubal	575
longford	575
johansen	575
photocopies	575
blakely	575
photonic	575
hijackers	575
entangled	575
liberating	575
embarking	575
taupo	575
possum	575
tonneau	575
cynicism	575
bayonet	575
considerate	575
toxicological	575
extraneous	575
janitor	575
environs	575
mackey	575
platypus	575
breakbeat	575
thereunder	575
winton	575
holla	575
reverses	575
reunite	575
mohair	575
chore	575
hawkeye	575
steers	575
crockery	575
juries	575
presidente	575
legacies	575
subcontracting	575
counterterrorism	575
communicators	575
embodiments	575
taskforce	575
theologians	575
pertussis	575
concentrator	575
astrophysical	575
pairwise	575
enticing	575
embankment	575
quadruple	575
crazed	575
filmstrip	575
shortcake	575
equipping	575
fondly	575
whither	575
chilliwack	575
counteract	575
sighs	575
motorhead	575
discouraging	575
paramilitary	575
flipper	575
eyeball	575
outfitter	575
minden	575
hardwick	575
flasks	575
immunological	575
wifes	575
phenyl	575
preservative	575
famously	575
tribulation	575
franchisees	575
falco	575
bridesmaids	575
raided	575
controllable	575
surfactant	575
telecommuting	575
culvert	575
prescriptive	575
salaried	575
spanner	575
mises	575
firehouse	575
intolerant	575
rarities	575
currys	575
factsheets	575
battled	575
orthodontic	575
visors	575
obstructions	575
lithography	575
proofreading	575
discredit	575
evokes	575
grotesque	575
artistes	575
dehydrated	575
initializing	575
waveguide	575
aussies	575
reinhard	575
spoils	575
suburbia	575
catwoman	575
optimally	575
monasteries	575
windstar	575
crucible	575
modena	575
generalize	575
hasta	575
polymorphisms	575
sexist	575
embryology	575
styrene	575
pronouns	575
alumnae	575
inducible	575
misconception	575
rudimentary	575
riesling	575
triage	575
protege	575
settler	575
silencer	575
rabble	575
foreclosed	575
allergen	575
piped	575
orpheus	575
retour	575
insurgent	575
crystallography	575
frosting	575
rightfully	575
gallbladder	575
photogallery	575
nightwear	575
sconce	575
medici	575
marshals	575
drivetrain	575
ovaries	575
daddies	575
crumbling	575
impressionist	575
relegated	575
allotments	575
stagnant	575
follies	575
fairways	575
watercolors	575
dells	575
tekken	575
lactic	575
cleanly	575
unclean	575
seizing	575
molasses	575
katana	575
tablecloth	575
milled	575
purifying	575
delineation	575
schooner	575
analgesic	575
dignified	575
numbness	575
crocheted	575
machinist	575
anima	575
acetylcholine	575
apologized	575
meshes	575
firsts	575
ferrets	575
enlight	575
grotto	575
menzies	575
agonists	575
staroffice	575
politique	575
photometric	575
carnations	575
buzzer	575
rivets	575
hatching	575
leveled	575
graces	575
trams	575
vickie	575
tinnitus	575
corinne	575
adheres	575
collusion	575
libertarians	575
marketworks	575
rawhide	575
downers	575
sequestration	575
inositol	575
follicle	575
knotted	575
agitated	575
indore	575
inspectorate	575
sorter	575
ultralight	575
misused	575
saudis	575
relieves	575
debilitating	575
linguist	575
keypress	575
notifyall	575
rigorously	575
erroneously	575
corrs	575
centrifuge	575
especial	575
betray	575
curators	575
marla	575
heywood	575
suspending	575
mormons	575
davids	575
projective	575
fandom	575
debacle	575
bennet	575
plantings	575
landmines	575
proclaiming	575
kimmel	575
purposeful	575
undress	575
arbitrators	575
procrastination	575
gauze	575
unpossible	575
precepts	575
bronchial	575
constellations	575
gazed	575
skips	574
brownfields	574
forceful	574
unilaterally	574
hypoglycemia	574
sodomy	574
bigpond	574
revaluation	574
conditionally	574
moira	574
tenured	574
debentures	574
rehoboth	574
subterranean	574
rumored	574
amuse	574
fixer	574
villager	574
sealy	574
condensing	574
emanating	574
assassinated	574
evesham	574
brodie	574
untimely	574
baguette	574
haves	574
erections	574
associating	574
overpriced	574
grantor	574
orbiting	574
soares	574
idiom	574
tangle	574
legitimately	574
resubmit	574
bader	574
congratulated	574
yunnan	574
couriers	574
saggy	574
unwelcome	574
subtypes	574
concurred	574
merch	574
uplinked	574
upsets	574
northbound	574
cardigans	574
confederacy	574
taglines	574
usernames	574
matinee	574
snatched	574
plunder	574
midweek	574
impromptu	574
bustle	574
durations	574
trawl	574
shredding	574
reiner	574
risers	574
searchers	574
gamut	574
unedited	574
shattering	574
inhaler	574
refute	574
granularity	574
albatross	574
formalized	574
retraining	574
certificated	574
amphibious	574
spicer	574
shudder	574
surfboard	574
eyesight	574
parson	574
infidelity	574
firemen	574
handguns	574
ideograph	574
contrived	574
papillon	574
exhausts	574
opposites	574
dreamers	574
citywide	574
stingray	574
analsex	574
larsson	574
slinky	574
hesitated	574
cubase	574
weatherproof	574
roadsidethoughts	574
precarious	574
hodder	574
testifying	574
topographical	574
mixtape	574
instructing	574
dreary	574
tuxedos	574
batters	574
crispin	574
yerevan	574
horrid	574
scraper	574
dryness	574
wreckage	574
technet	574
paras	574
gophers	574
relist	574
webjay	574
dockers	574
captives	574
screwdrivers	574
despised	574
guitarists	574
conqueror	574
innocents	574
manta	574
unprepared	574
surfboards	574
deteriorate	574
compo	574
treacherous	574
filet	574
infidel	574
volley	574
carnal	574
larceny	574
midpoint	574
malagasy	574
versed	574
shoplocal	574
matlock	574
confronts	574
polymorphic	574
phenomenology	574
substantiated	574
bandera	574
lorry	574
recaps	574
parliaments	574
mitigated	574
resolver	574
youngster	574
enigmatic	574
anthropologist	574
bridle	574
revamp	574
herbarium	574
stretcher	574
readonly	574
arista	574
unknowns	574
leila	574
berliner	574
mobilizing	574
geddes	574
wayland	574
methylation	574
effecting	574
hallucinations	574
unravel	574
jayson	574
prostatic	574
smugglers	574
intimidate	574
android	574
galilee	574
primaries	574
frenchman	574
converges	574
lation	574
anisotropic	574
tiller	574
ambrosia	574
springboard	574
orifice	574
rubella	574
constitutive	574
bragging	574
signoff	574
hordes	574
sapphic	574
killington	574
showcased	574
beryl	574
summerfield	574
forerunner	574
grinning	574
triplets	574
billionaire	574
leucine	574
jobless	574
slingshot	574
cutout	574
disgruntled	574
slashed	574
coker	574
watchful	574
crosslinks	574
resurrected	574
appalled	574
skyscrapers	574
silenced	574
vanities	574
beecher	574
evaporated	574
democratization	574
affliction	574
biostatistics	574
sakaiproject	574
intestines	574
garvey	574
saute	574
dartford	574
idyllic	574
certiorari	574
satchel	574
contributory	574
applescript	574
peruse	574
giggles	574
revel	574
alleys	574
crucifixion	574
suture	574
sextoys	574
balfour	574
madly	574
stiller	574
experimented	574
calipers	574
penalized	574
pyruvate	574
loggers	574
steeped	574
kissinger	574
orchestrated	574
gripe	574
eyelids	574
choreographer	574
impressionism	574
thereupon	574
bucknell	574
archers	574
steamers	574
bubbling	574
forbids	574
disdain	574
exhausting	574
absurdity	574
subdomain	574
horsemen	574
alabaster	574
reigning	574
simcoe	574
abnormality	574
georgie	574
varicose	574
newtonian	574
bribes	574
kidnap	574
coercive	574
romanticism	574
howland	574
federations	574
forme	574
urination	574
cautionary	574
escalate	574
spotters	574
sider	574
reinstate	574
mitral	574
verdes	574
crestwood	574
unthinkable	574
lowly	574
antisocial	574
gangsters	574
daemons	574
outburst	574
foundational	574
scant	574
probs	574
mattered	573
fitzroy	573
huntley	573
kanpur	573
raspberries	573
sorely	573
isotropic	573
enlaces	573
obtainable	573
elvira	573
flier	573
mastiff	573
drummers	573
carcinogenic	573
reformer	573
solemnly	573
supercharged	573
liberally	573
dahlia	573
magicyellow	573
primavera	573
timescale	573
concentric	573
overwritten	573
perle	573
unwarranted	573
marmalade	573
terminally	573
sandoval	573
breyer	573
pirated	573
applauded	573
leavers	573
ravine	573
aquifers	573
rescuers	573
exponents	573
revitalize	573
messageboards	573
lakeville	573
californians	573
procuring	573
permeable	573
lastname	573
pours	573
napalm	573
racetrack	573
arranges	573
riveting	573
absorbers	573
valhalla	573
biweekly	573
adoration	573
parkside	573
derailed	573
shoebuy	573
ashworth	573
amity	573
superiors	573
decanter	573
starve	573
meadville	573
shortness	573
threechannel	573
monologues	573
subroutines	573
subspecies	573
fronted	573
penton	573
figleaves	573
lightest	573
banquets	573
picnics	573
compulsion	573
prerogative	573
broiler	573
lickers	573
abscess	573
paraphernalia	573
heretofore	573
skimpy	573
memento	573
reflexive	573
tumbled	573
masterful	573
insoluble	573
drool	573
exchangers	573
interbase	573
sepsis	573
oscillators	573
choline	573
trikes	573
cockburn	573
removers	573
diffuser	573
postnatal	573
repressive	573
sweeter	573
mattie	573
spilling	573
tallied	573
saucers	573
keying	573
ballpoint	573
gondola	573
elizabethan	573
willfully	573
spines	573
reiter	573
podiatry	573
truffle	573
stupendous	573
flutter	573
acumen	573
blockage	573
shiver	573
shatter	573
pickled	573
chicos	573
cliche	573
screenname	573
chlorinated	573
hades	573
hypothesized	573
superimposed	573
upbringing	573
burdened	573
zonal	573
unsustainable	573
interdependent	573
rockwood	573
civics	573
literals	573
unanticipated	573
randal	573
seminoles	573
tabulated	573
dandelion	573
workloads	573
nuance	573
hotplug	573
rotator	573
myosin	573
classmate	573
catechism	573
carpool	573
driftwood	573
rosalind	573
armpits	573
joysticks	573
visualized	573
bosworth	573
clitoral	573
carsten	573
riverwalk	573
anointed	573
mythological	573
convertibles	573
interspersed	573
literotica	573
floorplan	573
horseman	573
oscilloscope	573
nervously	573
intruders	573
dictators	573
levees	573
chaparral	573
decaying	573
annandale	573
hillel	573
slacker	573
muses	573
bandana	573
padlock	573
classed	573
informer	573
pentecostal	573
freer	573
extrapolation	573
fennel	573
telemark	573
dismantled	573
overcame	573
datasheets	573
exertion	573
solidly	573
flywheel	573
affidavits	573
weaves	573
chimera	573
handkerchief	573
interviewees	573
foaming	573
barbarians	573
tailors	573
maryville	573
oskar	573
sheriffs	573
tassel	573
admiring	573
nondiscrimination	573
harmonized	573
leans	573
fixings	573
leith	573
kickboxing	573
baffled	573
deming	573
deactivated	573
wasteful	573
golgi	573
channeling	573
stopwatch	573
tripoli	573
subscript	573
starfleet	573
refraction	573
grainger	573
substandard	573
fillets	573
aztecs	573
consults	573
phoned	573
convener	573
dailies	573
miramax	573
foils	573
retract	573
inaudible	573
nurtured	573
frantically	573
buoys	573
insurances	573
tinting	573
burnie	573
bushings	573
typeface	573
disintegration	573
changeover	573
termites	573
theologian	573
sigmund	573
subsec	573
individualism	573
starboard	573
precludes	573
burdensome	573
grinnell	573
helly	573
protestors	573
renown	573
murky	573
parnell	573
truthfully	573
tongs	573
perpetuate	573
yanks	573
hematopoietic	573
imprints	573
cabal	573
inflationary	573
materia	573
interwoven	573
beggar	573
traceroute	573
cuddle	573
workbooks	573
fallback	573
permutations	573
extinguished	573
downer	573
abelian	573
silhouettes	573
quantitatively	573
transferee	573
abundantly	573
declination	573
sheepdog	573
cameraman	573
replicating	572
excesses	572
mucous	572
poked	572
slashes	572
streetpilot	572
renovating	572
cakewalk	572
stinks	572
blackfoot	572
caricatures	572
artiste	572
kemper	572
slicer	572
joshi	572
repose	572
hasten	572
tendered	572
temperance	572
risque	572
operable	572
resembled	572
wargames	572
guerrillas	572
helpfulness	572
fullsize	572
omitting	572
anzac	572
kulkarni	572
earthy	572
rabbis	572
adored	572
embellished	572
aggrieved	572
feathered	572
investigational	572
photojournalism	572
aggravating	572
christiansen	572
centaur	572
rapist	572
insulted	572
climatology	572
labtec	572
pinhole	572
fugitives	572
alveolar	572
passe	572
anecdote	572
exorcist	572
honduran	572
partake	572
seaview	572
pseudonym	572
douche	572
altitudes	572
soundcard	572
resistive	572
carolinas	572
snooper	572
strikingly	572
firepower	572
mangalore	572
unmodified	572
keystroke	572
gillmor	572
rancher	572
grocers	572
simulates	572
flathead	572
castellano	572
vesting	572
misspelled	572
headcount	572
panache	572
hallelujah	572
cayuga	572
bodyguard	572
gnats	572
gubernatorial	572
goran	572
solon	572
detract	572
sparky	572
portraying	572
wirelessly	572
factored	572
pitted	572
enlarging	572
wrecks	572
polymeric	572
bombardment	572
salivary	572
dares	572
kristian	572
analgesics	572
flintshire	572
siesta	572
prakash	572
satirical	572
phenotypic	572
pelagic	572
agronomy	572
antoinette	572
cynic	572
weightlifting	572
amenable	572
audiophile	572
runways	572
frowned	572
motorcycling	572
testbed	572
pediatricians	572
fingerprinting	572
bunbury	572
tasking	572
emulated	572
tweaked	572
rubies	572
checkered	572
phonological	572
hatched	572
sketching	572
snappy	572
hypocritical	572
trample	572
colonic	572
courtship	572
zircon	572
cupboards	572
remoting	572
freefind	572
tolerable	572
spellings	572
canopus	572
alonzo	572
maplin	572
attenuated	572
dutchess	572
wattage	572
inefficiency	572
expeditionary	572
amortized	572
humanistic	572
travelogue	572
triglycerides	572
shotguns	572
discounting	572
booms	572
thirties	572
swipe	572
demented	572
geoquote	572
upkeep	572
truncation	572
musketeers	572
downgrade	572
biliary	572
universalist	572
oceanview	572
resized	572
japonica	572
forgets	572
grapple	572
lowlands	572
inseam	572
stimulants	572
pressurized	572
massagers	572
greenery	572
proverbial	572
timesheet	572
toughbook	572
histological	572
clays	572
honeycomb	572
tranquillity	572
denier	572
reopening	572
monastic	572
uncles	572
soared	572
quantifying	572
householders	572
nestor	572
fumbles	572
jobseekers	572
nitrite	572
catchers	572
mouser	572
impediment	572
textarea	572
anarchists	572
transitioning	572
whoops	572
perilous	572
devonshire	572
catamaran	572
preoperative	572
violets	572
nether	572
helios	572
wheelbase	572
monomer	572
nomads	572
refueling	572
biennium	572
ramble	572
quartile	572
hexagon	572
geodetic	572
ambulances	572
lubes	572
consensual	572
altimeter	572
idiotic	572
sharpener	572
goldfinger	572
cerberus	572
ascorbic	572
bering	572
dichotomy	572
covalent	572
tarpon	572
bough	572
bluffton	572
herewith	572
radix	572
taichi	572
borealis	572
workmen	572
grist	572
rosedale	572
policyholders	572
racecourse	572
penrose	572
extraterrestrial	572
servicemen	572
starwood	572
duster	572
pronoun	572
phylogeny	572
signer	572
plankton	572
sloth	572
steely	572
seamus	572
pulleys	572
sublets	572
fates	572
unthreaded	572
stews	572
microstrategy	572
cleanups	572
flowchart	572
tacky	572
nourishment	572
supercomputing	572
gravitation	572
antiwar	572
loophole	572
drags	572
menopausal	572
workgroups	572
retrograde	571
relive	571
exaggeration	571
shadowy	571
liquors	571
mirago	571
reproducibility	571
archangel	571
abalone	571
fenwick	571
creases	571
ashmore	571
eachother	571
primordial	571
juggs	571
nourish	571
geometries	571
uplifted	571
quirks	571
bundy	571
acceptor	571
precondition	571
percival	571
gingham	571
roddick	571
gossamer	571
teasers	571
beveled	571
hairdresser	571
consumerism	571
plover	571
boneless	571
disliked	571
impurity	571
intracranial	571
gameday	571
solute	571
ridgefield	571
worshipping	571
mumps	571
chasm	571
haggis	571
electromechanical	571
greenish	571
arcata	571
perego	571
regiments	571
loudon	571
rockaway	571
exhibitionist	571
selfishness	571
woolley	571
reactionary	571
toolset	571
adriatic	571
godiva	571
ejected	571
grappling	571
hammering	571
masculinity	571
mingling	571
earnestly	571
capitalizing	571
lightfoot	571
scribes	571
rucker	571
monologue	571
amphitheater	571
browsed	571
freenet	571
bundling	571
cannondale	571
signaled	571
codename	571
littered	571
acutely	571
profess	571
razors	571
masse	571
rearrange	571
legumes	571
speculated	571
rohan	571
overheating	571
condon	571
inflate	571
worded	571
quant	571
fleshy	571
devonport	571
copywriter	571
desirability	571
bodybuilder	571
psigate	571
airforce	571
sundown	571
ravel	571
jupiterresearch	571
flycatcher	571
persistently	571
decoy	571
balsam	571
bombshell	571
subdomains	571
baruch	571
findtech	571
verdicts	571
horrendous	571
complainants	571
fabricating	571
outcry	571
eyeglass	571
waterside	571
pecans	571
grime	571
whitehorse	571
extortion	571
schnauzer	571
hairdressers	571
cordon	571
rainforests	571
colorless	571
rabin	571
idealistic	571
workday	571
eared	571
earphone	571
hypermedia	571
cutlass	571
illiteracy	571
rigor	571
carcinogens	571
greyhounds	571
addressee	571
amalgamation	571
informants	571
sublimation	571
preponderance	571
cowardly	571
harnessing	571
pretentious	571
extenders	571
fishman	571
wielding	571
gusto	571
dupage	571
maidens	571
belarusian	571
weimar	571
messianic	571
generalist	571
humbly	571
gastronomy	571
huckleberry	571
ridgewood	571
unworthy	571
expectant	571
lightsaber	571
catheters	571
azerbaijani	571
footy	571
joinery	571
wasatch	571
octagon	571
equates	571
azalea	571
jeannette	571
fruition	571
florentine	571
dwelt	571
misspellings	571
oberon	571
magnetics	571
halide	571
enslaved	571
cathay	571
metabolite	571
genders	571
headgear	571
harming	571
insole	571
thurrock	571
cardstock	571
journaling	571
correspondingly	571
principled	571
legalized	571
predicament	571
hilly	571
namibian	571
aisles	571
slacks	571
trusty	571
fairmount	571
subtropical	571
sager	571
gratuitous	571
fatally	571
bowflex	571
caged	571
subcommittees	571
ephemeral	571
radium	571
dissimilar	571
ramesh	571
mutilation	571
sitepoint	571
prawn	571
phylum	571
mephisto	571
waveforms	571
algal	571
riddell	571
waging	571
infringed	571
gimmicks	571
reparations	571
overwhelm	571
injectable	571
cognizant	571
rowdy	571
popes	571
bravely	571
sportsmen	571
ethically	571
freeradius	571
puffin	571
freeride	571
shaper	571
locksmiths	571
stumbles	571
cheater	571
clematis	571
slashing	571
leger	571
bootcamp	571
torus	571
cotta	571
incomprehensible	571
clogged	571
vignettes	571
gabriella	571
fluctuating	571
demeanor	571
waxman	571
raping	571
shipboard	571
oryza	571
leashes	571
labourers	571
babydoll	571
paganism	571
sounder	571
practicality	571
winer	571
caledonian	571
pancreatitis	571
woodlawn	571
filigree	571
stench	571
forecasted	571
bypassing	571
chock	571
cursing	571
wickedness	571
crouching	571
emits	571
trigonometry	571
virusscan	571
flanges	571
bowlers	571
culminated	571
thefts	571
keypads	571
campanile	571
vassar	571
regress	571
spanned	571
ebenezer	571
closeness	571
techdirt	571
minutemen	571
redeeming	571
polity	571
celiac	571
hough	571
ingested	571
hypothyroidism	571
boyfriends	571
baroda	571
scriptural	571
cybernetics	571
prefered	571
rappers	571
discontinuation	571
obscenity	571
cumulus	571
heartache	571
reigned	571
entitles	570
exacting	570
offsetting	570
wanton	570
airmen	570
ionizing	570
enforces	570
bookmaker	570
curio	570
hookers	570
amalgam	570
necessitate	570
locket	570
commemorating	570
notional	570
webactive	570
reconciling	570
desolation	570
zambian	570
gander	570
bastille	570
magnetometer	570
populist	570
traceable	570
hesperia	570
chautauqua	570
mnemonic	570
interviewers	570
garageband	570
invariance	570
aspartate	570
savor	570
aramis	570
darkly	570
faithfulness	570
resourceful	570
pleural	570
mediating	570
heraldry	570
incomparable	570
resonator	570
dilated	570
provincetown	570
angered	570
surpluses	570
condone	570
finisher	570
quartets	570
anthropogenic	570
constitutionality	570
thermos	570
macroscopic	570
viscount	570
preliminaries	570
geopolitical	570
devolved	570
varietal	570
streamed	570
gorillas	570
resorting	570
garters	570
adamant	570
pontoon	570
epidural	570
tableau	570
teardrop	570
anion	570
glosspost	570
numeral	570
orthodontics	570
vernal	570
tabby	570
therm	570
myeloid	570
napoleonic	570
rubicon	570
sprocket	570
genomebrowser	570
hants	570
disorderly	570
chairmans	570
workflows	570
ansel	570
ivanhoe	570
destroyers	570
analogies	570
regionals	570
frigate	570
jansport	570
lynnwood	570
dazed	570
bicentennial	570
radiologic	570
mineralogy	570
harrier	570
sciencedirect	570
oireachtas	570
adjusters	570
sentient	570
olympiad	570
sited	570
entrust	570
strainer	570
paragliding	570
whitetail	570
pagemaker	570
astrid	570
tripled	570
puffs	570
overpayment	570
faeroe	570
wisenut	570
burying	570
blatantly	570
dispatching	570
corporates	570
applicators	570
erasing	570
fleer	570
deuces	570
dalian	570
cyclops	570
gunfire	570
veritable	570
posterity	570
percutaneous	570
northbrook	570
keenly	570
healthful	570
repealing	570
pixmaps	570
gourd	570
metronome	570
groaned	570
ferocious	570
blackman	570
voicing	570
fliers	570
grouper	570
negate	570
sacrificial	570
defies	570
intrastate	570
blass	570
abnormally	570
moped	570
resuming	570
appointees	570
bruising	570
bunkers	570
refrigerate	570
flogging	570
religiously	570
warlords	570
encroachment	570
cochlear	570
seaboard	570
janelle	570
alphabets	570
foldable	570
laplace	570
hydroponics	570
precast	570
purest	570
southerly	570
fatboy	570
humiliated	570
unearthed	570
cataracts	570
westerners	570
kelty	570
volunteerism	570
subordinates	570
newham	570
kinematics	570
radiographic	570
vagabond	570
isobaric	570
consecrated	570
oscillating	570
patenting	570
reciprocating	570
subcellular	570
bodice	570
foray	570
opiate	570
unmistakable	570
filly	570
rhubarb	570
debhelper	570
silencing	570
ragtime	570
adopters	570
rushville	570
synthesizers	570
vulva	570
posey	570
minuteman	570
diminishes	570
zinfandel	570
mayoral	570
fortis	570
gallary	570
tidings	570
sneaking	570
honeys	570
pinus	570
interlink	570
unassisted	570
greening	570
insidious	570
artnet	570
immutable	570
silvery	570
croton	570
depots	570
nodding	570
thinkin	570
automakers	570
misrepresented	570
overtake	570
semicolon	570
bubbly	570
substantiate	570
homebuyer	570
nodal	570
templar	570
unbeaten	570
cedars	570
aloft	570
fortitude	570
sheeting	570
hallways	570
mated	570
snooze	570
tribus	570
hollander	570
kestrel	570
prawns	570
nonpartisan	570
ruffled	570
armament	570
plums	570
palomar	570
revisiting	570
fairer	570
hoppers	570
distillers	570
enterprising	570
uploader	570
caltrans	570
cocksuckers	570
hypertensive	570
chinchilla	570
sailboats	570
prides	570
exemplifies	570
arrhythmia	570
workwear	570
grafting	570
smoothness	570
trinket	570
asperger	570
transpose	570
neutralize	570
microeconomics	570
kafka	570
telly	570
grandstand	570
slurp	570
playwrights	570
wishful	570
allocator	570
herod	570
westland	570
instantiated	570
trailed	570
habitation	570
rogues	570
speechless	570
expanse	570
stylists	570
blackwater	570
hippies	570
preside	570
larkspur	570
arles	570
lesben	570
delightfully	570
motherwell	570
neocon	569
getname	569
mussel	569
concealment	569
raines	569
webindex	569
unruly	569
accrediting	569
stapler	569
woodson	569
telewest	569
bisexuals	569
kitsap	569
cutest	569
uncompromising	569
obstruct	569
unbounded	569
coincided	569
quinton	569
encased	569
undertaker	569
printouts	569
flickering	569
tempt	569
credentialing	569
scalloped	569
sealey	569
etudes	569
bluefly	569
saddened	569
geochemical	569
digitizing	569
organically	569
chatboard	569
bathe	569
scarred	569
roleplay	569
ignited	569
crowding	569
barstow	569
rootkit	569
spearhead	569
leonid	569
sunnis	569
reticulum	569
dulcimer	569
coronal	569
transparently	569
freeform	569
tantric	569
woodhouse	569
gladiators	569
lifter	569
scrooge	569
stallone	569
aeroplane	569
nagging	569
fatherhood	569
reflexes	569
contemporaneous	569
kingsport	569
precipitated	569
outlawed	569
injuring	569
vadim	569
bellow	569
magnetization	569
girth	569
aitken	569
millers	569
titted	569
clerics	569
inlaid	569
poppies	569
busses	569
notched	569
underpin	569
baldness	569
dumbledore	569
didactic	569
vinny	569
delicately	569
webroot	569
irritability	569
pullout	569
yellowcard	569
provocation	569
lustrous	569
reeling	569
birdhouse	569
peacekeepers	569
rimming	569
crests	569
rennes	569
solent	569
propylene	569
loafers	569
supercross	569
foxconn	569
fuelled	569
slapping	569
horrifying	569
toffee	569
squires	569
insures	569
horsesex	569
slaying	569
mahatma	569
bachmann	569
chiron	569
pippin	569
frauds	569
isoforms	569
ramallah	569
tauranga	569
hawkeyes	569
geller	569
parliamentarians	569
inadvertent	569
boardman	569
denham	569
lobes	569
winches	569
hoaxes	569
hairspray	569
thundering	569
remus	569
antisense	569
coals	569
succulent	569
heartily	569
shader	569
yellowish	569
grafts	569
unsuccessfully	569
hillbilly	569
carina	569
externalities	569
lobsters	569
balsamic	569
classically	569
eventful	569
calorimeter	569
necked	569
idiopathic	569
feasts	569
stiletto	569
unidirectional	569
westbound	569
teacup	569
rebekah	569
cabinetry	569
stipulates	569
towertalk	569
secession	569
optimizes	569
countered	569
ringsurf	569
toques	569
rayleigh	569
instinctively	569
dropouts	569
gamecocks	569
conspiracies	569
chapels	569
braden	569
sinusitis	569
depressants	569
tryouts	569
rushmore	569
minions	569
adapts	569
farlex	569
brunt	569
infraction	569
glens	569
strangest	569
stagnation	569
displace	569
wizbang	569
countrymen	569
endnotes	569
rodman	569
dissidents	569
iterate	569
conair	569
ember	569
neolithic	569
perishable	569
vetoed	569
uruguayan	569
gustave	569
proteus	569
simian	569
atmos	569
denoting	569
apiece	569
jeanie	569
gammon	569
sunbury	569
morrisville	569
storming	569
netmeeting	569
islet	569
universes	569
ganglia	569
conduits	569
headway	569
ghanaian	569
resonances	569
friars	569
subjectivity	569
maples	569
alluring	569
easypic	569
microarrays	569
cobble	569
flightgear	569
spode	569
buzzard	569
bucky	569
plunger	569
halting	569
siggraph	569
halley	569
bookends	569
moreland	569
cranks	569
lowery	569
headwaters	569
histograms	569
reviving	569
floorplans	569
frasier	569
burrow	569
universality	569
polyline	569
veranda	569
disposals	569
mosul	569
underrated	569
chordata	569
crafters	569
hyphen	569
moreton	569
glycoproteins	569
insatiable	569
exquisitely	569
unsorted	569
rambus	569
unfriendly	569
patricks	569
microwarehouse	569
hatches	569
christened	569
livedaily	569
actuality	569
teased	569
detain	569
murad	569
eyelets	569
swordfish	569
legals	569
hendry	569
flatten	569
homogeneity	569
savant	569
hartland	569
appreciating	569
recreated	569
leaded	569
supersonics	569
stinging	569
gulls	569
vinaigrette	569
prescribes	569
sultry	569
sinned	569
globular	569
asiatic	569
unreadable	569
balsa	569
depositing	569
brasserie	569
salton	569
paulson	569
silverton	569
engravings	569
showering	569
peepshow	569
fanatical	569
caper	569
givens	569
pecuniary	569
vintages	569
predicated	569
ozarks	569
montezuma	569
mucosal	569
prehistory	569
lentils	569
histidine	569
quack	569
drape	569
tectonics	569
distributive	569
sharps	569
grooms	569
doomsday	569
otters	569
gervais	569
ousted	569
scarring	569
daydream	569
gooding	569
snicket	569
bicarbonate	569
boggs	569
grocer	569
dietitian	569
speedily	569
negroes	568
paprika	568
chases	568
intervened	568
disallowed	568
resourcing	568
mezzo	568
adelphi	568
incarnate	568
chimneys	568
novella	568
preoccupied	568
diggers	568
hither	568
glances	568
silos	568
tyrants	568
shortstop	568
giddy	568
denounce	568
entertainments	568
permissive	568
disposables	568
oaths	568
estrogens	568
furness	568
ripples	568
bloodshed	568
odometer	568
tooltip	568
upsetting	568
druids	568
aggregators	568
rodger	568
griddle	568
nascent	568
pricelist	568
conroe	568
multipliers	568
reinforcements	568
aparthotel	568
precept	568
kitesurfing	568
couplers	568
pavements	568
murmured	568
rehabilitate	568
patina	568
propellers	568
scansoft	568
quadra	568
violinist	568
phonology	568
dunkin	568
himalaya	568
plasmodium	568
gibbon	568
gratifying	568
undersea	568
aretha	568
overexpression	568
delirious	568
excepting	568
unlawfully	568
vanadium	568
riverboat	568
urchin	568
polygamy	568
gynecologic	568
unstoppable	568
pedometer	568
utterances	568
devising	568
shortfalls	568
bookmarking	568
ingham	568
sustains	568
barbershop	568
woodman	568
gravely	568
drinkware	568
idiosyncratic	568
errands	568
hells	568
floppies	568
cartes	568
allstar	568
kilowatt	568
impulsive	568
spasms	568
commutative	568
coughlin	568
rationally	568
lansdowne	568
uproar	568
savages	568
craters	568
angiogenesis	568
nematode	568
administratively	568
mockery	568
railings	568
paulina	568
northerly	568
leverages	568
tenths	568
cancerous	568
quench	568
passer	568
secretory	568
pinehurst	568
encompassed	568
reassessment	568
broil	568
hurrah	568
chillers	568
elbert	568
modestly	568
epitaph	568
sunil	568
insurrection	568
periodicity	568
emigrated	568
trypsin	568
bursary	568
dependability	568
overdraft	568
deirdre	568
barges	568
cacti	568
bugaboo	568
palmdale	568
aeration	568
antennae	568
muscletech	568
fermented	568
watersport	568
gener	568
chowder	568
expatriates	568
centerpieces	568
freaked	568
headmaster	568
curbs	568
walrus	568
triphosphate	568
secretive	568
grievous	568
generative	568
hippocampal	568
assyrian	568
vineland	568
repetitions	568
commentaires	568
pensioner	568
stuttering	568
forcefully	568
spellbound	568
mascots	568
cadbury	568
conundrum	568
comedic	568
apical	568
synoptic	568
sapphires	568
beryllium	568
disinfectant	568
sentra	568
compressing	568
jokers	568
piglet	568
wildcards	568
intoxicating	568
crumble	568
sketchbook	568
resorted	568
lecturing	568
retreated	568
magdalene	568
spatula	568
cates	568
gotcha	568
drifter	568
netted	568
stardom	568
glenview	568
dispel	568
toastmasters	568
warships	568
ranchi	568
exotics	568
articulating	568
jiffy	568
woodbine	568
goodall	568
straightening	568
immerse	568
joinwelcome	568
envious	568
regretted	568
colic	568
capone	568
adolph	568
busines	568
rebounding	568
farthest	568
hirsute	568
iniquity	568
prelim	568
fooling	568
militias	568
commodores	568
ashburn	568
neverland	568
vaulted	568
warms	568
formalities	568
indice	568
vertebral	568
ectopic	568
resounding	568
coulomb	568
minton	568
restatement	568
wakeboard	568
unscheduled	568
saucy	568
visser	568
clipland	568
blistering	568
illuminates	568
masala	568
thermocouple	568
masque	568
shillings	568
gleaned	568
rosas	568
decomposed	568
flowery	568
scandalous	568
sunburn	568
pleistocene	568
canisters	568
menacing	568
elector	568
solvency	568
lynette	568
neurotic	568
plainview	568
fielded	568
bituminous	568
askew	568
blowfish	568
groan	568
dusting	568
topologies	568
touts	568
uncontrollable	568
shackles	568
samuels	568
shrines	568
bridged	568
rajesh	568
unjustified	568
consenting	568
torturing	567
digitale	567
analogues	567
ukulele	567
relentlessly	567
paperboard	567
bracken	567
couches	567
decadence	567
girlie	567
antes	567
nourishing	567
reconsidered	567
expressionengine	567
bains	567
callbacks	567
arduous	567
morten	567
replicates	567
sidewinder	567
queueing	567
slugger	567
humidifiers	567
assimilated	567
watermarks	567
creeps	567
onenote	567
streetcar	567
fulcrum	567
stoker	567
sadistic	567
cassiopeia	567
corwin	567
gripped	567
martingale	567
criticizes	567
unscrupulous	567
baytown	567
synchronizing	567
reclassification	567
nymphs	567
woohoo	567
takeaway	567
unsettled	567
timeouts	567
inseparable	567
jurist	567
morgage	567
vestal	567
multimodal	567
dismisses	567
variously	567
recenter	567
hematite	567
multinationals	567
unintentionally	567
sprites	567
dashing	567
shipman	567
tiring	567
incinerator	567
abate	567
convening	567
unorthodox	567
fibroblast	567
gloryholes	567
carrick	567
piloting	567
immersive	567
voids	567
reinvent	567
pender	567
bellied	567
oilfield	567
roundtrip	567
decreed	567
mossy	567
addenda	567
restorations	567
knightley	567
worksite	567
typename	567
doctype	567
balinese	567
keyhole	567
saversoftware	567
usages	567
wickham	567
bursaries	567
cardiopulmonary	567
biologic	567
bowels	567
homewares	567
cornet	567
schizophrenic	567
reversion	567
unplug	567
pressroom	567
sanctuaries	567
greenbrier	567
superoxide	567
porcine	567
oldfield	567
convicts	567
understatement	567
tormented	567
immanuel	567
whistleblower	567
subtree	567
lodger	567
inshore	567
hepnames	567
kettler	567
clots	567
reducer	567
naturists	567
santee	567
thunderbolt	567
claudius	567
spina	567
meatballs	567
underrepresented	567
tremors	567
apropos	567
tightness	567
tracklisting	567
pitiful	567
concatenation	567
suffixes	567
cloverdale	567
barbera	567
seascape	567
winkel	567
linings	567
sparrows	567
telepharmacy	567
paulsen	567
bleached	567
cortina	567
arbiter	567
hazelnut	567
ashfield	567
chaco	567
reintegration	567
locomotion	567
pampering	567
antimony	567
hater	567
buoyant	567
airtime	567
surrealism	567
expel	567
clamshell	567
luminance	567
combatant	567
suresh	567
minnow	567
swoop	567
gumbo	567
neuter	567
prejudicial	567
melamine	567
episodic	567
introspection	567
jurys	567
descendents	567
mariage	567
lated	567
divisive	567
benedictine	567
inappropriately	567
reputations	567
vitally	567
mavis	567
lubricating	567
undivided	567
chatted	567
lured	567
branford	567
hurling	567
accruals	567
brevity	567
visage	567
prickly	567
medallions	567
graff	567
astonishment	567
whittle	567
overshadowed	567
rayburn	567
rescuing	567
suppressant	567
sportsnation	567
reworked	567
sensibilities	567
catapult	567
meritorious	567
procurve	567
convoluted	567
iberian	567
beheld	567
mailscanner	567
kazakh	567
martyrdom	567
stimulator	567
manna	567
schoolchildren	567
thornhill	567
moorings	567
tweezers	567
filetype	567
buddhists	567
bearcats	567
fanclub	567
soars	567
webservices	567
kinematic	567
housework	567
gunpowder	567
undressed	567
southward	567
unsupervised	567
copycat	567
snooping	567
recounted	567
denials	567
prussian	567
adorn	567
dorms	567
laminates	567
checksums	567
contemplative	567
pimps	567
awkwardly	567
projets	567
belles	567
stipulations	567
travelzoo	567
lifeless	567
baffle	567
pared	567
thermally	567
sobriety	567
teleconferencing	567
albino	567
cargill	567
visualizing	567
slums	567
mothercare	567
sprinter	567
isomorphic	567
pepperdine	567
burnet	567
conjugation	567
spaniards	567
macally	567
anklets	567
impasse	567
disinformation	567
beavis	567
piloted	567
delicatessens	567
intensively	567
successively	567
riddick	567
cucumbers	567
sexism	567
ordinates	567
squaw	567
gallaries	567
snowdon	567
pomegranate	567
bouts	567
transcends	567
murmur	567
cotter	567
peptidase	567
bookkeeper	567
crickets	567
postmodernism	567
squeaky	567
silicate	567
extinguishing	567
alcohols	567
attache	567
bulging	567
predictably	567
chemise	567
shareholding	567
epics	567
flanking	567
disconnection	567
spacetime	567
prejudiced	566
larva	566
laziness	566
bookshops	566
captioning	566
obstetric	566
marigold	566
martel	566
typesetting	566
tireless	566
chroma	566
leander	566
growl	566
steinbeck	566
neutrophils	566
gorges	566
lollipop	566
brash	566
declaratory	566
canons	566
hydrate	566
pastimes	566
diurnal	566
littlefield	566
neutrinos	566
subways	566
coolness	566
snipsnap	566
negativity	566
arcview	566
recumbent	566
shipwreck	566
fader	566
picasa	566
tortillas	566
unconsciously	566
buffaloes	566
doorbell	566
dissolving	566
osmond	566
unsettling	566
bugger	566
embolism	566
silverplate	566
roebuck	566
highness	566
lipton	566
abstracted	566
starling	566
typhoid	566
perfecting	566
globemedia	566
adrenalin	566
murphys	566
yardley	566
afghani	566
furtherance	566
haulers	566
energize	566
prohibitive	566
barcodes	566
slits	566
inquires	566
imaged	566
sprayers	566
filesharing	566
calibrations	566
teague	566
phantasy	566
vantec	566
lattices	566
flintstones	566
rotisserie	566
scallop	566
biostar	566
crusty	566
computationally	566
stillness	566
jobseeker	566
precipitate	566
sunbathing	566
underlie	566
pharisees	566
chard	566
clotting	566
singlet	566
morningside	566
nicknamed	566
drones	566
kiddies	566
minster	566
crowell	566
fanart	566
collapsible	566
sully	566
prophylactic	566
cityscape	566
tradeoff	566
instill	566
lifes	566
firestorm	566
homestay	566
inept	566
steves	566
depositions	566
camped	566
fraught	566
perplexed	566
replenish	566
reconstructing	566
droplet	566
necessitated	566
slowest	566
lakota	566
unwillingness	566
revises	566
parlay	566
woodville	566
trimmings	566
proform	566
divan	566
gothamist	566
coexist	566
advisement	566
fulltime	566
metra	566
lehrer	566
turtleneck	566
aquos	566
concours	566
triangulation	566
burleigh	566
eloquence	566
anarchism	566
stabilizers	566
definitively	566
natchez	566
tripped	566
strewn	566
activa	566
terrance	566
smoothies	566
rubles	566
belling	566
representational	566
snark	566
bewildered	566
malignancy	566
beatings	566
copious	566
sitewide	566
newfound	566
collider	566
tremble	566
instantaneously	566
wristwatch	566
papas	566
subscribes	566
thump	566
pompeii	566
wining	566
alluded	566
aberrations	566
sojourn	566
castleton	566
zippers	566
emphasises	566
stateroom	566
caloric	566
plaintext	566
daniele	566
nucleoside	566
buttercup	566
oakes	566
lanyards	566
adherents	566
admissibility	566
sleuth	566
trudy	566
herbaceous	566
distinguishable	566
immaterial	566
surging	566
golding	566
greased	566
ethnography	566
contraband	566
bulkhead	566
flagging	566
minas	566
cityscapes	566
willed	566
replenishment	566
wounding	566
inclement	566
yoghurt	566
nationalists	566
definable	566
bruin	566
psychoanalytic	566
magpie	566
birthing	566
robbing	566
collinsville	566
dimer	566
abebooks	566
impartiality	566
stemware	566
landsat	566
phosphates	566
docked	566
radioisotopes	566
obstetricians	566
harpsichord	566
capes	566
impersonal	566
proposer	566
interpolated	566
kerri	566
strolling	566
datasource	566
democratically	566
salvo	566
twigs	566
furiously	566
shopgenie	566
epitome	566
nicol	566
camara	566
degas	566
prefabricated	566
meteorites	566
notts	566
joked	566
breaths	566
lipoproteins	566
lilian	566
glancing	566
parenteral	566
discarding	566
fared	566
fleck	566
actuaries	566
bahraini	566
delicatessen	566
marianna	566
kidderminster	566
antifungal	566
inflamed	566
promulgate	566
clough	566
maximized	566
unlink	566
shadowing	566
regimental	566
signifying	566
rectified	566
flanked	566
homers	566
crandall	566
primacy	566
beaulieu	566
hamradio	566
pointy	566
monmouthshire	566
buckland	566
baptisms	566
centrale	566
backprevious	566
eyeing	566
carnaval	566
recompile	566
mainboards	566
melodias	566
insolvent	566
mists	566
installshield	566
carmine	566
relinquish	566
stover	566
succinct	566
palpable	566
brainerd	566
compressive	566
wombat	566
zippy	566
neteller	566
odeon	566
inhale	566
dreamt	566
backslash	566
townhome	566
victorville	566
convulsions	566
snowshoes	566
goers	566
chipper	566
gulfstream	566
modulate	566
fiancee	566
underwired	566
ambiguities	566
elkton	566
mediocrity	566
saygrace	566
rhyming	566
appending	566
transcendent	566
lichen	566
lapsed	566
marathi	565
songbooks	565
islamists	565
newcomb	565
newscast	565
stockwell	565
outtakes	565
stroked	565
gallop	565
unsatisfied	565
deportes	565
barrio	565
buggies	565
exercisable	565
minstrel	565
contentment	565
ontological	565
fareham	565
thinkstock	565
flashbacks	565
cranium	565
dentures	565
politic	565
reimbursable	565
exchequer	565
nitrates	565
archaeologist	565
mitotic	565
falsehood	565
outliers	565
slugs	565
semifinal	565
deactivate	565
studie	565
citesummary	565
falciparum	565
shifters	565
undetected	565
caries	565
carcasses	565
microstructure	565
ringwood	565
pleaser	565
candlesticks	565
disassembly	565
miter	565
propositional	565
javaworld	565
buytop	565
talkie	565
rosalie	565
mingled	565
emeryville	565
rafts	565
gamepad	565
metazoa	565
indulgent	565
censuses	565
offseason	565
longed	565
shelved	565
rammed	565
carryover	565
wailing	565
wholeheartedly	565
shrugs	565
polyps	565
negros	565
avast	565
northport	565
inelastic	565
warrenton	565
neckline	565
aerodynamics	565
vertebrae	565
moans	565
buffets	565
aristocracy	565
leviathan	565
eaves	565
wrinkled	565
popularly	565
brinkley	565
marred	565
bifurcation	565
falconer	565
watchman	565
poetics	565
venturing	565
entitle	565
bagley	565
yesterdays	565
alibi	565
angolan	565
relayed	565
ulcerative	565
jellies	565
postponement	565
airlift	565
brooding	565
downlink	565
endothelium	565
suppresses	565
appointee	565
hashes	565
juncture	565
greenleaf	565
borehole	565
naturalized	565
nodules	565
pikes	565
tunable	565
meager	565
panelist	565
mailroom	565
commandant	565
bourgeoisie	565
plucked	565
medalist	565
recessive	565
inflexible	565
flowered	565
encrypting	565
rippers	565
discord	565
redefinition	565
infield	565
atchison	565
peels	565
patrolling	565
mindfulness	565
injurious	565
stances	565
synapses	565
hashing	565
unmounted	565
armoires	565
utilitarian	565
archetypes	565
behemoth	565
stereophonics	565
obsessions	565
compacted	565
doughnuts	565
thrower	565
prana	565
trike	565
distillery	565
reread	565
stormed	565
disengagement	565
gifting	565
maglite	565
iodide	565
crucifix	565
fistula	565
campaigners	565
irreverent	565
rockwall	565
censure	565
carbine	565
crawfish	565
kellysearch	565
credo	565
symbolizes	565
ecuadorian	565
injectors	565
heartless	565
natick	565
mornington	565
booklist	565
centrist	565
contented	565
torbay	565
femur	565
vultures	565
landslides	565
separatist	565
darwen	565
outlooks	565
matrimonials	565
forcible	565
openview	565
lifeboat	565
bushy	565
tuskegee	565
thickening	565
reconfigure	565
programma	565
escalated	565
eastbound	565
grits	565
pulldown	565
redditch	565
trendnet	565
treehouse	565
payson	565
porches	565
inoculation	565
luxuries	565
glorify	565
abner	565
lineman	565
streamlines	565
cleaver	565
polyphonics	565
tracksuit	565
skidmore	565
overuse	565
newsprint	565
admixture	565
maris	565
hemorrhoids	565
haulage	565
heredity	565
nominally	565
usergroup	565
convolution	565
chloroform	565
endtime	565
nettle	565
mismanagement	565
convincingly	565
abbie	565
galician	565
golem	565
evangeline	565
conifer	565
phenylalanine	565
wareham	565
descends	565
nonpublic	565
mischievous	565
inversely	565
fateful	565
dancefloor	565
eyelet	565
immunologic	565
complacency	565
beeswax	565
lanham	565
crosswalk	565
scand	565
sweeteners	565
sprints	565
reinhold	565
impregnated	565
insular	565
lagoons	565
sensuality	565
faked	565
banyan	565
affix	565
opinionated	565
quirk	565
professed	565
blinks	565
sensuous	565
rationing	565
sawing	565
tellers	565
herding	565
waterborne	565
astron	565
mammalia	565
hopped	565
goldeneye	565
tradeoffs	565
occuring	565
interfered	565
halcyon	565
technews	565
bowing	565
shampoos	565
unfiltered	565
cogent	565
parishioners	565
traversing	565
communique	565
uninformed	565
cantina	565
polyamide	565
selectmen	565
necromancer	565
carcinomas	565
subcontinent	565
dodds	565
seaton	565
transcriptase	565
balmoral	565
aberration	565
specifier	565
mollie	565
subsidize	565
conclusively	565
calcareous	565
nappies	565
crippling	565
sundial	565
tufted	565
flaky	565
typology	565
hydrangea	565
chieftain	565
aesthetically	565
gestalt	565
sophomores	565
honeysuckle	565
allrefer	565
unspoken	565
ishmael	565
tiaras	565
apprehended	565
rhoda	565
flite	565
harddisk	565
jammer	565
forbidding	565
sparring	565
dreamcatcher	565
adonis	565
distressing	565
domed	565
braddock	565
ethnically	565
yeager	565
gelding	565
blurring	565
mastectomy	565
cassell	565
jaundice	564
lastest	564
panes	564
asterisks	564
jeffers	564
cooktop	564
aspergillus	564
medics	564
photosite	564
affirmations	564
testifies	564
variational	564
socializing	564
crankshaft	564
filipinos	564
tagline	564
dainty	564
airframe	564
beater	564
dietetic	564
crackle	564
redacted	564
stereotypical	564
treks	564
victimization	564
parallax	564
zante	564
splices	564
imagenes	564
nonresidential	564
hellman	564
thwarted	564
alban	564
freetype	564
planks	564
carcinogen	564
orville	564
catalyzed	564
heatwave	564
spindles	564
belcher	564
herron	564
spirals	564
speculations	564
sedentary	564
extermination	564
plumes	564
watchtower	564
outweighed	564
unmanaged	564
renumbered	564
transposition	564
cowell	564
crossbow	564
acheter	564
speciation	564
beets	564
betta	564
repel	564
emmet	564
statistician	564
symmetries	564
coleridge	564
observatories	564
anxieties	564
fungicide	564
crosstalk	564
onerous	564
deepsand	564
litas	564
hakim	564
countywide	564
tenderly	564
gnucash	564
puree	564
bonny	564
haddock	564
tachycardia	564
virginian	564
warrick	564
cosine	564
pyjamas	564
finns	564
haddon	564
oftentimes	564
entanglement	564
swath	564
miserably	564
meehan	564
infiltrate	564
argosy	564
renounce	564
jesper	564
copilot	564
northgate	564
phobias	564
metaframe	564
stumps	564
nutritionist	564
clouded	564
effector	564
bumsen	564
diverting	564
hairstyle	564
diuretics	564
derogatory	564
discards	564
discontinuous	564
uncorrected	564
stillman	564
bighorn	564
inaccuracy	564
assimilate	564
heartbreaking	564
leitrim	564
justifications	564
gimmick	564
acrylics	564
regenerated	564
fouled	564
wiretap	564
laine	564
moniker	564
gottfried	564
credence	564
sharpeners	564
welling	564
calida	564
patrolled	564
georgette	564
lovelace	564
prods	564
incite	564
waypoints	564
underscored	564
herrick	564
divulge	564
starwars	564
wardens	564
unreported	564
guarani	564
tampon	564
easels	564
scrubbing	564
laughable	564
momentous	564
footpath	564
webform	564
elkhorn	564
ventana	564
sublet	564
antares	564
chiltern	564
peaking	564
forall	564
menuitem	564
harem	564
fussy	564
civility	564
seltzer	564
homeostasis	564
deluge	564
squadrons	564
ventricle	564
goodie	564
milkshake	564
thrasher	564
switchers	564
hartwell	564
electrolytes	564
unshaved	564
maneuvering	564
softwood	564
croupier	564
hausa	564
fluted	564
compacts	564
rhinitis	564
sweetened	564
dreamhack	564
venison	564
microcontrollers	564
dreamhost	564
shoal	564
overcrowding	564
basking	564
retractions	564
pinging	564
catheterization	564
smears	564
blushing	564
breathes	564
exons	564
mariachi	564
lectured	564
reseal	564
compositing	564
coopers	564
storys	564
hotfix	564
babylonian	564
gaynor	564
biota	564
dossiers	564
hairdryers	564
morrowind	564
puter	564
annonce	564
chubbyland	564
deflation	564
worsened	564
darlin	564
reconstituted	564
skillfully	564
heady	564
yorks	564
bombarded	564
badlands	564
deploys	564
celts	564
internets	564
backstroke	564
bathed	564
cortes	564
spooner	564
intractable	564
corresponded	564
toothbrushes	564
speckled	564
abrahams	564
enumerate	564
persuading	564
onondaga	564
brandywine	564
resonate	564
castelle	564
advertises	564
fives	564
titusville	564
diphtheria	564
digitaladvisor	564
geekbuddy	564
hazelwood	564
plaines	564
outfield	564
carcinogenesis	564
phenolic	564
incrementally	564
hoard	564
courting	564
petrie	564
terrapins	564
legalization	564
allendale	564
lading	564
modernize	564
woodcock	564
restarts	564
churning	564
juris	564
brookside	564
chariots	564
streamer	564
accumulator	564
battalions	564
unquestionably	564
crocus	564
citizenry	564
reproach	564
kingsway	564
offtopic	564
redeemable	564
maxillofacial	564
revolutionaries	564
cardomain	564
creamed	564
vishnu	564
chimpanzee	564
flurries	564
meson	564
parathyroid	564
analgesia	564
cherub	564
lieder	564
trumpeter	564
straws	564
serrated	564
altera	564
nannies	564
emphatically	564
pawtucket	564
reassured	564
bimonthly	564
senna	564
perceiving	564
wardrobes	564
commendation	564
surgically	564
nongovernmental	564
hydrostatic	564
cheaters	563
contending	563
patriarchal	563
spelt	563
barks	563
clostridium	563
dodging	563
imperatives	563
archetype	563
antiseptic	563
browned	563
highlanders	563
techworld	563
shamanism	563
ligaments	563
roussillon	563
bowser	563
upheaval	563
rationalize	563
cringe	563
unearth	563
biopsies	563
inconclusive	563
hookups	563
thermostats	563
sugarcane	563
moldovan	563
mouthful	563
gazelle	563
subclause	563
classname	563
gauche	563
minion	563
makefiles	563
bettie	563
birdwatching	563
harpers	563
speakeasy	563
complicity	563
unstrung	563
drivel	563
blandford	563
tendons	563
toppings	563
cantilever	563
thrives	563
initializes	563
penchant	563
roared	563
prospector	563
unwise	563
macromolecular	563
financier	563
allegory	563
konstantin	563
acropolis	563
stifle	563
lymphoid	563
apacer	563
tiberius	563
paradoxical	563
forklifts	563
refuges	563
stateless	563
rousing	563
cerebellum	563
statehood	563
knelt	563
palgrave	563
radiating	563
devour	563
insanely	563
treachery	563
petting	563
inoculated	563
aidable	563
bubblegum	563
princesses	563
taxidermy	563
portraiture	563
incapacitated	563
juergen	563
pashmina	563
attested	563
anthropologists	563
glues	563
undercut	563
roaster	563
overcrowded	563
redbridge	563
warring	563
hypertrophy	563
arouse	563
wobble	563
ticked	563
boilermakers	563
counterstrike	563
hinterland	563
housewarming	563
regenerative	563
purged	563
liquidators	563
repulsive	563
bagless	563
bleachers	563
deodorants	563
bacteriophage	563
seclusion	563
transect	563
thumbshots	563
elucidate	563
fated	563
soloists	563
frighten	563
borges	563
amputation	563
sinusoidal	563
manpage	563
lazer	563
babys	563
crossovers	563
parsers	563
hauler	563
cataloguing	563
oralsex	563
leappad	563
halts	563
headroom	563
fortnightly	563
yerba	563
subtlety	563
creditable	563
clearfield	563
protruding	563
huggins	563
washoe	563
appreciable	563
delicacy	563
sayers	563
paradis	563
cinch	563
publis	563
futility	563
intangibles	563
dumplings	563
tameside	563
diesen	563
summerville	563
cubed	563
upholds	563
enlistment	563
inroads	563
blissful	563
erythrocytes	563
dinky	563
boasted	563
zealanders	563
stirs	563
donkeys	563
platonic	563
injunctive	563
honed	563
coincidentally	563
deathmatch	563
pollination	563
synchro	563
chutney	563
averse	563
naturopathic	563
afield	563
dermatologist	563
casein	563
thumbnailpost	563
chillout	563
endearing	563
mishap	563
chewable	563
lackey	563
labors	563
whooping	563
normals	563
sonnets	563
scrum	563
everyman	563
masai	563
musing	563
lopes	563
barricade	563
inquest	563
snipe	563
eastland	563
footballers	563
metropole	563
hapless	563
sagebrush	563
warheads	563
radiologist	563
westview	563
mirza	563
medicinenet	563
hitches	563
britten	563
palettes	563
beaux	563
gunman	563
traversed	563
agassi	563
sparsely	563
shrinks	563
mitra	563
guilders	563
indexer	563
innkeeper	563
coachella	563
downgraded	563
mistrust	563
overcomes	563
lordship	563
athabasca	563
unbuffered	563
phoning	563
egregious	563
cubans	563
breakpoints	563
sperma	563
mortage	563
legato	563
agarose	563
russellville	563
badass	563
transacted	563
chaplains	563
conventionally	563
mainpage	563
perceptive	563
haber	563
allstars	563
darwinism	563
lecithin	563
destitute	563
lates	563
disbanded	563
singly	563
fusing	563
abuser	563
sevens	563
headless	563
anatomic	563
watercooler	563
petrified	563
litho	563
emigrants	563
rattling	563
artes	563
thane	563
salve	563
hadron	563
hindustan	563
marseilles	563
beauchamp	563
grates	563
fissure	563
curtail	563
legalize	563
millbrook	563
epinephrine	563
transom	563
talker	563
divorces	563
picayune	563
winks	563
rabanne	563
loopholes	563
playset	563
novelists	563
bestow	563
frontman	563
autologous	563
wiretaps	563
homespun	563
duggan	563
chantelle	563
liddell	563
enraged	563
hulls	563
blotter	563
menubar	563
gagnon	563
complimented	563
sitters	563
intonation	563
proclaims	563
dissecting	563
programing	563
humpback	563
reprocessing	563
bartending	563
clamped	563
retracted	563
fantastico	563
friar	563
hospitable	563
melodrama	563
preclinical	563
creased	563
wheelers	563
preparer	563
deductive	563
postures	563
trapper	563
makeshift	563
pygmy	563
tattered	563
tachometer	563
embarrass	563
nonproliferation	563
elysees	563
slanted	563
plagues	563
orchestration	562
adipose	562
harvests	562
freeservers	562
potting	562
uncomplicated	562
progs	562
surged	562
wenzel	562
natured	562
clemency	562
woolly	562
ligation	562
blemish	562
inductance	562
topicparent	562
reallocation	562
kalispell	562
bushels	562
tapers	562
teleport	562
skylights	562
geniuses	562
rehabilitative	562
prorated	562
whiskers	562
pansy	562
reassignment	562
hydrodynamic	562
confirmations	562
postulated	562
huntsman	562
unlabeled	562
perpetually	562
brentford	562
soundings	562
evicted	562
differentiates	562
divisible	562
tabla	562
celluloid	562
identically	562
accumulations	562
lightness	562
saddlery	562
whiteside	562
admirers	562
dingo	562
marcello	562
sessional	562
pagination	562
harbinger	562
mustache	562
truncate	562
hightower	562
polygraph	562
digress	562
overseen	562
bluetake	562
cowes	562
revolutionize	562
dwindling	562
beaker	562
mailorder	562
fetuses	562
arcades	562
baggy	562
jeweled	562
childbearing	562
crayfish	562
minotaur	562
rejoicing	562
repaint	562
ariadne	562
spastic	562
quiver	562
illuminati	562
piezoelectric	562
cutouts	562
frequented	562
coronet	562
discredited	562
tanita	562
taverns	562
prodigal	562
arcsec	562
wield	562
resolute	562
adage	562
getter	562
mimics	562
watermarking	562
aftercare	562
coombs	562
wolfson	562
wetter	562
bonaventure	562
diastolic	562
defaulted	562
dialling	562
rescinded	562
conjure	562
discoloration	562
chelan	562
recitals	562
morel	562
adrift	562
kashmiri	562
confiscation	562
collages	562
enabler	562
schuler	562
finlay	562
stings	562
budge	562
turbotax	562
herbals	562
moderates	562
chairmanship	562
piotr	562
moores	562
silks	562
malformed	562
sequins	562
seatbelt	562
dumbbell	562
chasers	562
hamer	562
stine	562
fringed	562
supplementing	562
lowrider	562
citric	562
opentype	562
goblins	562
delineate	562
nitride	562
organist	562
achievers	562
unbonded	562
kneel	562
rehearing	562
illuminations	562
balmain	562
chuckled	562
armenians	562
ultradev	562
excels	562
depositary	562
redhill	562
caveman	562
starfire	562
furthest	562
virulent	562
lanark	562
masts	562
garret	562
placemats	562
pathologic	562
commendable	562
darden	562
bunnyteens	562
inadequacy	562
barbaric	562
otitis	562
ordinators	562
deliciously	562
persephone	562
eatery	562
peony	562
glycerin	562
tailings	562
shirtless	562
lifelike	562
rayman	562
boardhost	562
frontera	562
crumpler	562
culled	562
nucleon	562
presbytery	562
tumblers	562
hideout	562
calcite	562
gunshot	562
desiree	562
supposing	562
sculptors	562
calicut	562
belden	562
publicati	562
unverified	562
untapped	562
batty	562
castilla	562
zealous	562
fingernails	562
ocarina	562
camus	562
rattlesnake	562
keyspan	562
iridescent	562
reposted	562
payoffs	562
robberies	562
maywood	562
defrost	562
consecutively	562
bongs	562
excelled	562
pretzels	562
twine	562
underdeveloped	562
meteors	562
peres	562
assemblyman	562
enforcer	562
judicious	562
unaltered	562
customarily	562
collation	562
sarees	562
diction	562
unoccupied	562
bloopers	562
framemaker	562
tigris	562
piscataway	562
pedestals	562
tribulations	562
hoists	562
colman	562
scrubber	562
sabina	562
freepics	562
logarithm	562
inefficiencies	562
monocular	562
tandy	562
ferrite	562
buckwheat	562
enshrined	562
gaysex	562
surpasses	562
yearling	562
autorun	562
agape	562
undifferentiated	562
flowershop	562
wrenching	562
damnation	562
reaffirm	562
rapidity	562
deleterious	562
weblogging	562
cluttered	562
sportsmanship	562
relievers	562
intersecting	562
lampoon	562
garibaldi	562
airtight	562
firming	562
shoreham	562
annular	562
hallmarks	562
sparking	562
alluvial	562
incisive	562
concealing	562
commandline	562
clutching	562
drifts	562
tenement	562
guardianfilms	562
discernment	562
chalice	562
hypocrite	562
obsolescence	562
linguists	562
recode	562
harrowing	562
prefect	562
reservists	562
sweetly	562
cleave	562
flimsy	562
obsoleted	562
betacam	562
rearrangement	562
bypassed	562
onefit	562
neutralizing	562
occupiers	562
delilah	562
kingpin	562
relaying	562
bedded	562
shivering	562
overlord	562
daffodil	562
devotionals	562
formality	562
mangroves	562
lymphocytic	562
bingley	562
suffices	562
deering	562
tigre	562
undetectable	562
graced	562
vermeil	562
ultimo	562
silage	562
ejaculate	562
statuary	562
smithers	562
goudy	562
bilge	562
moraine	562
prolactin	562
bejeweled	562
moravian	562
sunbelt	562
intermittently	562
chewy	562
paginas	562
armaments	562
decimation	562
grins	561
chewed	561
hypotension	561
stateful	561
busby	561
accomplishes	561
gaither	561
patterning	561
inapplicable	561
cheep	561
preexisting	561
coffeemaker	561
braveheart	561
superconductivity	561
pasha	561
amygdala	561
corrie	561
scour	561
lonestar	561
motionless	561
dueling	561
notaries	561
challengers	561
galant	561
fallow	561
reshape	561
aileen	561
indictments	561
photoset	561
electrolytic	561
leapt	561
gainers	561
tinkerbell	561
widower	561
quagmire	561
riyal	561
taffy	561
purging	561
cleansed	561
cerebellar	561
fainting	561
theorist	561
scaring	561
serviceable	561
heartwarming	561
obstructed	561
strider	561
indigestion	561
eastlake	561
jackal	561
cannonball	561
snowflakes	561
massacres	561
entailed	561
curative	561
traitors	561
igneous	561
mathcad	561
skipton	561
patently	561
rinsed	561
delectable	561
bitmaps	561
proletariat	561
analytically	561
aramaic	561
bogged	561
incremented	561
publicist	561
fanciful	561
tempera	561
recyclers	561
intermediation	561
lacing	561
aggregating	561
mystics	561
soundboard	561
teapots	561
smartdisk	561
fresher	561
consummate	561
titration	561
boney	561
brows	561
oxidoreductase	561
skimmer	561
technic	561
extrinsic	561
sketchy	561
gooseneck	561
tiffin	561
pacer	561
domesticated	561
battersea	561
noname	561
outboards	561
dismayed	561
owings	561
steered	561
tentec	561
pixmap	561
bitty	561
remitted	561
prosser	561
miraculously	561
lapses	561
monotonic	561
stethoscope	561
freemasonry	561
dwells	561
penitentiary	561
kahuna	561
shrewd	561
washroom	561
jacoby	561
intercity	561
broadview	561
micros	561
flack	561
tonite	561
teething	561
subsector	561
impatience	561
italie	561
mechanistic	561
flawlessly	561
whatnot	561
tripartite	561
crass	561
cartographic	561
preconditions	561
gardenia	561
biotic	561
linwood	561
marymount	561
benevolence	561
highgate	561
lancelot	561
takeshi	561
eugenia	561
suspiciously	561
reprimand	561
crowder	561
mangled	561
staunch	561
socialize	561
deepwater	561
shaven	561
clickbank	561
ruleset	561
viscose	561
manhunt	561
pavers	561
occupier	561
euchre	561
molestation	561
proporta	561
quarts	561
mitosis	561
paychecks	561
yells	561
bellaire	561
suitcases	561
paisa	561
slidell	561
blindfolded	561
clocking	561
hemorrhagic	561
premiers	561
wraith	561
crores	561
classifiers	561
nimble	561
videorecording	561
kickstart	561
hyacinth	561
neutralization	561
durst	561
naturalists	561
derelict	561
particulates	561
skylark	561
shrouded	561
clarissa	561
squirrelmail	561
brazen	561
inundated	561
pauly	561
brahma	561
starsky	561
prion	561
simfree	561
pennywise	561
diphosphate	561
interscan	561
veracity	561
pipers	561
surfside	561
tsunamis	561
hotlinks	561
neely	561
energizing	561
butane	561
angers	561
gustavus	561
bluebonnet	561
inked	561
novatech	561
unwittingly	561
maturities	561
nameserver	561
tomlin	561
jigsaws	561
distorting	561
kamikaze	561
counsels	561
battlefields	561
juggernaut	561
antecedent	561
latrobe	561
handley	561
matty	561
dorothea	561
lilith	561
foreplay	561
uncovers	561
gargoyle	561
legislate	561
lenmar	561
voluptuous	561
complacent	561
bodega	561
hardworking	561
dockets	561
stomping	561
germania	561
grandmothers	561
fiddling	561
panamanian	561
unaccompanied	561
superclass	561
buyback	561
schooled	561
gigolo	561
vangelis	561
kingwood	561
dorling	561
maximization	561
picts	561
foresters	561
absenteeism	561
quantifiable	561
sliver	561
bummer	561
isometric	561
retraction	561
dunning	561
grinch	561
loveless	561
shouldn't	561
sharpened	561
nostrils	561
cambrian	561
cerebrospinal	561
impure	561
gridiron	561
innermost	561
susana	561
yesteryear	561
orthotics	561
spunk	561
pilate	561
pinning	561
superdrive	561
propellant	561
touchpad	561
raisers	561
confocal	561
caddo	561
jochen	561
stung	561
phantoms	561
bitstream	561
retort	561
bartenders	561
congregate	561
meditative	561
refilling	561
modell	561
rangefinder	561
smirking	561
chestnuts	561
lanparty	561
sportfishing	561
exacerbate	561
expositions	561
begotten	561
beckwith	561
anemone	561
equivalently	561
ninjas	561
milla	561
incase	561
gainsborough	561
sparkles	561
collared	561
segfault	561
wisden	561
maingate	561
stringed	561
barnabas	561
powerpuff	561
weeding	561
regula	561
lastminute	561
winbook	561
evasive	561
syrups	561
smirk	561
chiles	561
ancora	561
estimations	561
pausing	561
absolutly	561
guesswork	561
grands	561
tradeshows	561
javascripts	561
replete	561
irritant	561
warcry	561
inconceivable	561
graceland	561
disconnects	561
monolith	561
crutches	561
intrusions	561
glories	561
apportioned	561
prelims	561
kanawha	561
pawnee	561
accumulates	561
failings	561
memset	561
mandala	561
bristle	561
terrors	561
uriah	561
homecare	561
oblige	561
timepieces	561
nonfarm	561
anklet	561
visite	561
determinism	561
panacea	561
vibrate	561
penetrates	561
normality	561
cathedrals	561
toads	560
deflect	560
taoism	560
liber	560
perceives	560
chakras	560
samara	560
unsung	560
gargoyles	560
massaging	560
nubian	560
aerodrome	560
darkside	560
intensification	560
stumped	560
ruger	560
cramp	560
seaford	560
vincenzo	560
sodom	560
imitations	560
dillinger	560
bandon	560
mistletoe	560
riddim	560
perforation	560
tryout	560
hallowed	560
manageability	560
crystalspace	560
pandas	560
choiceshirts	560
servertime	560
nepean	560
tracklist	560
appease	560
hawes	560
furlong	560
homogenous	560
distributional	560
policyholder	560
tidewater	560
follicular	560
gonorrhea	560
listeria	560
lawmaker	560
datatypes	560
heralded	560
flavorful	560
clearest	560
supersede	560
shovels	560
refunding	560
subcontracts	560
moissanite	560
finchley	560
mediates	560
phrasing	560
standish	560
conus	560
competences	560
quarries	560
sensibly	560
millville	560
mouthed	560
gills	560
backspace	560
braids	560
aways	560
fugue	560
dissonance	560
milder	560
medicated	560
inexplicable	560
counterfeiting	560
hypothermia	560
expeditious	560
carman	560
timberline	560
defenselink	560
sunfire	560
intently	560
chrysalis	560
smithville	560
storytellers	560
morphing	560
sevenoaks	560
haplotypes	560
speer	560
lathes	560
refillable	560
yearbooks	560
rechercher	560
hoary	560
tricycle	560
corse	560
amphetamines	560
systemworks	560
trillium	560
transients	560
concedes	560
andante	560
farmingdale	560
crocodiles	560
bitching	560
overtly	560
ronde	560
deceiving	560
oedipus	560
beamed	560
bannister	560
humanoid	560
scraped	560
chagrin	560
infringements	560
tiredness	560
branden	560
panning	560
wasabi	560
cocksucker	560
breather	560
adjudicated	560
methylene	560
wholeness	560
tickled	560
hindrance	560
simcity	560
discreetly	560
hummingbirds	560
sparing	560
emeralds	560
heifers	560
wanders	560
disillusioned	560
preoccupation	560
vertebrata	560
blackcomb	560
ottomans	560
lockable	560
evaporator	560
antihistamines	560
airliner	560
bibdate	560
unwrapped	560
dumbass	560
arrhythmias	560
netweaver	560
sateen	560
autosomal	560
protec	560
restful	560
rhododendron	560
aristocratic	560
scouring	560
profitably	560
profes	560
pinched	560
underlay	560
granule	560
purport	560
setfont	560
plunging	560
cookin	560
shambles	560
gillett	560
rocklin	560
welland	560
marten	560
admittance	560
ageless	560
sills	560
stinking	560
howler	560
hardtop	560
carded	560
internment	560
porridge	560
dominick	560
symbolize	560
mahmood	560
standstill	560
swaying	560
igloo	560
ambler	560
voyeurism	560
unattractive	560
bachman	560
referential	560
hydrating	560
adaware	560
repressor	560
galego	560
diffused	560
neilson	560
firmer	560
scorecards	560
newlines	560
reproduces	560
arcana	560
backhoe	560
leftists	560
quinnipiac	560
promulgation	560
mannequin	560
malloy	560
unshaven	560
noyes	560
rakes	560
trashed	560
betsey	560
lobbies	560
incognito	560
silvertone	560
cupcakes	560
artest	560
silliness	560
burgh	560
giggling	560
netfilter	560
coldest	560
proviso	560
oldenburg	560
bazooka	560
gerbera	560
barnyard	560
dikes	560
camellia	560
pronouncements	560
rescind	560
artifice	560
donal	560
malfunctions	560
glides	560
salida	560
dunwoody	560
excavator	560
allot	560
redcar	560
progenitor	560
abomination	560
cartoonstock	560
gymnast	560
inexpensively	560
hazen	560
forceps	560
argumentation	560
passively	560
mainframes	560
hurled	560
costas	560
labelle	560
adjoint	560
vesta	560
jacky	560
monocytes	560
splint	560
straightened	560
llamas	560
multifaceted	560
deranged	560
contesting	560
darwinian	560
touchy	560
rafters	560
privatevoyeur	560
coolmax	560
unintelligible	560
decoys	560
pariah	560
offerors	560
hinten	560
darnell	560
meaty	560
gages	560
infantile	560
pinstripe	560
unspeakable	560
artis	560
amateursex	560
egret	560
cornhuskers	560
demolish	560
fontconfig	560
jordans	560
guildhall	560
piney	560
unbundled	560
functioned	560
comforted	560
disgraceful	560
worshippers	560
houseware	560
griggs	560
fullmetal	560
abundances	560
servitude	560
fractionation	560
aqueduct	560
blitzer	560
framers	560
cashflow	560
retouching	560
streamers	560
humbled	560
displacements	560
jerez	560
marcella	560
radiate	560
picturemate	560
unicorns	560
playroom	560
dandruff	560
stipulate	560
albers	560
discworld	560
leaved	560
proximate	560
unionists	560
bloodlines	560
secretions	560
attains	560
gallus	560
ramsar	560
woodburn	560
lockergnome	560
oocytes	560
armadillo	560
gensat	560
filers	560
perturbed	560
retrievers	559
pacifier	559
cemented	559
dissolves	559
crowning	559
vivek	559
unprofessional	559
bettina	559
hydrographic	559
smuggled	559
scones	559
punctuated	559
blunder	559
candylist	559
appalachia	559
marist	559
musgrave	559
relativism	559
jardine	559
ericson	559
schweizer	559
belted	559
ananda	559
tripwire	559
rediscovered	559
headstone	559
depleting	559
junkyard	559
felon	559
hager	559
spearheaded	559
underlining	559
catalogued	559
antlers	559
doubting	559
springville	559
differentially	559
powwows	559
inductor	559
encephalopathy	559
custodians	559
overstated	559
dunkirk	559
insulators	559
libretto	559
debatable	559
reaping	559
aborigines	559
quicklink	559
dumbest	559
prowler	559
loadings	559
sizzle	559
copolymer	559
lawnmower	559
nontraditional	559
estranged	559
dredged	559
marcasite	559
scoliosis	559
artie	559
decisively	559
fifths	559
austell	559
carport	559
dubbing	559
weblist	559
crustaceans	559
yorkville	559
wayback	559
swims	559
undeniably	559
zander	559
spasm	559
samir	559
notables	559
eminently	559
snorting	559
mercilessly	559
urbanized	559
loyalist	559
daybed	559
rimes	559
barone	559
thomasnet	559
evaporative	559
finalizing	559
cobbler	559
printhead	559
invigorating	559
heinous	559
dusky	559
manhole	559
eroding	559
searchgals	559
typewriters	559
tabasco	559
purebred	559
masochism	559
bergamot	559
millington	559
infallible	559
shutout	559
willson	559
loaves	559
prosthetics	559
underlines	559
heeled	559
quibble	559
meandering	559
bakelite	559
intermountain	559
incessant	559
klondike	559
baines	559
blick	559
reeder	559
neoplastic	559
applesauce	559
cheery	559
curbing	559
harshly	559
betterment	559
feisty	559
hynes	559
clogging	559
sweethearts	559
nonverbal	559
concat	559
ladybird	559
slush	559
specializations	559
chaintech	559
mutton	559
porterville	559
bizwiz	559
congruent	559
blinked	559
selva	559
aphis	559
tarantula	559
lenore	559
snuggle	559
zigzag	559
shang	559
batten	559
lough	559
trios	559
dragoon	559
sympathies	559
benefactor	559
leggings	559
thales	559
maldon	559
merrily	559
vouch	559
brockport	559
pompey	559
blackness	559
softgels	559
engravers	559
transitory	559
wether	559
handicaps	559
hangin	559
gales	559
hypocrites	559
larynx	559
capps	559
griffon	559
biologics	559
bluescript	559
instantiate	559
paperweight	559
dilation	559
droughts	559
bedspread	559
knudsen	559
jabberwacky	559
kiowa	559
overtones	559
ancona	559
faithfull	559
pragmatism	559
springing	559
wiretapping	559
nocturne	559
fabricate	559
perdue	559
pendragon	559
altruism	559
ceasing	559
meeker	559
bootlegs	559
jarrow	559
dutchman	559
capricious	559
gridsphere	559
activesync	559
macwarehouse	559
angelique	559
harmonize	559
crescendo	559
eyelash	559
antifreeze	559
beamer	559
feedblitz	559
clicker	559
immobilized	559
dalmatian	559
hemodynamic	559
reshaping	559
frederik	559
stagecoach	559
ruddy	559
miserables	559
academe	559
amalgamated	559
flybase	559
junebug	559
obeying	559
gunners	559
knockoff	559
westpac	559
gosling	559
mendel	559
mishaps	559
subsidence	559
plastering	559
promiscuous	559
fouling	559
hideshow	559
basso	559
trailhead	559
bayshore	559
dusted	559
inlets	559
preprints	559
fords	559
duction	559
anesthetics	559
parentage	559
berhad	559
mutter	559
savedrop	559
litters	559
brothel	559
magnifiers	559
shelled	559
outlandish	559
chitty	559
goldwater	559
sneezing	559
payables	559
victimized	559
inactivated	559
ataxia	559
respirators	559
storylines	559
sancho	559
camaraderie	559
carpark	559
internetworking	559
variegated	559
planing	559
abysmal	559
termini	559
avaliable	559
personnes	559
buysafe	559
bourse	559
fabrications	559
pleasantville	559
tenacity	559
denture	559
bluefield	559
telesales	559
moslem	559
fourths	559
revolutionized	559
permanence	559
jetsons	559
protagonists	559
boliviano	559
curtiss	559
wagoner	559
storyboard	559
coincident	559
rajiv	559
axons	559
minding	559
quercus	559
amara	559
microcosm	559
enviable	559
accessions	559
christos	559
autoresponder	559
categorically	559
carpeted	559
catnip	559
boned	559
eloquently	559
annes	559
overtaken	559
livedoor	559
subheading	559
scotweb	559
pillowcases	559
masterson	559
bridgeton	559
renews	559
extinguish	559
ballasts	559
lowing	559
accruing	558
hardman	558
roadmate	558
dirge	558
interleaved	558
bluish	558
pusher	558
tingle	558
gnostic	558
coreutils	558
ambivalent	558
startpage	558
captivated	558
parlors	558
typist	558
lamented	558
bruise	558
cesare	558
perfumed	558
lamination	558
scottie	558
blackrock	558
fistful	558
somethings	558
staffer	558
dames	558
cornucopia	558
newsfactor	558
countering	558
worldpay	558
catan	558
unfettered	558
imogen	558
appraise	558
runny	558
thither	558
rebuke	558
collated	558
occasioned	558
swayed	558
albumlist	558
affording	558
collocation	558
assuredly	558
vesicle	558
allusions	558
stuffers	558
shadowed	558
lubricated	558
shakin	558
vigilante	558
gauging	558
lipase	558
constabulary	558
seamen	558
cricketer	558
intelligible	558
drooling	558
staines	558
overlaid	558
censors	558
shakespearean	558
demonstrator	558
voyeurs	558
edict	558
octavia	558
hondo	558
hysteresis	558
boyhood	558
sustenance	558
workspaces	558
campion	558
shrew	558
foals	558
sculpt	558
freya	558
soledad	558
disrespectful	558
confounding	558
dispensation	558
bagpipes	558
arian	558
devaluation	558
segway	558
mineralization	558
depreciated	558
diagonally	558
cased	558
stedman	558
laterally	558
prays	558
garber	558
wizardry	558
nonce	558
fervent	558
headrest	558
elevating	558
chaperone	558
augustin	558
eurythmics	558
delusional	558
pimpin	558
tinkering	558
unneeded	558
likened	558
officeconnect	558
hydride	558
hometwat	558
sketched	558
plage	558
firmness	558
kilns	558
injustices	558
longfellow	558
assemblers	558
unequivocally	558
karst	558
selfless	558
gynecologists	558
guestbooks	558
dongs	558
perspiration	558
schoolers	558
kidnappers	558
liquidator	558
mirth	558
evers	558
grassley	558
stowaway	558
brainer	558
pauper	558
cellog	558
channeled	558
tastings	558
factorial	558
librarianship	558
brooms	558
vocabularies	558
blasters	558
livable	558
ushered	558
vocations	558
ramblers	558
counterproductive	558
catskill	558
scorched	558
environmentalism	558
kilts	558
instep	558
newsburst	558
septum	558
animators	558
neoclassical	558
piezo	558
escudo	558
pineville	558
petter	558
adenine	558
lysis	558
kiley	558
yoruba	558
malformations	558
alexia	558
checkup	558
commited	558
mignon	558
houseboat	558
trados	558
lifesaving	558
clementine	558
tayside	558
smokeless	558
stanhope	558
razorbacks	558
ionized	558
thorax	558
placental	558
recherches	558
warship	558
parses	558
newsmakers	558
homocysteine	558
corinthian	558
metamorphic	558
rattles	558
watchguard	558
sugarland	558
garten	558
singularities	558
trophic	558
dislocated	558
reversi	558
marvels	558
insemination	558
booby	558
conceivably	558
quetzal	558
linder	558
homing	558
highbury	558
persians	558
podiatrists	558
conch	558
crossref	558
injunctions	558
poppins	558
crunching	558
weevil	558
integrations	558
morgue	558
unpatched	558
kickers	558
referers	558
exuberant	558
leviton	558
electrification	558
peninsular	558
juggle	558
composure	558
yeshiva	558
sociologist	558
contradicted	558
finitely	558
birthright	558
corny	558
brazilians	558
errant	558
proofread	558
rearranged	558
heifer	558
earthen	558
cosgrove	558
sulfuric	558
uplands	558
renderings	558
bulleted	558
acupressure	558
portcullis	558
noose	558
ugandan	558
suspends	558
stratigraphy	558
recur	558
howes	558
surfed	558
steins	558
desirous	558
agarwal	558
exemplar	558
shivers	558
surefire	558
planetside	558
snorkelling	558
smitten	558
waterworks	558
headlamps	558
dunstable	558
hendon	558
accreditations	558
rarest	558
macadamia	558
marriot	558
takin	558
disqualify	558
rashes	558
averted	558
antiaging	558
dissipated	558
equated	558
lightscribe	558
unionist	558
clocked	558
discernible	558
masquerading	558
complementing	558
keycode	558
pennants	558
looser	558
bookie	558
boggling	558
ptolemy	558
skewers	558
richman	558
lauded	558
photodisc	558
consonants	558
demarcation	558
zooms	558
newsdesk	558
roadblocks	558
miocene	558
diamondback	558
steeple	558
lumberjack	558
concussion	558
nailing	558
epidermis	558
mobley	558
photoshoot	558
rhinoplasty	558
peptic	558
tannins	558
sparingly	558
penance	558
tilley	558
hypothalamus	558
priestly	558
curtailed	558
lovejoy	558
manipulator	558
timestamps	558
rollo	558
conspicuously	558
risked	558
bowled	558
breaststroke	558
modernized	558
blemishes	558
deductibles	558
eagerness	558
peacemaker	558
pearly	558
bookmarked	558
halal	558
filenet	558
freeland	558
kirsch	558
roadhouse	558
recklessly	558
charted	558
cubicles	558
islets	558
apothecary	558
ladysmith	557
switchable	557
interactives	557
transformative	557
completly	557
samuelson	557
anhydrous	557
looted	557
gradzone	557
parkin	557
unmoderated	557
wagers	557
beliefnet	557
hotbar	557
canis	557
ravioli	557
enrolments	557
walling	557
marblehead	557
jointed	557
cameltoes	557
carnivals	557
speedman	557
heyday	557
augustana	557
topsoil	557
isomers	557
pettit	557
lemans	557
telescoping	557
gamedesire	557
pulsating	557
beaming	557
balancer	557
picton	557
underhill	557
dinghies	557
chooser	557
argentinian	557
apparels	557
taint	557
timescales	557
lounging	557
athenian	557
predisposition	557
sexshop	557
bugging	557
outwardly	557
tumultuous	557
symbiotic	557
nomic	557
overseer	557
wishbone	557
chine	557
crier	557
collab	557
squirter	557
infecting	557
penetrations	557
protea	557
polyvinyl	557
ganglion	557
decompose	557
solgar	557
unimaginable	557
lipper	557
chimpanzees	557
briton	557
glistening	557
testcases	557
hamza	557
moonshine	557
meeks	557
centimeter	557
excreted	557
scribble	557
anselm	557
peculiarities	557
sexvideos	557
nonprescription	557
firework	557
localize	557
tablatures	557
beset	557
romain	557
involuntarily	557
chested	557
swede	557
hydrothermal	557
discoverer	557
coleoptera	557
intensifying	557
copyleft	557
outfitted	557
adoptee	557
intersects	557
grandmaster	557
livers	557
deadball	557
historiography	557
bellacor	557
downgrades	557
scrapping	557
militarism	557
plowing	557
glassy	557
bullhead	557
riddled	557
mimosa	557
wildfires	557
shrill	557
halved	557
dolore	557
shauna	557
swedes	557
headland	557
bergamo	557
quarterfinals	557
hobbyist	557
reardon	557
agitator	557
homozygous	557
popset	557
torsten	557
utensil	557
puller	557
mathworks	557
glows	557
heighten	557
danskin	557
surpassing	557
dinning	557
misfit	557
hamden	557
ladle	557
redfield	557
quotable	557
asides	557
musicstrands	557
pinks	557
rusted	557
roseland	557
zirconium	557
agement	557
naturalistic	557
dogmatic	557
opencube	557
tristram	557
rectification	557
entertai	557
keeler	557
surly	557
highpoint	557
stratospheric	557
newegg	557
nonparametric	557
fertilized	557
mistral	557
zeroes	557
admirer	557
divisor	557
wanderlust	557
cleat	557
motioned	557
catastrophes	557
thickened	557
immediacy	557
indra	557
candor	557
casco	557
olivet	557
felonies	557
gasification	557
vibrio	557
animale	557
casebook	557
searing	557
detonation	557
wigwam	557
approximating	557
animales	557
beheaded	557
postmark	557
pinewood	557
tangential	557
headhunter	557
bereaved	557
bretton	557
bustier	557
apologizes	557
drugged	557
muskogee	557
resortquest	557
diskeeper	557
glebe	557
seahorse	557
geneve	557
motte	557
softener	557
breaching	557
maelstrom	557
rivalries	557
gnomes	557
affectionately	557
seraphim	557
raymarine	557
dodgeball	557
necessitates	557
uneducated	557
munity	557
alopecia	557
singaporean	557
keyboarding	557
beachside	557
robeson	557
blunders	557
proportionately	557
lineages	557
dermatologists	557
marbled	557
blackmore	557
bothersome	557
draconian	557
approver	557
srinivasan	557
perfor	557
articular	557
trackball	557
mansell	557
werewolves	557
autocorrelation	557
waltrip	557
mocked	557
holler	557
cabrio	557
guanine	557
bridgetown	557
roadstar	557
creditcard	557
brews	557
cruelly	557
baskin	557
hamel	557
tapioca	557
furrow	557
zoids	557
semantically	557
fewest	557
parables	557
valkyrie	557
airlie	557
drowsy	557
gnomemeeting	557
cashew	557
unproven	557
bushel	557
myocardium	557
paraiso	557
nightline	557
beholder	557
cursive	557
hydrated	557
forties	557
sedition	557
photosynthetic	557
examen	557
lutherans	557
ghastly	557
tongued	557
lifetips	557
vaudeville	557
succumb	557
unapproved	557
nematodes	557
gremlins	557
bolero	557
togethers	557
lished	557
powertrain	557
immunized	557
ricochet	557
aberrant	557
inquisitive	557
wyandotte	557
dumber	557
ruptured	557
insoles	557
starlet	557
earner	557
doorways	557
radiologists	557
polydor	557
overruled	557
menagerie	557
zoomed	557
teamsters	557
brinkmann	557
thrombin	557
laminar	557
forked	557
apprehensive	557
cowards	557
camber	557
colliery	557
incubators	557
sweeties	557
landfall	557
intramurals	557
borderless	557
captors	557
laity	557
hyperlinked	557
birkenhead	557
prefixed	557
purposefully	557
gutted	557
arming	557
amassed	557
itinerant	557
freeways	557
multithreaded	557
newlyweds	557
hales	557
rutter	557
vitreous	557
countable	557
dolomite	557
felons	557
salvaged	557
afterglow	557
dormitories	557
millwork	557
takedown	557
colostrum	557
dearth	557
palatable	557
unmasked	557
homies	557
tarmac	557
conservator	557
pipettes	557
artefact	557
expository	557
instinctive	557
restlessness	556
netmask	556
stalling	556
aliso	556
burlesque	556
oldman	556
regaining	556
goldfields	556
rickey	556
perversion	556
swells	556
bisexuales	556
beefy	556
skits	556
shenyang	556
acquaint	556
kootenay	556
ethnology	556
childers	556
havelock	556
lengthening	556
tajik	556
codemasters	556
romulus	556
charade	556
bobbin	556
rugrats	556
dancewear	556
mechanized	556
mayes	556
canmore	556
reassigned	556
doings	556
bursa	556
financiers	556
foolishness	556
realvideo	556
lites	556
centrifugation	556
welds	556
unequivocal	556
coptic	556
securityfocus	556
conglomerates	556
dehumidifiers	556
dumper	556
hamill	556
arriba	556
spiny	556
dropkick	556
silken	556
elastomer	556
wahoo	556
anagram	556
fogdog	556
stringing	556
newsworthy	556
sensitization	556
hyperactive	556
thrusting	556
antenatal	556
pavilions	556
pluggable	556
hemophilia	556
revitalizing	556
clung	556
seepage	556
wooten	556
nonviolence	556
baume	556
ashdown	556
purports	556
mondial	556
brushless	556
technicolor	556
needlessly	556
barenaked	556
pandagon	556
rehabilitated	556
squatting	556
cordially	556
outdoorliving	556
expendable	556
ponca	556
succumbed	556
soulmate	556
poppers	556
allposters	556
superstitions	556
datebook	556
rapists	556
spangled	556
seabed	556
complicating	556
texturing	556
correspondences	556
rectory	556
latour	556
multum	556
headboards	556
palomino	556
diptera	556
pomeranian	556
iliad	556
graze	556
looped	556
cordis	556
erythrocyte	556
unobtrusive	556
myelin	556
fragility	556
drucken	556
invoiced	556
hangul	556
currant	556
montauk	556
modulators	556
irvington	556
brownian	556
mousepads	556
archivists	556
underlies	556
intricacies	556
herringbone	556
afoot	556
oddity	556
juanes	556
moorcock	556
cornered	556
eyeliner	556
totalled	556
auspicious	556
splashing	556
aphids	556
hotly	556
cutthroat	556
coincidental	556
lepidoptera	556
puffed	556
disapproved	556
interlaced	556
vaseline	556
bluewater	556
strontium	556
presumptive	556
burdick	556
crustal	556
hackman	556
comprehensible	556
albicans	556
seduces	556
tempore	556
fallacies	556
theodor	556
unambiguously	556
cutbacks	556
sawdust	556
ariana	556
metaphorical	556
leaped	556
alertness	556
embers	556
assemblages	556
anubis	556
peseta	556
searchlight	556
winsock	556
moldings	556
trackmania	556
ballets	556
spaceflight	556
proportionality	556
quicklist	556
overruns	556
stave	556
sordid	556
mentorship	556
snowing	556
tained	556
videotaped	556
regnow	556
bleeds	556
jukeboxes	556
citywire	556
canaries	556
semblance	556
shins	556
pneumococcal	556
tilton	556
brookstone	556
avenge	556
alleviating	556
punts	556
yarrow	556
fickle	556
meatloaf	556
outnumbered	556
mumford	556
datafile	556
objectclass	556
polices	556
cursus	556
dogging	556
lukewarm	556
rotunda	556
asymptotically	556
observances	556
wonderwall	556
crick	556
enveloped	556
faintly	556
instabilities	556
indiscriminate	556
thalia	556
alphonse	556
reforestation	556
paradoxically	556
inductors	556
gatorade	556
wacker	556
chairpersons	556
materialized	556
accolade	556
memorized	556
interpretative	556
eyeballs	556
roping	556
barricades	556
devoting	556
oxymoron	556
maryann	556
pentagram	556
idolatry	556
infusions	556
decked	556
choppy	556
servic	556
introspective	556
bahamian	556
aggravation	556
sedge	556
stipends	556
caerphilly	556
pinching	556
riboflavin	556
ubiquity	556
vandal	556
pretenders	556
romper	556
infidels	556
dweller	556
bitumen	556
diabolic	556
demonstrable	556
priestess	556
postpost	556
rummy	556
nimrod	556
pinscher	556
constructively	556
irritate	556
spliced	556
repeatability	556
trekearth	556
gunning	556
beards	556
churchyard	556
tadpole	556
canter	556
despicable	556
reminiscences	556
storytime	556
berserk	556
wellman	556
cardiologist	556
jammin	556
fellatio	556
stoop	556
breadcrumbs	556
remaster	556
curvy	556
envisage	556
basements	556
sharpton	556
crucially	556
facile	556
christiana	556
soundgarden	556
carrara	556
coerced	556
billets	556
environmentalist	556
sneeze	556
dignitaries	556
mistreatment	556
shona	556
somber	556
previousprevious	556
infective	556
shards	556
acadian	556
overgrown	556
phonetics	556
advices	556
coffers	556
frameset	556
carboxylic	556
sikhs	556
traceback	556
waterbody	556
jeeps	556
gilmer	556
internat	556
bessemer	556
rages	556
iceman	556
clumps	556
pegged	556
tithe	556
liberator	556
rediscover	556
subordination	556
lovecraft	556
wavefront	556
fictions	556
deposed	556
meningococcal	556
ketone	556
glazer	556
geodesic	556
trending	556
disinterested	556
forsake	556
congruence	556
conspirators	556
unresponsive	556
baboon	556
swamped	556
ensues	556
omani	556
tenuous	556
surfactants	556
epicenter	556
santas	556
elated	555
phenomenological	555
debriefing	555
buttered	555
lentil	555
albedo	555
backer	555
danner	555
angora	555
redstone	555
stuffy	555
cocky	555
pitchfork	555
depress	555
mohegan	555
eccentricity	555
beano	555
interconnections	555
toiletry	555
transgression	555
idealized	555
clings	555
flamboyant	555
memoria	555
exchangeable	555
stretchy	555
starburst	555
neurologist	555
leonards	555
kitties	555
clergyman	555
dottie	555
sociales	555
scape	555
homicides	555
travelpro	555
pledging	555
dependants	555
bottomline	555
neuropsychological	555
partisans	555
puddings	555
genitalia	555
mausoleum	555
idler	555
waiving	555
swirls	555
dampers	555
dawned	555
generale	555
extrapolated	555
chaining	555
carelessly	555
defected	555
seidel	555
kenseth	555
holocene	555
narcissus	555
superconductors	555
polygram	555
distillate	555
unweighted	555
skimming	555
bentonville	555
stomachs	555
bayard	555
escalator	555
periwinkle	555
namesake	555
outfile	555
choreographed	555
slaps	555
gravesend	555
lovemaking	555
farrow	555
annulment	555
tubbs	555
gratuity	555
bartow	555
tonbridge	555
reorganize	555
spate	555
foothold	555
belladonna	555
sobering	555
semis	555
suppressors	555
leachate	555
dingle	555
usted	555
madge	555
gleam	555
hydroponic	555
hoyer	555
recalculate	555
maltreatment	555
hitchin	555
fontsize	555
relaxes	555
supposition	555
halos	555
webcomics	555
dioceses	555
sprinkling	555
besieged	555
malaise	555
draperies	555
postdoc	555
biceps	555
hydrant	555
darrow	555
hamstring	555
tinderbox	555
ganguly	555
streetwise	555
imprinting	555
gnuplot	555
rococo	555
nucleation	555
brabant	555
superlative	555
presser	555
tetrahedron	555
materialize	555
homeworld	555
foodborne	555
fondness	555
chamois	555
merchandiser	555
eastleigh	555
blacklisted	555
freetext	555
multiplicative	555
metis	555
urethra	555
retroactively	555
seared	555
tinged	555
kilos	555
professorship	555
scran	555
leeward	555
mercator	555
fruitless	555
tamer	555
lyricist	555
macromolecules	555
fungicides	555
amines	555
ticklish	555
karcher	555
freetown	555
alienate	555
beneficially	555
tugrik	555
monotype	555
pigmented	555
ridership	555
athenaeum	555
faking	555
kenobi	555
displeasure	555
endoplasmic	555
connoisseurs	555
geraldton	555
mutilated	555
metlife	555
usefully	555
follicles	555
instituting	555
stimulators	555
moyen	555
threefold	555
conflicted	555
retirements	555
sixers	555
innocently	555
deepened	555
creat	555
brainwashed	555
gridlock	555
integrable	555
regarder	555
chalkboard	555
unranked	555
anaemia	555
trice	555
pretense	555
jungles	555
permian	555
bartley	555
unaffiliated	555
imitating	555
starbuck	555
infractions	555
shreds	555
backdrops	555
turkmen	555
sowell	555
globulin	555
petitioned	555
violator	555
boxcar	555
aviso	555
pounder	555
vieira	555
kronor	555
archway	555
tocopherol	555
intercepts	555
tirelessly	555
adsorbed	555
penta	555
reiterates	555
oversaw	555
loudest	555
arraylist	555
ultimatum	555
eyeshadow	555
shuffled	555
pushbutton	555
shelling	555
visita	555
pilar	555
observant	555
unhappiness	555
cinder	555
viaduct	555
elastomers	555
laurels	555
evenflo	555
methodical	555
secularism	555
engulfed	555
bequests	555
cellspacing	555
trekker	555
monotonous	555
glyphs	555
pakistanis	555
neuroblastoma	555
thorp	555
seeley	555
glandular	555
aligns	555
rejuvenate	555
northants	555
operatic	555
malevolent	555
lessened	555
stile	555
reciting	555
wintasks	555
xenia	555
nadir	555
recoup	555
franchised	555
relocatable	555
naught	555
warhead	555
backfill	555
fascists	555
kedar	555
adjacency	555
antagonism	555
prisms	555
debby	555
mancha	555
cellpadding	555
coinage	555
endgame	555
streamlight	555
unproductive	555
thomann	555
banqueting	555
totten	555
curbside	555
planer	555
hermaphrodite	555
gavel	555
bassinets	555
footjoy	555
nefarious	555
fairtrade	555
defray	555
stoppage	555
berkowitz	555
inputting	555
dimming	555
endangering	555
indiatimes	555
zealots	555
weighty	555
landmine	555
subsided	555
boracay	555
sahib	555
notifier	555
gasping	555
valerian	555
idiocy	555
frenzied	555
postulate	555
enrollee	555
authenticating	555
wheatland	555
revisor	555
profs	555
trespassing	555
foams	555
orbitals	555
hammerhead	555
pendent	555
quickfind	555
edifice	555
facia	555
vermin	555
stalemate	555
loosening	555
incurs	555
feist	555
dialectic	555
netzero	555
rationalization	555
brokering	555
viewport	555
tantalizing	555
grammer	555
rhinoceros	555
adjutant	555
malignancies	555
spitz	555
sickening	555
nostradamus	555
splat	555
pondered	555
gallium	555
mannered	555
dorada	555
snows	555
steeper	555
depriving	555
bodycare	555
jobsearch	555
stalwart	555
sharia	555
topiary	555
camsex	554
buttery	554
deformity	554
cronies	554
extendable	554
kimber	554
optometrist	554
undervalued	554
bogey	554
pipette	554
invalidity	554
coveralls	554
soundly	554
wicking	554
umatilla	554
pinkerton	554
austral	554
canvases	554
applauds	554
weakens	554
interferometer	554
barbican	554
paulus	554
criminally	554
lariat	554
leyton	554
cartoonists	554
appellees	554
indira	554
redraw	554
mahesh	554
pursuance	554
scapegoat	554
faceless	554
moyers	554
aftershock	554
spiro	554
whiteboards	554
strategists	554
hydrotherapy	554
marionette	554
anathema	554
islay	554
nitty	554
quintile	554
freightliner	554
dehumidifier	554
industrials	554
bouncers	554
transfered	554
mages	554
roseanne	554
trifle	554
trigraphs	554
forefathers	554
browsable	554
workhorse	554
iterated	554
pooping	554
eradicated	554
preferentially	554
fraternities	554
diuretic	554
castell	554
zimbabwean	554
unexpired	554
everyones	554
shaikh	554
youngblood	554
refractor	554
bouldering	554
flemington	554
dysphagia	554
inadmissible	554
redesigning	554
milken	554
zooplankton	554
philatelic	554
berths	554
innocuous	554
heroines	554
parkview	554
retake	554
unpacked	554
wallmounting	554
marengo	554
gonzalo	554
quiche	554
resales	554
clenched	554
maduro	554
fairplay	554
groupes	554
evaporate	554
transcriber	554
midwinter	554
notarized	554
neocons	554
undoing	554
vying	554
communes	554
morehouse	554
cassava	554
bedspreads	554
pooch	554
gripper	554
disappointments	554
glace	554
negated	554
javabeans	554
musicianship	554
purview	554
devoured	554
overpass	554
inwardly	554
berners	554
goaltender	554
speedometer	554
adeline	554
smothered	554
carteret	554
fatwa	554
eulogy	554
bottomed	554
superscript	554
rwandan	554
proteinase	554
coolermaster	554
pernicious	554
haircuts	554
crewneck	554
discriminant	554
bayfield	554
babbitt	554
reims	554
scrimmage	554
multiplexers	554
stade	554
privates	554
whims	554
carnivore	554
knowledgealert	554
egalitarian	554
pombe	554
yamato	554
jenson	554
mortgagee	554
skirmish	554
middlefield	554
caplan	554
anyplace	554
sternberg	554
ventilating	554
retreating	554
shopsafe	554
mohave	554
nonsensical	554
gallows	554
rheumatism	554
devotee	554
cowardice	554
fabled	554
mingus	554
trichy	554
microform	554
fangs	554
animosity	554
dosimetry	554
smelter	554
dynamism	554
fileattachment	554
rabat	554
wiles	554
ensue	554
manmade	554
somaliland	554
hashtable	554
conto	554
sagging	554
chemin	554
statics	554
crumbled	554
killian	554
rucksack	554
sybil	554
powerware	554
cupcake	554
pekin	554
hopelessness	554
errand	554
yeoman	554
polycystic	554
titts	554
krzysztof	554
slimy	554
raggedy	554
coerce	554
payloads	554
overhang	554
wedgewood	554
stunningly	554
sobbing	554
muslin	554
hugger	554
deliberative	554
champloo	554
tattooing	554
shekels	554
billerica	554
talley	554
estoppel	554
emigrant	554
supercool	554
contaminate	554
sailormoon	554
bassinet	554
taillights	554
visionaries	554
thorny	554
hibernation	554
ponders	554
innkeepers	554
epistles	554
aromatics	554
interplanetary	554
landcare	554
discontinuing	554
trampled	554
sealers	554
hullabaloo	554
interbank	554
erratum	554
sandwell	554
anthracite	554
earbud	554
coastlines	554
meditating	554
echolist	554
trunking	554
patchouli	554
inequities	554
testes	554
defaulting	554
merciless	554
borer	554
originators	554
censoring	554
oriole	554
clump	554
reusing	554
mensa	554
shiner	554
rhesus	554
streptomyces	554
transcribe	554
datagrams	554
invalidated	554
shenanigans	554
atrocity	554
elinor	554
sandford	554
proportionally	554
untrained	554
thrusts	554
travelguide	554
championed	554
billable	554
tiresome	554
splashed	554
givers	554
antonyms	554
cockroaches	554
testcase	554
faraway	554
underwritten	554
tarps	554
sociologists	554
ingest	554
gazebos	554
moccasins	554
sirloin	554
parthenon	554
abounds	554
bitdefender	554
salutes	554
collided	554
tilde	554
potash	554
boarders	554
lapping	554
dataport	554
chivalry	554
rangeland	554
commonality	554
regrettably	554
yahoogroups	554
playbook	554
frustrate	554
jetblue	554
exhibitionists	554
sideboard	554
copland	554
poaching	554
cheapflights	554
muffled	554
inlays	554
lockets	554
foiled	554
guyanese	554
laryngeal	554
outfielder	554
nonattainment	554
softimage	554
flocked	554
slapstick	554
connaught	554
dialers	554
subculture	554
modded	554
skids	554
roselle	554
tether	554
hyperbole	554
marathons	554
skeet	554
toucan	554
masterclass	554
borghese	554
oxidizing	554
kennebec	554
intergalactic	554
brahman	554
powweb	554
phosphorous	554
pulsing	554
photocopiers	554
obligor	554
matcher	554
heralds	554
sterility	554
lessors	554
dynasties	554
prowl	554
karats	554
luminaries	554
bridger	554
amiable	554
fairport	554
piecewise	554
sittings	554
undulating	554
recharging	554
thatched	554
intermedia	554
unionville	554
urinal	554
grosso	554
sobaka	554
payphone	554
rockfish	554
duodenal	554
uninstalled	554
irrevocably	554
longterm	554
bunyan	554
taber	554
screenplays	554
shiites	554
farcry	554
hinders	554
tubers	554
lactobacillus	554
uniontown	554
cloner	554
unrelenting	554
hoyas	554
neuropsychology	554
expeditiously	554
antiquated	554
jerked	553
sputtering	553
femininity	553
opulent	553
deferment	553
dimly	553
portlets	553
coconuts	553
confuses	553
executors	553
westmont	553
waders	553
squall	553
homehome	553
frogger	553
nothingness	553
hellfire	553
havering	553
montfort	553
chokes	553
antagonistic	553
cinque	553
bowery	553
immovable	553
caterpillars	553
outlier	553
neverending	553
consigned	553
masson	553
rhein	553
fervor	553
hillsong	553
camshaft	553
milburn	553
scooped	553
bijou	553
innervation	553
reefer	553
exerts	553
techspot	553
hibernia	553
constraining	553
idling	553
fuser	553
lepton	553
cursory	553
razer	553
netscreen	553
dissipate	553
batsman	553
hymen	553
wavelets	553
barnhart	553
desorption	553
refuted	553
bellflower	553
ionian	553
watertight	553
stevia	553
americanism	553
photocopier	553
pessimism	553
penises	553
vehemently	553
buynow	553
prolab	553
velvety	553
backordered	553
mononuclear	553
wheezing	553
greenlee	553
conferees	553
ternary	553
footballer	553
sisyphus	553
foolproof	553
chastain	553
lakshmi	553
teeming	553
paradoxes	553
someones	553
foolishly	553
brower	553
inanimate	553
panting	553
depositor	553
comers	553
redenvelope	553
defensively	553
romaine	553
peckham	553
forgo	553
tacks	553
hellraiser	553
lithographs	553
effusion	553
educates	553
lunacy	553
signers	553
netbackup	553
dimensionality	553
loathe	553
eyepieces	553
earbuds	553
makeovers	553
unprocessed	553
notoriety	553
monson	553
hydroxyl	553
showered	553
interacted	553
polishes	553
brats	553
huddle	553
numismatic	553
avoidable	553
adenoma	553
powercolor	553
flammability	553
truancy	553
taxicab	553
channelweb	553
confounded	553
flatiron	553
midlife	553
coughs	553
unavailability	553
rooter	553
wanaka	553
widener	553
pretends	553
websense	553
residencies	553
faery	553
eloise	553
cablevision	553
disrupts	553
onetime	553
gating	553
widens	553
omnipotent	553
deflated	553
infestations	553
poise	553
antipsychotic	553
zeeland	553
ringed	553
slaughterhouse	553
bagging	553
huddled	553
unsteady	553
brainwashing	553
duchy	553
disconnecting	553
malacca	553
wilmer	553
carrion	553
summarily	553
sphincter	553
orgys	553
infill	553
fairhaven	553
ejaculations	553
leopards	553
etude	553
stereotyping	553
rearranging	553
geographies	553
programmatically	553
sanctified	553
handicapper	553
plantar	553
ogaming	553
excitedly	553
quarrying	553
approachable	553
braced	553
sweetener	553
braised	553
gaunt	553
nourished	553
spigot	553
skilling	553
hunterdon	553
nailer	553
cornstarch	553
coupes	553
effie	553
daffodils	553
boden	553
chloroplast	553
pollute	553
charing	553
kansai	553
buzzword	553
nepad	553
pistachio	553
riverbank	553
lilypond	553
predominately	553
metalware	553
lancs	553
pretzel	553
warping	553
connotations	553
yardstick	553
supernatant	553
segmental	553
multitudes	553
imperium	553
radley	553
supercharger	553
imagen	553
thicknesses	553
sprouting	553
vestibular	553
witten	553
deceleration	553
summoning	553
consignee	553
aldehyde	553
pronged	553
baring	553
jacked	553
annabel	553
tartar	553
brownish	553
centerfolds	553
cropland	553
nazism	553
operationally	553
testicle	553
rejoin	553
rosettes	553
pinter	553
stratigraphic	553
snipers	553
placerville	553
ridgecrest	553
gosport	553
rubrics	553
volition	553
cooperated	553
crawls	553
suave	553
riddance	553
greaves	553
lottie	553
smudge	553
tulle	553
gabby	553
helplessness	553
dumbbells	553
circumstantial	553
ironwood	553
adiabatic	553
naturalism	553
sabian	553
saxton	553
patties	553
videochat	553
cantwell	553
accelerometer	553
galloping	553
indestructible	553
principality	553
bedava	553
penobscot	553
micky	553
johnathan	553
gambier	553
indulging	553
darrel	553
allusion	553
diaryland	553
samaria	553
smeared	553
quadrature	553
summerland	553
liqueurs	553
dentry	553
catskills	553
tablecloths	553
herder	553
cinematical	553
outfall	553
winifred	553
parasol	553
interchangeably	553
concurs	553
deformations	553
farting	553
nonspecific	553
atopic	553
coloration	553
harker	553
culling	553
stingy	553
zealot	553
succinctly	553
sisley	553
devotes	553
turmeric	553
carnelian	553
dorman	553
abstracting	553
snares	553
parietal	553
underpants	553
appleseed	553
mandating	553
prequalification	553
macross	553
bidet	553
illegible	553
recreating	553
didst	553
mortars	553
ductile	553
dimensionless	553
curiosities	553
carex	553
wither	553
contractually	553
kippur	553
courtyards	553
fibroids	553
flattening	553
sterilized	553
insulate	553
cobblestone	552
showplace	552
stockpiles	552
seamed	552
colonoscopy	552
meteorologist	552
calmed	552
flattered	552
babbling	552
alkaloids	552
centrality	552
pisses	552
campaigned	552
admirably	552
vipers	552
twinning	552
taster	552
greenlight	552
nightfall	552
sourdough	552
warrantless	552
croat	552
arbors	552
canwest	552
ashtrays	552
punters	552
dropper	552
sarkar	552
manos	552
loyalists	552
surinam	552
xenophobia	552
sheltering	552
krypton	552
kittie	552
lipman	552
chucky	552
webdev	552
doubleclick	552
bushman	552
forego	552
woodwinds	552
blockquote	552
motorways	552
edelweiss	552
humidor	552
vacationing	552
irreparable	552
immunities	552
naturalizer	552
broiled	552
superstitious	552
techassist	552
tangy	552
evangelists	552
insides	552
sedative	552
bogdan	552
farina	552
tricity	552
cutaway	552
defraud	552
toothed	552
transferor	552
bygone	552
cliches	552
indycar	552
onetouch	552
wilds	552
intercession	552
smartbargains	552
lettered	552
mirada	552
sackville	552
hotlines	552
hazelton	552
reaffirms	552
apricots	552
darkening	552
golds	552
depressions	552
corante	552
recipesource	552
ranching	552
toasting	552
toothpick	552
volser	552
exhale	552
westcoast	552
forwarders	552
likable	552
ashburton	552
shoestring	552
brads	552
whirling	552
winsite	552
altars	552
doghouse	552
displaytime	552
abolishing	552
grebe	552
standup	552
playgirl	552
flexion	552
recesses	552
kinsman	552
geomagnetic	552
blobs	552
footers	552
reiss	552
lewistown	552
droppings	552
designator	552
causative	552
woolrich	552
payed	552
loveseat	552
overworked	552
handedly	552
uncontested	552
cecile	552
cardiologists	552
mutable	552
militarily	552
delicacies	552
inflating	552
barometric	552
assertequals	552
gladwell	552
regrowth	552
lampwork	552
banca	552
doughnut	552
scorching	552
cribbage	552
rondo	552
coffins	552
typescript	552
cashed	552
ushers	552
danielson	552
jewry	552
barfly	552
vegetarianism	552
extractors	552
dictaphone	552
copperfield	552
callsign	552
chapelle	552
envisions	552
flexibly	552
natwest	552
wilsons	552
whoop	552
reposition	552
cacao	552
hobbyists	552
fleshbot	552
obsoletes	552
webcasting	552
soggy	552
ecologist	552
ararat	552
narrowband	552
webstore	552
reinstalling	552
gendered	552
relateddiagram	552
annoys	552
rackets	552
litigants	552
shimon	552
ducted	552
crisps	552
modelle	552
wristwatches	552
heiress	552
identifications	552
dressy	552
authenticator	552
depositories	552
godhead	552
setpoint	552
canvassing	552
rockdale	552
ballmer	552
portia	552
shyness	552
hemphill	552
pickers	552
angelus	552
subjecting	552
mappoint	552
unsightly	552
digitallife	552
forecasters	552
linoleum	552
shearling	552
frayed	552
criminality	552
firstcall	552
culverts	552
woolen	552
cuticle	552
codebase	552
levelling	552
pimples	552
shorted	552
spunky	552
readies	552
shrapnel	552
arthurian	552
deuterium	552
litany	552
fairest	552
totalitarianism	552
trigonometric	552
popcap	552
nutter	552
bristles	552
verbosity	552
larder	552
syncing	552
ganges	552
vanden	552
beret	552
fallbrook	552
audiovideo	552
longshot	552
rollaway	552
machen	552
nonstandard	552
laundries	552
truthfulness	552
atrocious	552
obelisk	552
valeria	552
claret	552
redbook	552
rangel	552
consecration	552
consolidates	552
disaggregated	552
chromatographic	552
forbearance	552
supersport	552
golly	552
flumotion	552
seagrass	552
congratulates	552
reinstalled	552
plastered	552
airplus	552
phospholipids	552
shahid	552
opendocument	552
apostrophe	552
wakeman	552
wobbly	552
stepmother	552
megawatts	552
denning	552
lapland	552
temas	552
illuminator	552
symbolically	552
randle	552
unsubstantiated	552
centroid	552
monogrammed	552
gambian	552
colville	552
jesuits	552
voluminous	552
mottled	552
soccernet	552
downunder	552
snips	552
lockup	552
tosses	552
cholinergic	552
manifesting	552
babymint	552
estella	552
benning	552
implantable	552
haddad	552
motorcross	552
sangha	552
publics	552
normandie	552
resiliency	552
scrip	552
disinfectants	552
dreamtime	552
berkshires	552
inhumane	552
rocher	552
inadequately	552
arabella	552
unlocks	552
panicked	552
matti	552
developerworks	552
throng	552
flemming	552
smartcard	552
crump	552
paramus	552
randomization	552
rinsing	552
reschedule	552
abandons	552
shunned	552
resold	552
phosphor	552
wipeout	552
appetites	552
unscented	552
roosters	552
homologues	552
loring	552
ionosphere	552
airworthiness	552
devsource	552
turnip	552
juxtaposition	552
marci	552
willey	552
crushes	552
foreshore	552
carnivorous	552
berber	552
gusset	552
mince	552
banish	552
metalwork	552
flapping	552
refering	552
punting	552
frets	552
schism	552
wellstone	552
sculptured	552
tidbit	552
allyson	552
jemima	552
impoundment	552
interrelationships	552
coffeecup	552
heretics	552
dogged	552
dogtown	552
apparition	552
barristers	552
fluor	552
inoperable	552
scrutinized	552
earthworks	552
thrashing	552
salome	552
cyclonic	552
unsubscribing	552
pinyin	552
thumping	552
ramone	552
treeview	551
wonderswan	551
eugenics	551
dustjacket	551
quenching	551
hunch	551
amaryllis	551
sandpaper	551
messes	551
perdition	551
interscope	551
wintering	551
topple	551
hardiness	551
chickasaw	551
johnsons	551
pungent	551
discontinuance	551
carbonated	551
waives	551
wraparound	551
headliner	551
unbridled	551
bustin	551
superposition	551
supremes	551
astrologer	551
laney	551
antigenic	551
dietetics	551
assembles	551
benzo	551
chairwoman	551
petrochemicals	551
nettime	551
techies	551
canvass	551
radish	551
manifestly	551
checkmate	551
starlets	551
emphatic	551
tabula	551
outgrowth	551
homeward	551
withered	551
sandstorm	551
taoist	551
nameplate	551
baiting	551
surrendering	551
mothering	551
chrysanthemum	551
reconstructions	551
sunspot	551
fluorine	551
retype	551
fortification	551
mingo	551
spurt	551
elation	551
creationist	551
artistically	551
setlist	551
scrollbars	551
cowbell	551
rater	551
everson	551
epileptic	551
feller	551
earpiece	551
gearlog	551
tranche	551
enmity	551
sanctum	551
mazes	551
unconstrained	551
datadirect	551
redfern	551
souter	551
pagesize	551
osteopathy	551
cated	551
materialistic	551
rooftops	551
findpage	551
discourages	551
boater	551
congresswoman	551
fieldhouse	551
eucharistic	551
homeware	551
oncoming	551
racked	551
knockoffs	551
cloister	551
hygienist	551
dartmoor	551
rowlett	551
stapled	551
gardenweb	551
butternut	551
fancied	551
spoilt	551
predisposed	551
hydrochloric	551
filippo	551
hainan	551
logoff	551
cockroach	551
computable	551
strode	551
playgroup	551
marchand	551
tintin	551
disorganized	551
webposition	551
crafter	551
disassemble	551
littoral	551
anise	551
grainy	551
hospitalizations	551
aggressor	551
giggled	551
cityreview	551
pepperoni	551
walkabout	551
boathouse	551
consummation	551
namecite	551
fronting	551
refreshingly	551
sculptural	551
neurophysiology	551
annexure	551
unfaithful	551
outflows	551
executioner	551
asthmatic	551
guillemot	551
realizations	551
linguistically	551
reconstitution	551
amateurwebcam	551
lumberton	551
interviewee	551
titular	551
swears	551
diminutive	551
transcendence	551
surah	551
statisticians	551
swatches	551
perioperative	551
maoist	551
trapeze	551
lemmings	551
extents	551
spams	551
sunbird	551
cellophane	551
paring	551
deland	551
damning	551
cardholders	551
matrimony	551
humbug	551
rolfe	551
signalled	551
cuttack	551
provantage	551
granulated	551
bulldozer	551
ailment	551
homely	551
subprime	551
overpayments	551
sharpie	551
modutils	551
whitehaven	551
perpetuity	551
stepfather	551
currier	551
taproot	551
topsite	551
disprove	551
urbanism	551
colloquia	551
dinero	551
incurable	551
capillaries	551
dixit	551
mountainside	551
shoving	551
furnishes	551
menthol	551
blackouts	551
starkey	551
dragonflies	551
montrail	551
findfont	551
anointing	551
soundblaster	551
corinna	551
inescapable	551
swabs	551
strictest	551
domiciled	551
audiofile	551
eclipses	551
misdemeanors	551
redgoldfish	551
cornbread	551
appendixes	551
supremely	551
crestview	551
keynotes	551
subnets	551
hastened	551
perpetuating	551
froggy	551
elfman	551
throughs	551
bagpipe	551
terns	551
prostrate	551
excitatory	551
provisionally	551
cocked	551
dribble	551
raged	551
hardwired	551
hosta	551
seeger	551
ringgold	551
interconnecting	551
inkjets	551
singularly	551
underpinnings	551
gobble	551
preposterous	551
lazar	551
laxatives	551
mythos	551
soname	551
colloid	551
hiked	551
symbolized	551
breech	551
ripening	551
oxidant	551
pyramidal	551
umbra	551
poppin	551
choruses	551
trebuchet	551
pyrite	551
drunks	551
submitters	551
branes	551
mahdi	551
obstructing	551
hotkey	551
kidder	551
phosphoric	551
parkville	551
crediting	551
parquet	551
reparation	551
amply	551
creationists	551
damask	551
batted	551
scrapers	551
rejoined	551
hovercraft	551
nighthawk	551
urologic	551
impotent	551
chaka	551
spits	551
emotive	551
papacy	551
broadbent	551
curmudgeon	551
freshener	551
stateline	551
thimble	551
racists	551
lacquered	551
ablaze	551
assassinations	551
gramophone	551
spotty	551
simmering	551
nettie	551
grasshoppers	551
weiser	551
crawlers	551
senatorial	551
thawed	551
unexplored	551
characterizations	551
transpired	551
dietitians	551
dotgnu	551
vilas	551
beechwood	551
undeliverable	551
epistemological	551
infiltrated	551
fortifications	551
intergraph	551
cloaking	551
unannounced	551
deactivation	551
dichroic	551
loafer	551
skydive	551
gratings	551
retinol	551
insurmountable	551
printables	551
countervailing	551
fairing	551
sexvilla	551
invisibility	551
haystack	551
hardcor	551
swisher	551
synthesizing	551
superdome	551
wilsonville	551
hotspur	551
phare	551
nightstand	551
confining	551
loony	551
infringes	551
bookbag	551
louvain	551
loyalties	551
etchings	551
reversals	551
slipcovers	551
impenetrable	551
collate	551
encapsulate	550
kabel	550
gymnastic	550
screeners	550
triglyceride	550
undistributed	550
duped	550
stifling	550
ratepayers	550
vindicated	550
mathers	550
invades	550
rumps	550
sexscam	550
dipper	550
luminescent	550
percolation	550
talkers	550
sockeye	550
exemplify	550
webwatch	550
attractor	550
inane	550
confort	550
byways	550
becket	550
smartmoney	550
recliners	550
justus	550
headhunters	550
bluntly	550
retransmitted	550
easyjet	550
assayed	550
ribble	550
weblink	550
mermaids	550
contemplates	550
inglis	550
corky	550
defensible	550
derail	550
midgard	550
gameshark	550
spinster	550
goblets	550
touting	550
interrogated	550
microgaming	550
crappie	550
birthstones	550
yolks	550
clonal	550
installationparts	550
anticancer	550
overlapped	550
kidkraft	550
modulating	550
spook	550
marianas	550
noninvasive	550
bicyclists	550
amped	550
geometrically	550
outweighs	550
tarnished	550
alessi	550
smartdeals	550
diorama	550
deducting	550
caretakers	550
amazes	550
undamaged	550
snoqualmie	550
brimming	550
consolidator	550
ridiculed	550
snags	550
netfirms	550
thomason	550
prater	550
olden	550
techtalk	550
cyclotron	550
herne	550
grommets	550
unending	550
enders	550
discontinuities	550
gripes	550
tatar	550
headquarter	550
previewing	550
buzzflash	550
tomball	550
spiffy	550
subscripts	550
acker	550
nuanced	550
abominable	550
rattled	550
farmhouses	550
diamondmax	550
tambourine	550
roughing	550
tramway	550
coinsurance	550
startime	550
slayers	550
venomous	550
faceoff	550
impressively	550
baselines	550
addressable	550
reapply	550
patriarchy	550
inextricably	550
tapering	550
roasters	550
homelands	550
aleutian	550
dampen	550
cashman	550
luminescence	550
snowmen	550
landscapers	550
llano	550
interdepartmental	550
unjustly	550
neutered	550
sinbad	550
masterworks	550
rhizome	550
leprechaun	550
fokker	550
unknowingly	550
rehearse	550
apertures	550
seducing	550
rader	550
screeching	550
reedy	550
ceded	550
reformulated	550
imbued	550
consid	550
bangin	550
happend	550
amide	550
putfile	550
netview	550
dupree	550
fearsome	550
psychometric	550
bureaux	550
likeable	550
sleds	550
christendom	550
expressionism	550
postcodes	550
biographer	550
wreak	550
tarragona	550
penultimate	550
planta	550
qatari	550
leotard	550
constructivist	550
bridegroom	550
underpinned	550
catchments	550
sologirl	550
swarming	550
threadless	550
accomplice	550
chuckles	550
espys	550
brookville	550
bondaged	550
straightener	550
capra	550
shakti	550
looper	550
morphogenesis	550
sidelined	550
freecams	550
extendedstay	550
irregularity	550
immigrated	550
grayling	550
bloat	550
impeded	550
gravestone	550
pompous	550
backwater	550
kiwis	550
monomers	550
subvert	550
summative	550
seder	550
muscled	550
instrumentality	550
insomniac	550
webservice	550
videoclips	550
cowichan	550
duckworth	550
barnaby	550
detonated	550
addie	550
electrophysiology	550
antwort	550
impassioned	550
decrement	550
productively	550
thumbsucker	550
reimer	550
desperado	550
buildrequires	550
solidify	550
callas	550
takings	550
sittin	550
triplex	550
handpicked	550
flavoring	550
ruminations	550
exteriors	550
mouton	550
contagion	550
conformant	550
archimedes	550
cameos	550
casings	550
abutting	550
desecration	550
equalizers	550
venturer	550
lackluster	550
powerpack	550
masterprint	550
gunmetal	550
juniata	550
bolstered	550
pocketbook	550
townes	550
inverting	550
misinterpreted	550
tinley	550
garlands	550
sparkly	550
automaker	550
sputum	550
ornithology	550
mongol	550
audacious	550
icecast	550
peeler	550
degrades	550
forefoot	550
protestantism	550
calibrating	550
willys	550
soreness	550
speakerstands	550
cedarville	550
boldness	550
repeals	550
entrapment	550
advection	550
surya	550
yazoo	550
cramping	550
screenwriters	550
perturbative	550
ducting	550
configs	550
oakhurst	550
chagall	550
chopsticks	550
ophthalmologists	550
adjudicator	550
fantom	550
hooligans	550
cassius	550
alpacas	550
powdery	550
trigun	550
sigmod	550
exportation	550
diverge	550
curley	550
loosened	550
warfield	550
officeteam	550
uncharted	550
radian	550
incidences	550
misunderstand	550
genotyping	550
virility	550
juried	550
geyser	550
inalienable	550
kylix	550
soundworks	550
recordset	550
ungaro	550
snowbird	550
norden	550
contin	550
untamed	550
visualizations	550
painstakingly	550
annabelle	550
nightshade	550
rosemount	550
meddling	550
objecting	550
shoddy	550
gunbound	550
deceptively	550
janeway	550
freelander	550
confrontations	550
stoneham	550
callie	550
salutation	550
heartbeats	550
altercation	550
trustworthiness	550
octagonal	550
pillowcase	550
mended	550
assed	550
herve	550
navigators	550
notches	550
unleashing	550
crystallographic	550
abject	550
lymphomas	549
morden	549
gratuities	549
regenerating	549
heretical	549
allexperts	549
hydroxycut	549
riveted	549
colson	549
histologic	549
quiescent	549
strangeness	549
telework	549
rideau	549
tincture	549
proliferative	549
kismet	549
takeovers	549
erecting	549
sizemore	549
drafter	549
conga	549
tinysofa	549
tenderer	549
deejay	549
agave	549
maillist	549
compresses	549
impeller	549
killzone	549
botulinum	549
plainville	549
hookah	549
southall	549
singin	549
lucian	549
pitting	549
psychotherapist	549
bradstreet	549
enameled	549
ethers	549
persevere	549
extramural	549
nearshore	549
detractors	549
arabesque	549
fittest	549
vortices	549
tarnish	549
isthmus	549
airliners	549
vishay	549
hildebrand	549
eateries	549
drawdown	549
treads	549
geting	549
dropship	549
encrypts	549
zilla	549
forwarder	549
lengthen	549
socialized	549
mayday	549
esperance	549
honing	549
roadtrip	549
bacteriology	549
prodigious	549
reordering	549
spoonful	549
herpesvirus	549
sociable	549
requisitions	549
scleroderma	549
deftly	549
raucous	549
geopolitics	549
optimizers	549
curios	549
hairpin	549
toasts	549
litmus	549
collaborates	549
equus	549
greys	549
exaggerate	549
speculum	549
ravenswood	549
blushed	549
powerbooks	549
saddest	549
spools	549
medico	549
grinds	549
exempts	549
quadrupole	549
timeframes	549
conover	549
batgirl	549
menominee	549
outpatients	549
immorality	549
coulee	549
bugged	549
monstercommerce	549
sojourner	549
wench	549
illusory	549
spontaneity	549
realbasic	549
rescission	549
webboard	549
perrier	549
bolded	549
sympathize	549
ribose	549
inspects	549
lefties	549
sugarloaf	549
bloomer	549
barrows	549
yankton	549
tantamount	549
sarong	549
slaughtering	549
sachin	549
lumped	549
stepwise	549
rawsugar	549
straighteners	549
scribed	549
dissected	549
borrows	549
frigid	549
butters	549
hemispheres	549
armrest	549
woollen	549
vorticity	549
ancientworlds	549
headshots	549
approximates	549
overwriting	549
recidivism	549
ashram	549
speculating	549
kling	549
rounders	549
impairs	549
immobilization	549
carafe	549
enteric	549
pawns	549
outermost	549
afterall	549
buccaneer	549
marimba	549
quarterbacks	549
peachy	549
hotlink	549
seaplane	549
recipies	549
augmenting	549
myopia	549
poder	549
winded	549
manuka	549
methinks	549
rambles	549
winemaking	549
diatoms	549
blunts	549
billionaires	549
rantings	549
angeline	549
dawning	549
capacitive	549
naturopathy	549
theocracy	549
andnot	549
caplets	549
quint	549
cheeseburger	549
wingers	549
middleman	549
congratulating	549
dorking	549
flagrant	549
westford	549
trachea	549
sandown	549
loins	549
uneventful	549
mendon	549
scoundrels	549
numbing	549
distraught	549
assassinate	549
midge	549
unwavering	549
submittals	549
astronautics	549
confidentially	549
piecemeal	549
collet	549
glial	549
pitstop	549
bilirubin	549
flirty	549
haplotype	549
fenner	549
codification	549
magicfilter	549
progressions	549
inferiority	549
beltran	549
acidosis	549
burnished	549
osmotic	549
repositioning	549
eggers	549
clothe	549
knitter	549
datewise	549
swelled	549
belting	549
snipes	549
transliteration	549
eastgate	549
gentleness	549
emitters	549
staked	549
tillamook	549
sandwiched	549
rigidly	549
simile	549
phalanx	549
hindering	549
sloped	549
checkmark	549
dashboards	549
roundhouse	549
encapsulates	549
homologue	549
baller	549
sifting	549
webweaver	549
milos	549
isobel	549
rivas	549
ambivalence	549
loudness	549
eraill	549
guillotine	549
intertidal	549
chartering	549
bream	549
blindwrite	549
reverting	549
meander	549
leanings	549
groans	549
canker	549
perkin	549
keener	549
meaningfully	549
audios	549
embellishment	549
turion	549
confesses	549
gullible	549
suncoast	549
biogenesis	549
mistresses	549
breakwater	549
smuggler	549
busily	549
painkillers	549
synovial	549
inaugurals	549
lambton	549
poached	549
shopkeeper	549
uncirculated	549
hailing	549
imparted	549
slumped	549
traduction	549
chicopee	549
gluing	549
contradicting	549
headlong	549
captor	549
imago	549
indelible	549
alkalinity	549
tethered	549
orcas	549
rollerball	549
whiteness	549
yellowknife	549
grazed	549
joules	549
mesmerizing	549
jakes	549
thrived	549
colibri	549
airtours	549
acquittal	549
unfulfilled	549
perverts	549
intentioned	549
maxlim	549
glendora	549
fluently	549
pigtailed	549
fazer	549
liebert	549
ascribe	549
saraband	549
stalked	549
deluded	549
lisburn	549
emulex	549
outstretched	549
trembled	549
nitrile	549
denman	549
janitors	549
unobserved	549
micrometer	549
labored	549
gamestop	549
twitching	549
silber	549
smacks	549
troughs	549
anagrams	549
strikeouts	549
polarizer	549
unbelievers	549
hungerford	549
exegesis	549
weigel	549
piscine	549
sented	549
betas	549
brothels	549
intraocular	549
sprockets	549
basta	549
assistantships	549
futurist	549
invocations	549
cunnilingus	549
bolder	549
paltalk	549
webkit	549
omits	549
endures	549
rowlands	549
xylene	549
anticipatory	549
impersonation	549
lycopene	549
sweety	549
assignable	549
interfacial	549
zebrafish	549
girder	549
researchindex	549
internation	549
bismuth	549
lavinia	549
moller	549
natively	549
intents	549
unconnected	549
homologs	549
backgrounder	549
pruned	549
ruston	549
lantana	549
mahwah	549
wedded	549
seasonality	549
techexcel	549
lashed	548
sublease	548
shriver	548
penna	548
standardizing	548
retelling	548
sandberg	548
contentions	548
bickering	548
whaler	548
unobstructed	548
hydrogenated	548
fondling	548
karwar	548
ricks	548
heald	548
spenser	548
astounded	548
permanency	548
smacked	548
trusses	548
pallas	548
anatole	548
sleet	548
disgraced	548
philippa	548
zoster	548
survivability	548
grooved	548
transcontinental	548
playas	548
resigning	548
laxative	548
smallwood	548
alcove	548
woolsey	548
termine	548
tripple	548
ungodly	548
enlargements	548
felling	548
marinades	548
funhouse	548
winemaker	548
grendel	548
rattlers	548
landes	548
hazing	548
carbonyl	548
chelation	548
bermudian	548
telecast	548
keepalive	548
disclaimed	548
spectacularly	548
postales	548
brownlee	548
mindedness	548
cleanroom	548
hydrolases	548
steamship	548
condescending	548
recounting	548
breeches	548
promax	548
redundancies	548
seashell	548
pacifist	548
redken	548
appellation	548
brassica	548
drips	548
fibrinogen	548
creekside	548
bananastock	548
macrumors	548
montes	548
handsomely	548
skyway	548
polis	548
achiever	548
botched	548
politburo	548
resourced	548
fresheners	548
soapy	548
goodshoot	548
savin	548
revisionist	548
untenable	548
pinouts	548
warfighter	548
microbe	548
messer	548
serialize	548
coldfield	548
deformities	548
keyser	548
necktie	548
grueling	548
memorizing	548
downwind	548
libelous	548
everclear	548
depositors	548
tardy	548
disregarding	548
hohner	548
matron	548
seaward	548
uppermost	548
crunk	548
thomaston	548
gamearena	548
adolphus	548
solara	548
ciphers	548
rebounded	548
nibble	548
stratics	548
hermetic	548
bergmann	548
marauder	548
renegades	548
powerplay	548
showings	548
cardamom	548
untouchable	548
exerting	548
sitemaps	548
natale	548
multicolored	548
fleeces	548
birdlife	548
industrious	548
pecker	548
temporally	548
reappointment	548
attractively	548
canuck	548
maldive	548
adopter	548
nicotinic	548
decayed	548
stethoscopes	548
shipyards	548
anglian	548
footpaths	548
tamarack	548
sauteed	548
backfire	548
locuslink	548
crossdressing	548
narcissism	548
disarray	548
truckload	548
proprietorship	548
essere	548
oddball	548
harps	548
hedged	548
movabletype	548
cleanest	548
minter	548
teutonic	548
tapeta	548
viceroy	548
moviemail	548
chabot	548
maintenant	548
ingrained	548
caspar	548
collating	548
basketview	548
swordsman	548
commissary	548
geomorphology	548
yellows	548
habitually	548
purvis	548
imageline	548
astrophotography	548
arjun	548
majorities	548
voiceover	548
divestiture	548
accidently	548
archetypal	548
oakbrook	548
boner	548
driller	548
conquests	548
mummies	548
policymaking	548
brimstone	548
pretest	548
quand	548
trowel	548
profiting	548
beseech	548
tantalum	548
hitched	548
edmondson	548
newswires	548
suicidegirls	548
flipside	548
smelt	548
fatale	548
renin	548
nonmetallic	548
undersecretary	548
margery	548
yearn	548
benzyl	548
culprits	548
stiffs	548
trinkets	548
enchant	548
austere	548
earths	548
storehouse	548
cowhide	548
plumage	548
antecedents	548
tenors	548
onsale	548
diabolical	548
rapier	548
whiteman	548
unspoiled	548
dassault	548
equalities	548
haughty	548
overlying	548
relinquished	548
opiates	548
salami	548
upgradeable	548
narcissistic	548
assaulting	548
admirals	548
cadaver	548
brokerages	548
esmeralda	548
creatives	548
musicology	548
politico	548
pauling	548
captivate	548
streep	548
semiannual	548
mapstats	548
deterred	548
rickman	548
apathetic	548
uninteresting	548
equitably	548
piaget	548
yawning	548
centralization	548
paged	548
prunes	548
buller	548
hydrophilic	548
erupt	548
redone	548
mallow	548
duress	548
cossacks	548
skaggs	548
airshow	548
bluefish	548
attuned	548
herons	548
rentalnew	548
raiding	548
banger	548
kirkham	548
doable	548
seething	548
beautyhome	548
burritos	548
ramming	548
directathletics	548
alligators	548
loris	548
instigated	548
sharechat	548
fincher	548
farmall	548
superstructure	548
hygienists	548
grandiose	548
clerkship	548
crotchless	548
worldstock	548
classifiable	548
elitegroup	548
sodas	548
concisely	548
libertines	548
deflector	548
inboard	548
symbiosis	548
caboose	548
laparoscopy	548
quatre	548
fitters	548
rockman	548
balham	548
concatenated	548
graduations	548
lawndale	548
germanium	548
constancy	548
screwfix	548
plats	548
countryman	548
stoked	548
allergenic	548
wingspan	548
machinists	548
airfix	548
buncombe	548
insufficiently	548
cements	548
reappear	548
dowell	548
boudoir	548
affinities	548
digitales	548
glades	548
repellents	548
daman	548
crutch	548
playbill	548
rioting	548
famer	548
espoused	548
microsatellite	548
newnan	548
amylase	548
buckling	548
songbird	548
telemarketers	548
mamie	548
discursive	547
disputing	547
unpaved	547
lieber	547
vasectomy	547
repudiation	547
althouse	547
innateimmunity	547
worrisome	547
keenspot	547
nonconforming	547
seafront	547
rushdie	547
handcuffed	547
dinette	547
turners	547
mormonism	547
clarice	547
cascadia	547
sunblock	547
clearlake	547
freighter	547
dimples	547
bandar	547
inhabitant	547
reprinting	547
derivations	547
flourishes	547
colonized	547
trine	547
redwoods	547
meadowlands	547
hessian	547
rentclicks	547
carriageway	547
feder	547
levant	547
banach	547
distributable	547
trimspa	547
babyface	547
hiller	547
imitators	547
initializer	547
pathogenicity	547
talkative	547
phonograph	547
speculators	547
gnunet	547
belay	547
petunia	547
matriculation	547
smelting	547
corrector	547
emulating	547
slippage	547
lomas	547
craniata	547
gremlin	547
slats	547
dovetail	547
transcribing	547
sundae	547
orgasmic	547
shorelines	547
reportage	547
lifters	547
intubation	547
rhinos	547
epistemic	547
apprehend	547
neoseeker	547
leeway	547
pigmentation	547
offends	547
lumpy	547
landlocked	547
photoelectric	547
embattled	547
wisest	547
shackle	547
foraminifera	547
kabuki	547
itemize	547
riverbed	547
diminution	547
chiara	547
rencontres	547
southernmost	547
freckles	547
embezzlement	547
chipmunk	547
splints	547
positivity	547
airship	547
camelback	547
beautification	547
alderson	547
fiscally	547
galls	547
cesium	547
brightman	547
unary	547
imitated	547
inflicting	547
inducement	547
heave	547
optician	547
altair	547
fantasie	547
bloating	547
empirepoker	547
proclamations	547
siphon	547
scandic	547
complicates	547
aviary	547
rarer	547
beachwood	547
powerboat	547
trundle	547
slowness	547
talkleft	547
elses	547
wrongfully	547
hushed	547
cadres	547
lessening	547
backroom	547
powerfull	547
aurelius	547
webcomic	547
idlewild	547
reinvested	547
dobra	547
snelling	547
theophylline	547
snook	547
cognate	547
ausgabe	547
sufferer	547
markka	547
etherfast	547
livingroom	547
mores	547
preorders	547
flushes	547
raindrops	547
restate	547
nordisk	547
norad	547
elegy	547
sanctification	547
sanded	547
shamanic	547
indignant	547
godless	547
shopgirl	547
sloop	547
servicer	547
politeness	547
bollocks	547
baffling	547
refreshes	547
hurriedly	547
ampersand	547
hopefuls	547
conservatively	547
reworking	547
birders	547
congolese	547
fingertip	547
purporting	547
brazing	547
quarantined	547
willpower	547
medias	547
passo	547
chandlery	547
icebreaker	547
taunt	547
aphid	547
hinting	547
venter	547
omicron	547
maggot	547
schoolboy	547
perchlorate	547
bailiff	547
laborious	547
outpouring	547
insecta	547
deflected	547
safeguarded	547
atropine	547
cordell	547
houser	547
inflection	547
sasser	547
lettres	547
eldred	547
myrrh	547
equating	547
infuse	547
chaff	547
hasn't	547
defaced	547
decisionmaking	547
mimicking	547
counseled	547
pampers	547
showy	547
gameswine	547
woodridge	547
altruistic	547
wistar	547
chaplaincy	547
backflow	547
aldermen	547
commends	547
emcee	547
moorish	547
stateside	547
kinnear	547
bobbing	547
defiantly	547
colonels	547
machete	547
readmission	547
bellydance	547
maddie	547
pathos	547
battleships	547
smartly	547
squashed	547
kates	547
laments	547
spied	547
nephropathy	547
menorah	547
playthings	547
exfoliating	547
argumentative	547
wisteria	547
directorial	547
condiment	547
roused	547
socialite	547
aloof	547
usenix	547
samford	547
concealer	547
snore	547
janson	547
charred	547
reassess	547
supercar	547
charly	547
subparagraphs	547
dunstan	547
validly	547
watters	547
rematch	547
rollovers	547
stanfield	547
instrumented	547
fijian	547
chutes	547
bolshevik	547
unsound	547
hatter	547
charmaine	547
creepers	547
powersports	547
splatter	547
linsey	547
stents	547
quilters	547
takeout	547
silty	547
profusely	547
recreations	547
toptop	547
bearish	547
intelligences	547
sorrel	547
reverie	547
jacksons	547
phonon	547
colloquial	547
thievery	547
callous	547
jingles	547
reconnection	547
mismatched	547
nogales	547
mimeole	547
perplexing	547
splashes	547
homesick	547
duper	547
plumas	547
machi	547
gainer	547
heartbreaker	547
bystander	547
hemolytic	547
dilatation	547
actuation	547
valsad	547
chamberlin	547
commemorates	547
teamspeak	547
rainwear	547
beachcomber	547
distiller	547
encyclopedic	547
varicella	547
quell	547
repulsion	547
webquest	547
libertyville	547
parachutes	547
capitan	547
sheboy	547
imprecise	547
northwoods	547
bedskirt	547
imagines	547
resurrect	547
tourette	547
softens	547
redhawks	547
harnessed	547
unfilled	547
flanged	547
posit	547
sinuses	547
clearview	547
amputee	547
exuberance	547
obligate	547
gameplanet	547
endotoxin	547
flocking	547
superbit	547
centauri	547
unnumbered	547
clary	547
garnishment	547
authortracker	547
checkerboard	547
outbursts	547
humidors	547
postgrad	547
proteases	547
undying	547
stubble	547
caddies	547
bamberg	547
bande	547
appendicitis	547
tradewinds	547
colliding	547
knesset	547
mughal	547
enumerator	547
splines	547
funpages	547
defenseman	547
existentialism	547
quivering	547
crossbar	547
toastmaster	547
netlink	547
platts	547
actives	547
kingsize	547
doodles	547
chimeric	547
hatters	547
peacetime	547
gringo	547
commending	547
flattery	547
genforum	546
soothes	546
expropriation	546
millstone	546
deviceforge	546
payrolls	546
mortgaged	546
impossibly	546
reselling	546
beluga	546
compels	546
housewifes	546
drunkenness	546
harrisville	546
indulged	546
habitable	546
unraveling	546
renner	546
diatom	546
bobsled	546
subtleties	546
incarnations	546
oscilloscopes	546
trappings	546
afterthought	546
legume	546
hillbillies	546
countfiles	546
honore	546
zionists	546
storefronts	546
damsel	546
josephson	546
decorum	546
nondurable	546
barbells	546
taffeta	546
ations	546
spoiling	546
crossley	546
syndicates	546
detritus	546
galactose	546
yellowing	546
submariner	546
assortments	546
bustiers	546
earthenware	546
implementers	546
proust	546
incendiary	546
permlink	546
selina	546
pickwick	546
lenient	546
dined	546
gradebook	546
freshers	546
polysaccharides	546
sporadically	546
nontrivial	546
disinfected	546
devilish	546
rimmed	546
ashleigh	546
solomons	546
reachability	546
feedstock	546
redistributions	546
proteolytic	546
aristocrat	546
scathing	546
twinkling	546
pantomime	546
damnit	546
hyphens	546
autobahn	546
webshop	546
bulgari	546
sexvideo	546
efflux	546
cateye	546
powerlite	546
wanderings	546
orang	546
dislocations	546
capetown	546
astaire	546
sportscar	546
arusha	546
decimated	546
overthrown	546
matson	546
medulla	546
regressive	546
moored	546
burks	546
peered	546
stearate	546
uninterruptible	546
microsite	546
bores	546
regrettable	546
supersymmetry	546
whitten	546
strangled	546
bonito	546
likepages	546
allways	546
undertones	546
zeolite	546
scrappy	546
pullen	546
maxims	546
markey	546
camisoles	546
leybold	546
stromal	546
silex	546
engrossing	546
jezebel	546
vireo	546
lethargy	546
nagaland	546
gynecological	546
clydesdale	546
prescriber	546
reverts	546
purine	546
counterpunch	546
frolic	546
transfusions	546
lightyear	546
airtran	546
casework	546
gites	546
cassia	546
royer	546
painstaking	546
lamina	546
umber	546
goths	546
finality	546
bimini	546
toppled	546
mending	546
excavators	546
wrestled	546
homecenter	546
haller	546
sciatica	546
areal	546
shakedown	546
aneurysms	546
caucuses	546
reruns	546
plazas	546
hurtful	546
chivas	546
alternation	546
astigmatism	546
witney	546
receding	546
laban	546
conjugates	546
antidumping	546
bomberman	546
candelabra	546
malfunctioning	546
outposts	546
millennial	546
roasts	546
asymmetries	546
treading	546
downy	546
conformed	546
kudzu	546
barts	546
characteristically	546
strayer	546
treatable	546
geekzone	546
goldsmiths	546
erupts	546
colburn	546
swarms	546
toroidal	546
cartman	546
geographers	546
scroller	546
spinnaker	546
templating	546
incinerators	546
moorpark	546
megawatt	546
superuser	546
evolutions	546
escorting	546
irregularly	546
chives	546
oratory	546
fusetalk	546
harvesters	546
wingnut	546
talkabout	546
excitations	546
sharpest	546
palisade	546
septal	546
helge	546
sprains	546
corvettes	546
slovene	546
moccasin	546
burford	546
circumcised	546
hander	546
postale	546
lemur	546
growled	546
huggies	546
auxiliaries	546
aphrodisiac	546
ivins	546
benefactors	546
reiser	546
saxophonist	546
resented	546
scalefont	546
terse	546
masjid	546
insistent	546
peppered	546
nebulae	546
abstentions	546
monohydrate	546
autoloader	546
utile	546
digitizer	546
frightful	546
techmentor	546
trite	546
fisted	546
gentler	546
cystitis	546
anisou	546
shard	546
supercritical	546
infects	546
dilapidated	546
longmeadow	546
mapserver	546
coroa	546
hanky	546
squats	546
libertarianism	546
prolapse	546
stubby	546
killswitch	546
evangelistic	546
sixpence	546
energetics	546
visto	546
impaled	546
forays	546
charon	546
coniferous	546
tasco	546
flanks	546
sickly	546
pavia	546
servername	546
bitwise	546
inexplicably	546
curbed	546
retest	546
efficacious	546
philanthropist	546
chloramphenicol	546
paysites	546
repairer	546
diesels	546
argentinean	546
convinces	546
banjos	546
expertpages	546
geodesy	546
kiddy	546
birchwood	546
valuers	546
innuendo	546
pitfall	546
attenuator	546
hersteller	546
polysaccharide	546
suntrust	546
symplectic	546
superhighway	546
disservice	546
minder	546
orator	546
hostway	546
groveland	546
assessable	546
pinata	546
photocopied	546
bumblebee	546
biomechanical	546
southwell	546
westville	546
highlighter	546
sence	546
malachite	546
kirklees	546
steppe	546
plowed	546
sires	546
featherweight	546
shishi	546
intricately	546
transgressions	546
lingers	546
quitman	546
digitize	546
blockbusters	546
supergrass	546
semiotics	546
smothering	546
tomorrows	546
drifters	546
encampment	546
lempira	546
roque	546
wordfast	546
prophesy	546
recast	546
bursar	546
misrepresentations	546
dowel	546
interdiction	546
percents	546
chaste	546
bards	546
burgas	546
bestial	546
restock	546
montblanc	546
jarrod	546
irradiance	546
buddhas	546
oozing	546
jetdirect	546
polarizing	546
bookish	546
subdue	546
raking	546
seger	546
denouncing	546
traumatized	546
allred	546
ascertaining	546
gillies	546
hannes	546
fishfinder	546
previewed	546
stags	546
meadowbrook	546
beauregard	546
mentation	546
bowyer	546
volunteermatch	546
soldered	546
pylon	546
privateer	546
milly	546
grommet	546
manipulatives	545
neonates	545
hellenistic	545
vicarious	545
ruckus	545
traverses	545
seedy	545
boardgame	545
spass	545
assertiveness	545
raincoat	545
bookmarklet	545
personable	545
videoconference	545
implosion	545
messagelabs	545
videolan	545
scammers	545
usermin	545
sturt	545
wetness	545
megalithic	545
straddle	545
bindery	545
imbedded	545
counterparty	545
ponting	545
elysium	545
quenched	545
tantrum	545
conifers	545
juiced	545
antithesis	545
arthropods	545
robben	545
flexing	545
envoyer	545
endchar	545
tracers	545
mazur	545
nonnegative	545
awakens	545
amoeba	545
wuthering	545
sonoran	545
accentuate	545
duvets	545
bacharach	545
neodymium	545
squandered	545
sortie	545
alternators	545
caret	545
shipwrecks	545
withal	545
eyelashes	545
colliers	545
lookalike	545
neoplasia	545
barman	545
tilden	545
blindfold	545
bromine	545
rampart	545
possessive	545
facades	545
feldspar	545
maharaja	545
idealist	545
compensates	545
constables	545
mourns	545
johanson	545
conceit	545
ferric	545
needful	545
topiclist	545
campaigner	545
aircon	545
locusts	545
roundtables	545
thatch	545
bambini	545
emboss	545
meiosis	545
diversifying	545
rebaterebate	545
coelho	545
inadequacies	545
especiales	545
weathers	545
backends	545
insead	545
parra	545
riverhead	545
grunts	545
thicket	545
maranatha	545
depraved	545
continence	545
puppetry	545
hypothalamic	545
treatises	545
polygonal	545
norcent	545
prying	545
rascals	545
stopover	545
bagwell	545
stocker	545
nanking	545
potholes	545
rudely	545
renditions	545
hammerstein	545
pubescent	545
weatherbug	545
gastroesophageal	545
weeps	545
deplorable	545
smacking	545
reintroduced	545
aggravate	545
broadleaf	545
quoth	545
gretel	545
iconography	545
trypanosoma	545
snowstorm	545
newberg	545
lacuna	545
freeones	545
lutein	545
postgraduates	545
solvable	545
intensifies	545
birdies	545
aramark	545
queers	545
neckties	545
strikethrough	545
rawson	545
levelled	545
incessantly	545
sorption	545
boonville	545
depressant	545
legrand	545
penisbot	545
radians	545
barstools	545
flaring	545
cormorant	545
pedigrees	545
seafarers	545
yanked	545
microtech	545
natchitoches	545
dempster	545
switchgear	545
stephenville	545
mattingly	545
chemother	545
stargazer	545
cytogenetic	545
testa	545
nutritionals	545
minted	545
gershon	545
baseballs	545
ditty	545
homomorphism	545
pestilence	545
rapide	545
coppell	545
skiff	545
thoroughfare	545
spreaders	545
belligerent	545
lowcost	545
impeached	545
fingerboard	545
deaconess	545
moosejaw	545
gummy	545
warburton	545
glomerular	545
hight	545
eclipsed	545
preschooler	545
conspired	545
auctioning	545
cationic	545
rebar	545
catacombs	545
paperweights	545
agonizing	545
eveready	545
bottomless	545
goldstar	545
attributing	545
londoners	545
mouthpieces	545
encumbrances	545
twinhead	545
rogan	545
sardis	545
candleholders	545
interferometry	545
printprint	545
lullabies	545
slasher	545
critiquing	545
polypeptides	545
oxfords	545
excruciating	545
brough	545
punctual	545
audiotape	545
retrospectively	545
sandeep	545
runaways	545
boniface	545
conjunctivitis	545
witter	545
grafted	545
watercourse	545
climatological	545
propped	545
beaton	545
telegrams	545
interphase	545
staking	545
conversing	545
testable	545
backtracking	545
differentiable	545
sisal	545
acetylene	545
calamities	545
bedouin	545
viennese	545
fancies	545
peeves	545
accuser	545
copolymers	545
hepatology	545
aimbot	545
bystanders	545
connotation	545
minos	545
bookable	545
nutone	545
alienating	545
fishermans	545
animas	545
ganymede	545
normalizing	545
sultans	545
enjoined	545
harboring	545
belair	545
footfetish	545
banknote	545
northbridge	545
finches	545
basques	545
animating	545
mercurial	545
bargained	545
repugnant	545
hallett	545
mullahs	545
lowball	545
repossessed	545
citron	545
clave	545
pageants	545
grosses	545
tacked	545
broadens	545
reinhart	545
chobits	545
supplant	545
framebuffer	545
oilseed	545
stiffer	545
eraserhead	545
pokes	545
fusarium	545
saxophones	545
slates	545
corroborated	545
camaras	545
foundland	545
bestiary	545
freecam	545
privatecam	545
rulebook	545
allelic	545
magnetically	545
arteriosclerosis	545
permafrost	545
hunky	545
cranking	545
blackfive	545
southlake	545
soundsystem	545
multiplexed	545
birdman	545
actiontec	545
microchips	545
infertile	545
tipsy	545
atria	545
layette	545
factually	545
sagas	545
cress	545
neuralgia	545
timbre	545
clasped	545
scrotum	545
pecking	545
legislated	545
womanhood	545
skatepark	545
conditionals	545
crimean	545
photoworks	545
exorbitant	545
grieved	545
brownell	545
willowbrook	545
experimenter	545
purveyors	545
tallies	545
serpents	545
sniping	545
mapleton	545
enteral	545
lanny	545
endocarditis	545
resultset	545
tampered	545
severally	545
dunmore	545
woodworkers	545
lumpkin	545
ficus	545
sawtooth	545
goodwood	545
ridgeback	545
bedstead	545
superstock	545
boykin	545
matchbook	545
bostonian	545
whirlpools	545
eutheria	545
caressing	545
reliefs	545
bathtubs	544
tassels	544
culpa	544
whiter	544
dalmatians	544
westover	544
froth	544
obliterated	544
regalia	544
hardbound	544
peerage	544
derma	544
leafnode	544
deceitful	544
taboos	544
storied	544
disenfranchised	544
verbena	544
mandibular	544
funder	544
unprofitable	544
workplan	544
distri	544
doublet	544
astonishingly	544
cannibalism	544
antiqued	544
popularized	544
typeset	544
chitosan	544
pretender	544
boning	544
mosses	544
butterscotch	544
timeport	544
subside	544
falsification	544
poltergeist	544
modernizing	544
conspiring	544
seatbelts	544
powergen	544
officiants	544
seabirds	544
retaliate	544
vinod	544
deafening	544
cohabitation	544
cofactor	544
frostbite	544
sandhill	544
fasttrack	544
beleaguered	544
jarring	544
wattle	544
geeklists	544
baptismal	544
stoles	544
axelrod	544
switzer	544
maritim	544
magdalen	544
portales	544
managua	544
regularization	544
spillage	544
expertcare	544
brackish	544
tubby	544
glioma	544
dateout	544
sedatives	544
hyperthyroidism	544
premenstrual	544
hyphenated	544
tinsel	544
coburg	544
scrutinize	544
bandpass	544
adverb	544
mumbled	544
commis	544
mired	544
breve	544
isopropyl	544
penpal	544
potentiometer	544
datedue	544
brickshelf	544
prunus	544
sweatshop	544
prospectuses	544
worthiness	544
lazily	544
cattery	544
jeepers	544
foliar	544
troposphere	544
rinks	544
revoking	544
anesthesiologists	544
jailhouse	544
dorgan	544
rucksacks	544
trippin	544
raver	544
cuesta	544
posturing	544
narita	544
cantata	544
soulfly	544
hakeem	544
disarming	544
concentrators	544
activestate	544
netflow	544
castration	544
thiamine	544
woefully	544
negotiates	544
tities	544
promontory	544
shanna	544
trond	544
juridical	544
shandy	544
mudville	544
smote	544
olympians	544
diploid	544
mountings	544
campervan	544
pivoting	544
toggles	544
supertramp	544
modprobe	544
taunting	544
etruscan	544
outwards	544
axion	544
depravity	544
mapsource	544
dialogic	544
allchin	544
permease	544
bolus	544
calving	544
jumpdrive	544
disagreeable	544
bloodline	544
rearview	544
offside	544
sprinkles	544
shortcoming	544
dreamgirls	544
brainchild	544
castes	544
corrupting	544
docsis	544
massif	544
shrike	544
balloting	544
murat	544
dixieland	544
dairies	544
conran	544
annales	544
unadjusted	544
lionheart	544
poirot	544
ponytail	544
capel	544
overtures	544
untrusted	544
pharaohs	544
fraudulently	544
calendula	544
mushy	544
restcamp	544
plunges	544
gibberish	544
servos	544
arbitral	544
intramuscular	544
dozer	544
sumer	544
indust	544
dreadnought	544
tammany	544
aseptic	544
boulevards	544
bartels	544
feedpark	544
redesignated	544
systemroot	544
redistributing	544
darken	544
neurologists	544
defamer	544
getvalue	544
dowry	544
supercomputers	544
commentaire	544
shapers	544
chateaux	544
gastritis	544
hymenoptera	544
skirting	544
diapering	544
gouging	544
adieu	544
gatherer	544
slackers	544
kindling	544
shortlisted	544
scorebook	544
retransmit	544
nondestructive	544
affluence	544
phospho	544
acyclic	544
gangbanged	544
passable	544
shouldered	544
milligram	544
tumbleweed	544
monahan	544
dispatchers	544
maida	544
craniofacial	544
hilarity	544
neisseria	544
predominance	544
snuck	544
postcolonial	544
mitten	544
darjeeling	544
recirculation	544
onslow	544
conquerors	544
mauritanian	544
tamarind	544
conceptualization	544
laxman	544
admonition	544
ratlam	544
perchance	544
tonkin	544
awash	544
heriot	544
precocious	544
marshalls	544
moravia	544
videoclip	544
barbs	544
heterozygous	544
spectrometers	544
princeville	544
sinhala	544
interscience	544
repress	544
outstation	544
homegain	544
africana	544
moiety	544
clift	544
slapd	544
landforms	544
steeply	544
debunking	544
connectedness	544
calibrator	544
typographic	544
darned	544
ampere	544
powerplant	544
peeking	544
locum	544
underweight	544
norcal	544
denser	544
flamingos	544
moorland	544
lignin	544
cattlemen	544
bullfrog	544
gushers	544
pharmacologic	544
coincidences	544
divinely	544
riker	544
laurin	544
goldenrod	544
debits	544
skimmed	544
animalia	544
extention	544
lassie	544
spewing	544
hedonism	544
congratulation	544
erasers	544
seminaries	544
microcar	544
loreal	544
bernese	544
pumice	544
factiva	544
sawmills	544
trotting	544
resignations	544
stator	544
ambushed	544
combing	544
woodley	544
pianists	544
dovecot	544
biggirls	544
inwood	544
payor	544
indium	544
woodcraft	544
travesty	544
uncoated	544
gumball	544
bewildering	544
willits	544
hunchback	544
aback	544
pneumatics	544
deepens	544
blather	544
griff	544
enactments	544
castaway	544
scaly	544
heaped	544
correa	544
esker	544
minefield	544
tibetans	544
amniotic	544
sexpictures	544
derogation	544
reposting	544
dimms	544
specsearch	544
webhost	544
fantastically	544
cobham	544
oracles	544
untied	544
supersymmetric	544
onlymovies	544
absolutehome	544
quince	544
palmtop	544
profusion	544
gonadotropin	544
unordered	544
redefines	544
conjectures	544
glint	544
incitement	544
bathrobe	544
afterschool	544
hansel	544
figuratively	544
daylily	544
trickster	543
superstores	543
sorceress	543
cranked	543
summerlin	543
whitepages	543
stoic	543
resonates	543
fastcounter	543
drugstores	543
aggressiveness	543
oscillatory	543
footwork	543
barger	543
fatigued	543
montane	543
railtrack	543
unconsciousness	543
panos	543
ashtech	543
glutamic	543
alums	543
piecing	543
delegating	543
modoc	543
quarto	543
freefall	543
reactivation	543
designtechnica	543
heartwood	543
newhall	543
improvise	543
incipient	543
bootloader	543
underdogs	543
scintillation	543
colonials	543
avalanches	543
chafee	543
helices	543
cheval	543
exclusionary	543
crackling	543
objector	543
frankfurter	543
creeds	543
outrun	543
extenuating	543
blackberries	543
amiss	543
lemongrass	543
cavernous	543
bienvenue	543
benders	543
scoreless	543
darlings	543
reprieve	543
seismology	543
rowell	543
radiometer	543
taurine	543
hyperspace	543
shanty	543
survivorship	543
pluralistic	543
enforceability	543
formalize	543
silverdale	543
daniella	543
voided	543
rapping	543
relaunch	543
overclock	543
proffered	543
protectionism	543
blanking	543
rowena	543
phenobarbital	543
diehard	543
ravensburger	543
photochemical	543
carbo	543
flagpole	543
livid	543
distasteful	543
distinctively	543
geezer	543
hares	543
surgemaster	543
overturning	543
illegals	543
swivels	543
pokey	543
orthotic	543
ringling	543
attestation	543
bravado	543
overpowering	543
ravings	543
bestill	543
childless	543
winbackup	543
alertnet	543
lymphedema	543
electrifying	543
physiotherapists	543
belgravia	543
tolland	543
grecian	543
lavishly	543
proportioned	543
smite	543
nuker	543
forthright	543
alist	543
courtland	543
foretold	543
engraver	543
saddled	543
emphasising	543
chump	543
monstermarketplace	543
gallen	543
tortures	543
crusts	543
tibial	543
flaxseed	543
trawler	543
charac	543
themen	543
bifocal	543
littlest	543
newland	543
cadastre	543
schuh	543
presupposes	543
spotlock	543
timekeeping	543
trickery	543
westborough	543
adherent	543
linoleic	543
fragen	543
astrologers	543
unsold	543
vindication	543
belanger	543
opined	543
scoot	543
binning	543
bootstrapping	543
falter	543
chatty	543
rheology	543
philistines	543
encumbrance	543
retainers	543
tener	543
callin	543
forehand	543
imperfection	543
bolsters	543
elasticities	543
bayley	543
pataca	543
sorrowful	543
basketrecover	543
sachets	543
celebratory	543
rasheed	543
timepiece	543
liposomes	543
mismatches	543
greenbush	543
loveable	543
superconductor	543
unchanging	543
bestbuy	543
predominate	543
crisscross	543
urethral	543
detonator	543
ionospheric	543
snowden	543
pinout	543
molested	543
paulding	543
multimillion	543
ingle	543
titres	543
scalpel	543
faeries	543
smartwool	543
bandung	543
fascias	543
hyena	543
wedlock	543
judaic	543
cowles	543
daffy	543
styler	543
internetwork	543
britains	543
obtuse	543
tappan	543
caudal	543
sextet	543
whitefield	543
sternly	543
chanted	543
blurs	543
jonson	543
spiraling	543
savour	543
stabs	543
blacklight	543
modeller	543
delimiters	543
silverchair	543
sciencedaily	543
indecency	543
lupine	543
lingered	543
nitroglycerin	543
feasting	543
decapitated	543
gourde	543
roadblock	543
suffocation	543
lollipops	543
dewatering	543
gilson	543
telepathy	543
microseconds	543
softest	543
sniffed	543
lurks	543
liquidate	543
stallings	543
shoplifting	543
mayberry	543
babbler	543
bayarea	543
tenses	543
lawlessness	543
hotell	543
tightens	543
spooks	543
pyrene	543
prefab	543
beadwork	543
recollect	543
brickell	543
outnumber	543
reconfigured	543
unionized	543
projectiles	543
larch	543
yeasts	543
teched	543
floridian	543
interrogatories	543
conant	543
interrogations	543
muttering	543
seafloor	543
javalobby	543
prefrontal	543
hitchhikers	543
proliferating	543
acceptances	543
discussant	543
situs	543
impatiently	543
shashi	543
clubwear	543
pimlico	543
gatekeepers	543
buffing	543
suspecting	543
boles	543
recharged	543
aline	543
disjointed	543
seizes	543
rubberized	543
caledonianew	543
inequity	543
vacationers	543
thebes	543
realmedia	543
pandemonium	543
cloisonne	543
downpayment	543
byway	543
editore	543
baywatch	543
pleat	543
luciasaint	543
reinvented	543
sweepers	543
aphasia	543
ravished	543
cohosh	543
discerned	543
scissorhands	543
irreplaceable	543
icicles	543
waitresses	543
fanaticism	543
fescue	543
belgrave	543
spearman	543
buslink	543
flamed	543
softphone	543
godsend	543
doorman	543
counterclockwise	543
oxygenated	543
islandnorthern	543
rubbers	543
swoosh	543
treasurers	543
eradicating	543
eastham	543
rehearsed	543
observables	543
bigboobs	543
implausible	543
locklear	543
outrageously	543
bagdad	543
creamery	543
petticoat	543
radiographs	543
inhabiting	543
subsea	543
norstar	543
unrestrained	543
kingdomvatican	543
federationsan	543
timorhong	543
injures	543
triennial	543
pigtail	543
appraising	543
constriction	543
enthralled	543
namyemen	543
reloads	543
strays	543
asteraceae	543
anywho	543
punter	543
bypasses	543
dollies	542
streetscape	542
indicia	542
embroiled	542
headrests	542
excised	542
groundfish	542
jefferies	542
committers	542
swash	542
armistice	542
udell	542
ambrosio	542
steinbach	542
synopsys	542
matteson	542
damped	542
southerners	542
aubusson	542
fissures	542
borgata	542
clinched	542
astragalus	542
inoperative	542
riverine	542
forlorn	542
apologetic	542
absolution	542
fluidity	542
carnell	542
inordinate	542
tanga	542
crossville	542
foxwoods	542
birdy	542
dataproducts	542
clank	542
whacked	542
creasing	542
individualistic	542
cabochon	542
ladys	542
marts	542
leaner	542
bracketed	542
brokered	542
ashbury	542
barnstaple	542
aliphatic	542
headley	542
monochromatic	542
nextline	542
artemisia	542
slimmer	542
evermore	542
flyfishing	542
brooker	542
locos	542
batons	542
interworking	542
engendered	542
manchu	542
newshour	542
ruble	542
disconcerting	542
priestley	542
margaritas	542
appropriating	542
viticulture	542
picpost	542
motorcoach	542
socials	542
shinto	542
attentions	542
yohimbe	542
sourceware	542
plantfiles	542
abductions	542
spangler	542
diffusers	542
inhaling	542
arthouse	542
kickass	542
parklands	542
ellipsoid	542
backrest	542
calmer	542
passers	542
carnivores	542
fluttering	542
irishman	542
playsets	542
callable	542
chartreuse	542
brier	542
candleholder	542
phoenician	542
firstborn	542
hundredth	542
analy	542
alterman	542
circumvention	542
coves	542
armes	542
lifehacker	542
betraying	542
bareboat	542
witham	542
stayamerica	542
emulsions	542
javaserver	542
backwaters	542
birdhouses	542
chairing	542
boneprone	542
screech	542
fetches	542
damme	542
tradable	542
axillary	542
maximally	542
regionalism	542
userdata	542
sweepstake	542
clobber	542
encapsulating	542
noddy	542
paltry	542
anchorman	542
chabad	542
misadventures	542
carelessness	542
threes	542
broadside	542
meritline	542
cooktops	542
importante	542
largemouth	542
anticoagulant	542
doers	542
travelsuggest	542
tremolo	542
technicalities	542
goulash	542
photofile	542
craziness	542
thais	542
groaning	542
trailblazers	542
crematorium	542
greencine	542
beckons	542
rejoiced	542
scrumptious	542
vacuuming	542
thrombocytopenia	542
suspender	542
imprimer	542
vallee	542
hinson	542
palpitations	542
blimp	542
quickness	542
cellex	542
entertains	542
eltham	542
loopy	542
turban	542
ritchey	542
goonies	542
ruffles	542
marshalltown	542
serological	542
infatuation	542
rediscovering	542
rodale	542
antennaaccessory	542
gaiters	542
getopt	542
dualdisc	542
zebras	542
disappearances	542
cleve	542
chomp	542
neosho	542
scoped	542
antistatic	542
curving	542
frenetic	542
heatsinks	542
allium	542
misrepresent	542
humpty	542
millwood	542
postural	542
conservationists	542
ciphertrust	542
tankard	542
joslin	542
toasty	542
greiner	542
culminates	542
leatherhead	542
amorous	542
notifiable	542
sungard	542
shaders	542
overflowed	542
corrupts	542
extrapolate	542
weaned	542
scenics	542
armchairs	542
dryland	542
incompatibilities	542
photobucket	542
pectin	542
vagueness	542
grumble	542
wronged	542
politiques	542
fireflies	542
consolidations	542
undergarments	542
hoisting	542
tapwave	542
dialectical	542
prospectively	542
tennessean	542
revocable	542
enthalpy	542
refered	542
tankless	542
genweb	542
javanese	542
rosin	542
musics	542
microsound	542
cypriots	542
impersonators	542
hamline	542
labours	542
flatly	542
harsher	542
tipper	542
inciting	542
passphrase	542
hydrocephalus	542
malleable	542
masturbates	542
colspan	542
skippers	542
indecision	542
bathrobes	542
spokensoundtracks	542
sandpoint	542
unselfish	542
pickin	542
whetstone	542
windowblinds	542
donnell	542
microcomputers	542
wilts	542
watercolours	542
wellspring	542
outlander	542
macaw	542
alight	542
epochs	542
publically	542
cheesecakes	542
genial	542
revolved	542
silversea	542
snowed	542
jager	542
cachet	542
steeplechase	542
fortify	542
textron	542
mouseover	542
forestville	542
verifications	542
unsurprisingly	542
cherubs	542
softwar	542
armature	542
newbridge	542
canzone	542
murthy	542
implicate	542
opals	542
salix	542
gatefold	542
nutritionally	542
jacobian	542
tolling	542
fleury	542
provisioned	542
syriac	542
pumper	542
dived	542
bucking	542
baffles	542
obverse	542
infamy	542
dapper	542
keepmedia	542
twochannel	542
belfry	542
durables	542
elysian	542
baldy	542
dowloads	542
lingus	542
troubleshooter	542
turfgrass	542
andorran	542
odious	542
crocs	542
plier	542
sportscenter	542
loner	542
listserve	542
rehearsing	542
latencies	542
ellipsis	542
marquees	542
sutures	542
pragmatics	542
brownstone	542
hawkwind	542
fabricator	542
comox	542
delbert	542
newhouse	542
outperforms	542
autoantibodies	542
scania	542
cycled	542
macneil	542
outhouse	542
autoplay	542
cobbled	542
monophosphate	542
columba	542
romanesque	542
millen	542
vanquish	542
barnwell	542
pharmacys	542
imparts	542
dextrose	542
joggers	542
parapsychology	542
quilter	542
orgias	542
launchpad	542
laudable	542
catabolism	542
luminal	542
permeate	542
thawing	542
martell	542
violoncello	542
writs	542
omnipresent	542
mathgroup	542
inconsequential	542
strang	542
deviants	542
insensitivity	542
hovered	542
devouring	542
samhain	542
renunciation	542
stunted	542
headshot	542
reformist	542
royalton	542
pancho	542
kempton	542
munching	542
fumbling	542
serviceability	542
southwick	542
fireproof	542
banal	542
deployable	542
sojourners	542
adirondacks	542
rears	542
portico	542
broads	542
servis	542
transportable	542
excites	541
weasels	541
placard	541
uncooked	541
lolly	541
quartermaster	541
fieldbus	541
wintergreen	541
peculiarly	541
cityguides	541
shoutcast	541
erikson	541
hermon	541
placards	541
deport	541
transposed	541
lemmas	541
slammer	541
gluck	541
theosophy	541
ganga	541
karmic	541
inking	541
jitters	541
petsupplies	541
nonfatal	541
spong	541
waistcoat	541
testaments	541
dobbins	541
perusal	541
petrus	541
delves	541
billington	541
childlike	541
shamelessly	541
guava	541
saison	541
holomorphic	541
bandicoot	541
persimmon	541
attributions	541
bosons	541
payscale	541
callan	541
cloaked	541
lichens	541
brotherly	541
suppositories	541
czechs	541
fresnel	541
uninhabited	541
recognitions	541
subpackage	541
demonstrably	541
carters	541
stockdale	541
titling	541
baillie	541
sunfish	541
techmarket	541
unbelief	541
facies	541
poinsettia	541
intercooler	541
airstrip	541
planeta	541
reprod	541
overtaking	541
bellman	541
euphonium	541
urinalysis	541
maintainability	541
lesbiansex	541
councilwoman	541
holed	541
transference	541
pliable	541
bacula	541
mantua	541
inevitability	541
sardines	541
dictating	541
chucks	541
sidewall	541
duckling	541
jeffreys	541
decommissioned	541
crystallized	541
reprisal	541
blighted	541
lucite	541
playability	541
rafter	541
warblers	541
hotsex	541
dissect	541
tarragon	541
rumbling	541
hexane	541
blazes	541
perceptible	541
runyan	541
airstation	541
hypnotist	541
escarpment	541
olivine	541
linearized	541
landover	541
encircled	541
saxons	541
transcending	541
lesbain	541
snout	541
goodly	541
philosophically	541
bigot	541
protester	541
gestapo	541
calendaring	541
bramble	541
persisting	541
dalles	541
hollies	541
freudian	541
rimmer	541
enacts	541
yavapai	541
goons	541
bouillon	541
scribbled	541
titer	541
grantmaking	541
canasta	541
geotrust	541
axiomatic	541
celibacy	541
beaucoup	541
blackie	541
comparators	541
tooting	541
recyclenet	541
scalars	541
displeased	541
cornerback	541
portant	541
decathlon	541
anthill	541
brigid	541
balding	541
lather	541
quasars	541
extractive	541
mixtapes	541
bureaucrat	541
generically	541
unchallenged	541
strayed	541
quakes	541
classicism	541
commutation	541
modbus	541
spiritualism	541
paves	541
gapped	541
engender	541
pastes	541
gerbil	541
quandary	541
webwork	541
magill	541
plucker	541
hiccups	541
silvers	541
friendprint	541
loopnet	541
jurists	541
sportiva	541
cloaks	541
morita	541
preformed	541
sperling	541
finial	541
glazes	541
streaked	541
sexindexed	541
phthalate	541
posses	541
gilpin	541
chieftains	541
emphases	541
microgravity	541
webcalendar	541
xylophone	541
hermitian	541
hermeneutics	541
garrick	541
perches	541
candler	541
scrapes	541
healthnotes	541
leatherette	541
silhouetted	541
polisher	541
crouched	541
gradation	541
telecaster	541
hartwick	541
unanimity	541
biogeography	541
vetting	541
radnor	541
educationally	541
goalies	541
impeding	541
joiners	541
balms	541
mantras	541
exploitable	541
remade	541
startchar	541
erythema	541
nonsampling	541
grisly	541
fornication	541
figural	541
thundercats	541
sassafras	541
surrealist	541
contaminating	541
ornithine	541
powhatan	541
wishlists	541
agronomic	541
piscina	541
debarment	541
startech	541
autoresponders	541
jumpsuit	541
tramps	541
yemeni	541
hexham	541
assis	541
shigella	541
javaone	541
winkle	541
tracheal	541
blossoming	541
mesons	541
wooly	541
stormfront	541
rightwing	541
barbary	541
kickback	541
irate	541
partisanship	541
kanada	541
sitar	541
neeson	541
ventricles	541
minami	541
boldface	541
brogan	541
omelet	541
alberts	541
stubhub	541
heartworm	541
sheaf	541
quired	541
folios	541
peacemaking	541
lazuli	541
dictum	541
nihilism	541
srinivas	541
ukrainians	541
knotts	541
appliques	541
thorium	541
refutation	541
posthumous	541
scrambler	541
lorries	541
inclinations	541
toolchain	541
ledges	541
overestimate	541
bathymetry	541
enlisting	541
roars	541
catlin	541
luciferase	541
urinating	541
swindle	541
bilbo	541
patuxent	541
indoctrination	541
disagreeing	541
revolting	541
candied	541
crowes	541
middleweight	541
macedon	541
scaler	541
dingy	541
shapefile	541
gabber	541
frieze	541
staircases	541
compactor	541
masterplan	541
mackinaw	541
undesired	541
horas	541
neurodegenerative	541
multiplies	541
reactivate	541
poodles	541
euphoric	541
impressing	541
twirling	541
coastguard	541
redeployment	541
lotte	541
duals	541
propagates	541
deviates	541
barewalls	541
topsy	541
contouring	541
azide	541
subbasin	541
recalculated	541
emplacement	541
skyrocketing	541
ledbetter	541
sergeants	541
rands	541
enquires	541
strokers	541
overcoat	541
confederations	541
nutrex	541
carotenoids	541
whitesnake	541
chippendale	541
tyrannical	541
infinitesimal	541
gillman	541
lanas	541
tugjobs	541
scharf	541
unboxed	541
fishbowl	541
harmonia	541
spouting	541
humbling	541
willingham	541
truer	541
limes	541
glenbrook	541
mentored	541
devore	541
burglaries	541
wrecker	541
effluents	541
katharina	541
martians	541
outperformed	541
unaccounted	541
giraffes	541
pressuring	541
machin	541
sullen	541
prolonging	541
battering	541
tablespace	541
kraut	541
superficially	541
carbone	541
upstart	540
refocus	540
crouse	540
capsicum	540
reams	540
beeper	540
remakes	540
infeasible	540
landrover	540
divulged	540
wholesaling	540
shrunken	540
tanabe	540
quays	540
subfield	540
reprehensible	540
cornerstones	540
sequent	540
retries	540
donnas	540
provokes	540
dedicating	540
darkstar	540
cheatham	540
knitters	540
staplers	540
wailers	540
silentnight	540
procite	540
hollins	540
confessing	540
forbade	540
incursions	540
houseboats	540
woofers	540
referent	540
pieced	540
oocyte	540
arching	540
specular	540
impersonate	540
gloriously	540
adhesions	540
homesearch	540
gourds	540
worsted	540
nevermore	540
vibratory	540
endorsers	540
mattson	540
sanguine	540
acorns	540
dominator	540
slung	540
fairlane	540
waterpark	540
codice	540
stabbin	540
rowers	540
shockingly	540
headbands	540
vagrant	540
telehealth	540
beekeeping	540
dataflow	540
swastika	540
longsleeve	540
mangosteen	540
highlighters	540
empties	540
bight	540
proliferate	540
encyclical	540
dominos	540
powerbar	540
fells	540
decibel	540
josephs	540
morgen	540
penfield	540
backhand	540
activators	540
dormer	540
marton	540
stasis	540
pythons	540
barrios	540
underprivileged	540
panics	540
industrialists	540
provera	540
carabiner	540
competently	540
miscellanea	540
admixtures	540
prolongation	540
tucks	540
arnica	540
jacko	540
eldercare	540
embarks	540
uprooted	540
sublingual	540
talons	540
distorts	540
germaine	540
dualism	540
milian	540
sinfonia	540
grandmas	540
cannibals	540
intrigues	540
oxytocin	540
winfast	540
pounce	540
genealogists	540
marchant	540
marbury	540
vedas	540
subsidizing	540
panier	540
ables	540
oxbow	540
mouthfuls	540
instilled	540
stalinist	540
dually	540
decibels	540
calyx	540
truetone	540
argentino	540
valour	540
mightily	540
refurbishing	540
pashto	540
ragdoll	540
unwieldy	540
perpetuated	540
phill	540
chancellors	540
exaggerating	540
coram	540
prepayments	540
penalize	540
smoldering	540
refinanced	540
tweedy	540
coarsely	540
nicobar	540
arrayed	540
eyetoy	540
shallots	540
textpattern	540
oddbins	540
withstanding	540
stamper	540
paneling	540
dampening	540
jockstraps	540
thickens	540
hissing	540
pedometers	540
northville	540
crumpled	540
lakehead	540
jojoba	540
takeuchi	540
compressible	540
tabulations	540
outcrop	540
intrude	540
topmost	540
batching	540
libertas	540
rosaries	540
behest	540
colada	540
kells	540
pitkin	540
snatching	540
silkscreen	540
charmer	540
shutterstock	540
starkville	540
escapades	540
lipped	540
haphazard	540
infirm	540
pontiff	540
cornering	540
wendover	540
coogan	540
quagga	540
menage	540
preaches	540
motherland	540
growling	540
battletech	540
indescribable	540
corrente	540
arraignment	540
streeter	540
cartooning	540
materiality	540
ungraded	540
scabies	540
napping	540
inhomogeneous	540
weeklies	540
extrusions	540
momenta	540
toppling	540
oxygenation	540
excellently	540
wingman	540
formule	540
hillsides	540
reintroduction	540
butadiene	540
unfairness	540
unchained	540
psyllium	540
neurosis	540
permeates	540
anaphylaxis	540
overhauled	540
caskets	540
congenial	540
fervently	540
auroral	540
urinate	540
carboxyl	540
sprained	540
ravages	540
bedroomed	540
extractions	540
dilutions	540
superhuman	540
entomological	540
quantized	540
unlined	540
conclave	540
ingleside	540
humanly	540
abiotic	540
unionism	540
magnificence	540
sacramental	540
peddler	540
boycotts	540
subacute	540
crossroad	540
solicits	540
adverbs	540
ugliness	540
shavings	540
sanctioning	540
baseboard	540
helplessly	540
quintessence	540
pyrotechnics	540
crowbar	540
homebound	540
peddling	540
paintbrush	540
nettles	540
culminate	540
correlating	540
fumigation	540
preconception	540
justifiably	540
cruised	540
proposers	540
stupidly	540
lashing	540
occipital	540
electrophoretic	540
tabling	540
hundredths	540
buckskin	540
brickyard	540
floater	540
cricketers	540
freemasons	540
recluse	540
outfitting	540
displacing	540
stoning	540
blacker	540
wearables	540
substructure	540
aspires	540
isotype	540
handrails	539
telegraphic	539
revitalized	539
remaking	539
networker	539
tabloids	539
crosscut	539
mandible	539
frescoes	539
gentlewoman	539
cartouche	539
malnourished	539
knotting	539
affirmatively	539
staterooms	539
sundials	539
cloture	539
gymnasts	539
crimping	539
varnishes	539
vegetated	539
calculi	539
victors	539
brownback	539
bookman	539
trotters	539
ferromagnetic	539
phrased	539
binaural	539
puddles	539
ephemeris	539
refurbish	539
latching	539
nobleman	539
assailant	539
luxuriously	539
flatness	539
pardons	539
debauchery	539
extravagance	539
buttress	539
whisker	539
vesicular	539
foregone	539
alexandrite	539
sequined	539
overjoyed	539
rectifiers	539
compactness	539
monopolistic	539
apologists	539
unbundling	539
refilled	539
digester	539
burrowing	539
strolled	539
sororities	539
latched	539
cravers	539
lethality	539
encrusted	539
rejections	539
clashed	539
holdall	539
harpoon	539
reining	539
rewrites	539
succinate	539
machinations	539
fluorescein	539
rebroadcast	539
paraphrasing	539
supersize	539
pharmacotherapy	539
approbation	539
scratchy	539
monolayer	539
calmness	539
confound	539
separatists	539
airedale	539
exempting	539
plummeted	539
lengthwise	539
abstained	539
uninhibited	539
rejuvenating	539
emulates	539
deflate	539
cannery	539
mannose	539
decompress	539
tantrums	539
glassman	539
christen	539
logotype	539
cobwebs	539
autoclave	539
millisecond	539
expediting	539
underwrite	539
eschatology	539
electrochemistry	539
hellish	539
afferent	539
conquers	539
summarization	539
preceptor	539
underclassman	539
hominid	539
gastroenteritis	539
propionate	539
ungrateful	539
renounced	539
trumped	539
clashing	539
agglomeration	539
decomposing	539
postponing	539
horseshoes	539
keratin	539
catalase	539
disassembled	539
goldstone	539
preconceived	539
snickers	539
tilbury	539
microgram	539
hutches	539
inferring	539
ecologists	539
evictions	539
engrave	539
dishonor	539
hoarding	539
haveing	539
bauxite	539
roadless	539
commercialize	539
barrack	539
underarm	539
reconditioning	539
compatriots	539
stereotyped	539
coquille	539
antacids	539
conscription	539
enlarger	539
strainers	539
tradesman	539
lozenges	539
dizzying	539
lysates	539
embodying	539
unscathed	539
courageously	539
unopposed	539
ancestries	539
interrogate	539
taillight	539
muddled	539
smearing	539
subjection	539
evoking	539
punctuality	539
reactivated	539
acrobatic	539
detections	539
misfortunes	539
detentions	539
complexed	539
photovoltaics	539
curries	539
lectionary	539
bureaucracies	539
slinger	539
columnar	539
cliques	539
delving	539
vanquished	539
mallets	539
headlining	539
barometers	539
inquisitor	539
floored	539
inheriting	539
planktonic	539
beaters	539
enablers	539
raccoons	539
uncorrelated	539
implode	539
conceiving	539
syrians	539
indivisible	539
poetical	539
stagger	539
crusted	539
modulates	539
heraldic	539
elastomeric	539
artichokes	539
maladies	539
adjudged	539
ideologically	539
courthouses	539
princely	539
turrets	538
diatribe	538
percentiles	538
hydrodynamics	538
pression	538
misgivings	538
businesswoman	538
slither	538
presumes	538
juggler	538
worsens	538
stifled	538
mastitis	538
monoamine	538
referendums	538
preposition	538
locanda	538
urinals	538
vestibule	538
mournful	538
samsara	538
ameliorate	538
scheming	538
trigeminal	538
trashing	538
disarmed	538
transects	538
baseless	538
parliamentarian	538
picturing	538
dismemberment	538
subregion	538
suspenseful	538
quartered	538
disingenuous	538
lioness	538
appendages	538
feverish	538
neglects	538
suckling	538
bulldozers	538
spongiform	538
heaving	538
pensive	538
stereoscopic	538
trawling	538
paschal	538
cockatoo	538
radicalism	538
chickadee	538
boisterous	538
railroading	538
alleviated	538
manicured	538
outbuildings	538
pacemakers	538
decanters	538
elevates	538
panchayat	538
airfields	538
cowling	538
envisioning	538
ferment	538
bivariate	538
reinvention	538
bounties	538
incursion	538
aurelia	538
nonfamily	538
longboat	538
thinned	538
flapper	538
aircrew	538
consternation	538
preludes	538
hoisted	538
histopathology	538
internalized	538
trivially	538
aeroplanes	538
weirdest	538
wastage	538
gallstones	538
headliners	538
demagnetization	538
intravenously	538
mommies	538
modifiable	538
stargazing	538
improvisational	538
growths	538
conversant	538
torpedoes	538
sovereigns	538
coinciding	538
schoolwork	538
acquirer	538
malformation	538
consignments	538
lifelines	538
populating	538
unencumbered	538
eliciting	538
lockyer	538
categorizing	538
farmyard	538
directorates	538
condense	538
garbled	538
stroker	538
benefitted	538
unforgiving	538
hyaluronic	538
subregional	538
rocketry	538
principia	538
immobile	538
interchanges	538
guardrail	538
indisputable	538
sanitized	538
tickers	538
salicylate	538
dimmers	538
misread	538
prismatic	538
paucity	538
musicale	538
expediency	538
lieutenants	538
incubate	538
philology	538
deadbeat	538
chatters	538
agricole	538
backwoods	538
pheasants	538
thumper	538
gearboxes	538
repossession	538
untouchables	538
amulets	538
thermostatic	538
cargoes	538
eyebeam	538
accentuated	538
decaffeinated	538
disobey	538
stabilizes	538
doctorates	538
chromed	538
confections	538
thacker	538
amicable	538
enclaves	538
parakeet	538
pressman	538
prospered	538
climactic	538
barbecued	538
aboveground	538
pandering	538
radiocarbon	538
colloquy	538
refiners	538
scrolled	538
retorted	538
fiftieth	538
groupies	538
joyfully	538
shearwater	538
cleaved	538
thermoelectric	538
skittles	538
collegial	538
papillary	538
contraindicated	538
offensively	538
chaperones	538
specifiers	538
plausibility	538
blarney	538
procurements	538
attitudinal	538
hatcheries	538
magnate	538
pillage	538
vengeful	538
lunatics	538
compensable	538
agnosticism	538
retaliatory	538
impracticable	538
hospices	538
subsumed	538
pelicans	538
protozoan	538
misdirected	538
preflight	538
surrenders	538
scruffy	538
playfully	538
vibrato	538
stockman	538
ejector	538
snatches	538
deciphering	538
botanist	538
votives	538
tampons	538
sanitizer	538
glycolic	538
timidity	538
constrains	538
narcolepsy	538
silences	538
curable	538
guineas	538
ministering	538
transits	538
lithology	538
strangle	538
proscribed	537
anatomically	537
brisket	537
sleepiness	537
chattering	537
propolis	537
rescheduling	537
synchronizer	537
dominions	537
plateaus	537
ramping	537
orthodontist	537
plummet	537
deplete	537
heirlooms	537
honeydew	537
mahoning	537
transplanting	537
casuals	537
postulates	537
onlookers	537
terrapin	537
slattery	537
easiness	537
trepidation	537
squatters	537
downbeat	537
plantain	537
bambino	537
objectors	537
couscous	537
tubules	537
frailty	537
neutralized	537
tangier	537
annealed	537
reassign	537
meringue	537
crushers	537
nebulizer	537
overused	537
ragweed	537
lighthearted	537
tweeters	537
vetiver	537
mourners	537
equiped	537
reopens	537
mettler	537
minimalism	537
physiotherapist	537
boxwood	537
lithographic	537
unsalted	537
passageway	537
paddlers	537
ironstone	537
broking	537
parsonage	537
scavenging	537
outputting	537
sulphide	537
outcasts	537
mortally	537
oxidants	537
carbonic	537
unassuming	537
harborside	537
disillusionment	537
locational	537
bushveld	537
premarital	537
thruster	537
phonemic	537
erudite	537
appreciably	537
pentacle	537
equalize	537
prepositions	537
electroplating	537
grossing	537
granulocyte	537
attentively	537
misinterpretation	537
interred	537
indiscriminately	537
encumbered	537
harshest	537
quantifier	537
dishwashing	537
pigtails	537
laotian	537
neutrals	537
conspire	537
commercialized	537
bodyguards	537
recompense	537
technetium	537
oliphant	537
chisels	537
aquarian	537
bacteriological	537
centrifuges	537
phoneme	537
ellipticals	537
colonnade	537
anhydride	537
overburden	537
architecturally	537
spillway	537
spoofed	537
newsstands	537
talkies	537
dissenters	537
stutter	537
imparting	537
reticle	537
apologizing	537
bonkers	537
verdant	537
commutes	537
secrete	537
hoteliers	537
pedagogic	537
touristic	537
lounger	537
denizens	537
revamping	537
remarriage	537
tenancies	537
cockney	537
bilingualism	537
penning	537
gammons	537
abetting	537
modelers	537
leeches	537
infiltrating	537
confirmatory	537
convoys	537
ospreys	537
cooperates	537
amplifying	537
alimentation	537
conjures	537
shapely	537
aspartic	537
tunnelling	537
firecracker	537
bodhisattva	537
fairground	537
nigerians	537
shuddered	537
drafters	537
overactive	537
ornamentation	537
rearrangements	537
lynching	537
pornographers	537
dictatorial	537
uncomfortably	537
rabbinic	537
refiner	537
benjamins	537
amaranth	537
defenseless	537
jokingly	537
choreographers	537
gratified	537
participle	537
galleon	537
ketones	537
chafing	537
bipartite	537
aircrafts	537
betrays	537
sunroom	537
inwards	537
regroup	537
libertine	537
pacifism	537
immeasurable	537
fluoridation	537
consolidators	537
scammed	537
soiling	537
testator	537
distaste	537
periscope	537
offshoot	537
resolutely	537
uttering	537
germane	537
jacobus	537
practicalities	537
construe	537
hypertrophic	537
mourned	537
culpability	537
segregate	537
despotism	537
flotilla	537
fragmentary	537
verticals	537
luncheons	537
omniscient	537
gladness	537
woodcut	537
ballistics	537
generalities	536
battlegrounds	536
workdays	536
condolence	536
mistreated	536
invertible	536
brightening	536
inimitable	536
ineffectual	536
impounded	536
armorial	536
thickly	536
selflessness	536
blossomed	536
cistern	536
quadrants	536
eponymous	536
tableaux	536
steadman	536
phaeton	536
restaurateurs	536
fecundity	536
hijacker	536
relaxant	536
purists	536
surrogates	536
analysers	536
dysentery	536
funnels	536
divestment	536
debenture	536
urological	536
lysozyme	536
antihistamine	536
unexcused	536
allegorical	536
monotony	536
watchmaker	536
pyridine	536
entrainment	536
visioning	536
legalizing	536
wellhead	536
spillovers	536
unabated	536
canines	536
reminisce	536
marksman	536
rebuilds	536
publicizing	536
philosophic	536
scudder	536
mulching	536
downline	536
skyrocket	536
troubadour	536
hypnotized	536
morgenstern	536
rudeness	536
thermals	536
aborting	536
concoction	536
campfires	536
beanbag	536
heavyweights	536
intercellular	536
chronicling	536
motorcyclists	536
arthritic	536
streptococcal	536
tortoises	536
undiagnosed	536
sidecar	536
possessor	536
cichlids	536
admonished	536
skeeter	536
inbreeding	536
wintertime	536
wickedly	536
eritrean	536
maxillary	536
texting	536
arachidonic	536
mannequins	536
cartels	536
astrocytes	536
beheading	536
carbonates	536
incriminating	536
smallmouth	536
manzanillo	536
elongate	536
loggins	536
landless	536
squelch	536
unsealed	536
misinformed	536
moonrise	536
duodenum	536
journeyed	536
percussive	536
seascapes	536
compatibles	536
magnificently	536
unpunished	536
ophthalmologist	536
stationers	536
isoflavones	536
apostasy	536
vitriol	536
vicarage	536
sensitized	536
unsubsidized	536
rumbles	536
hornblower	536
compactors	536
suboptimal	536
ascites	536
febrile	536
gleefully	536
mercies	536
paralleled	536
entwined	536
mountaintop	536
striatum	536
sintering	536
bilinear	536
tagboard	536
resplendent	536
insecurities	536
airfoil	536
lignite	536
osteopaths	536
relaxants	536
scorned	536
relapsed	536
thicken	536
unleashes	536
ringside	536
innovating	536
artfully	536
pilgrimages	536
homemakers	536
repayable	536
wheelbarrow	536
morphed	536
reorganizing	536
dernier	536
silviculture	536
furnitures	536
polluters	536
centipede	536
milepost	536
puffing	536
mutagenic	536
wielded	536
futurity	536
castors	536
lopsided	536
flippers	536
nonmembers	536
quicksand	536
sheathing	536
enriches	536
finials	536
masturbators	536
trestle	536
probables	536
neophyte	536
millionth	536
housemates	536
souffle	536
spiking	536
sentinels	536
blepharoplasty	536
travertine	536
pardoned	536
wormwood	536
mulling	536
windowing	536
sighing	536
repellant	536
pergola	536
oilseeds	536
elaborating	536
cupping	536
conceals	536
glycerine	536
receivership	536
nationalistic	536
toyland	536
earache	536
billfold	536
abolitionist	536
shagging	536
unpainted	536
ringworm	535
ionizer	535
isothermal	535
unconscionable	535
throwdown	535
evading	535
commemorated	535
annunciation	535
honorees	535
undemocratic	535
dispensary	535
boondocks	535
futurism	535
coalesce	535
brougham	535
striper	535
credentialed	535
fruiting	535
redfish	535
windings	535
strongholds	535
burglars	535
inductively	535
shrimps	535
stockbroker	535
stirrup	535
viatical	535
misappropriation	535
attendances	535
photogrammetry	535
scrubbers	535
flopped	535
subtext	535
looters	535
whitewash	535
squeezes	535
subservient	535
audiologists	535
stuffer	535
lyrically	535
stubbornly	535
buckaroo	535
adoptees	535
spearfish	535
benediction	535
disobedient	535
minnows	535
seamstress	535
giardia	535
coffret	535
relatedness	535
immortals	535
transferability	535
uninitiated	535
bluffing	535
ellipses	535
eventing	535
briskly	535
afflictions	535
humoral	535
woodworker	535
weariness	535
covariant	535
subplot	535
ascendancy	535
prekindergarten	535
ingrown	535
curtailment	535
arthroplasty	535
affront	535
memorization	535
spectrophotometry	535
baileys	535
outturn	535
spearmint	535
telephoned	535
treasuries	535
energetically	535
defection	535
murmurs	535
appeasement	535
dispersing	535
tractable	535
randomizer	535
gleaner	535
necessitating	535
normalcy	535
backwash	535
ridings	535
petitioning	535
enablement	535
contactor	535
gyroscope	535
chokers	535
demeaning	535
portrayals	535
disorientation	535
tanager	535
winsome	535
mortgagor	535
presuming	535
banshees	535
equaled	535
wormhole	535
peacemakers	535
effectuate	535
longbow	535
deferring	535
sintered	535
schreiner	535
scalper	535
subduction	535
hairline	535
gatehouse	535
tartans	535
unattainable	535
unremarkable	535
lengthened	535
proletarian	535
dramatist	535
grayish	535
mineralogical	535
uncharacterized	535
hallucination	535
logarithms	535
weren't	535
workpiece	535
arousing	535
exhortation	535
synthetics	535
avocados	535
hypothesize	535
taxicabs	535
hippopotamus	535
mongering	535
homered	535
forgeries	535
haemorrhage	535
propagator	535
recline	535
thermistor	535
honeybee	535
fluvial	535
remembrances	535
saddleback	535
disturbs	535
candela	535
pedicures	535
determinate	535
waterline	535
liquidations	535
telephoning	535
collard	535
humiliate	535
schoolyard	535
typists	535
luminaire	535
ledgers	535
chorionic	535
accompaniments	535
clairvoyant	535
barrette	535
nymphets	535
oleander	535
deicide	535
mesmerized	535
kindergartens	535
bentonite	535
ferocity	535
withering	535
announcers	535
underpins	535
cordillera	535
procreation	535
exasperated	535
cropper	535
groping	535
brucellosis	535
exonerated	535
pinnacles	535
hyperglycemia	535
cabanas	535
rationales	535
scaffolds	535
shoring	535
reprisals	535
culpable	535
entryway	535
wordplay	535
medians	535
enslavement	535
absolutes	535
asunder	535
destabilizing	535
statist	535
cremated	535
universalism	535
fullback	535
slipcase	535
nonsmoking	535
collectives	535
lations	535
unharmed	535
sheaves	535
godmother	535
impresses	535
polemic	535
wallabies	535
celebrant	535
buttoned	535
sprouted	535
perfectionist	535
percussionist	535
sociocultural	535
lambskin	535
marshalling	535
backtrack	535
distinctiveness	535
colchicine	535
omelette	535
disintegrated	535
forgetfulness	535
knocker	534
sequencers	534
straddling	534
underfoot	534
unhinged	534
primeval	534
interned	534
operetta	534
horsemanship	534
pensionable	534
aviators	534
transcribers	534
destinies	534
sherbet	534
safekeeping	534
thyroxine	534
vernier	534
lanning	534
nutritive	534
unconsolidated	534
berserker	534
polyphony	534
hurrying	534
dissociative	534
inessential	534
breaded	534
overestimated	534
opportune	534
hyperthermia	534
intuitions	534
blowouts	534
dissuade	534
gatherers	534
conformations	534
revegetation	534
diskless	534
pomfret	534
nibbles	534
cornice	534
overpopulation	534
novation	534
whisperer	534
beautify	534
tannery	534
buckled	534
purveyor	534
obfuscation	534
kindled	534
chemotaxis	534
premised	534
pentathlon	534
thallium	534
stairways	534
barbiturates	534
methodists	534
cuddling	534
attenuators	534
questioner	534
fuelling	534
nakedness	534
scabbard	534
rippling	534
dietician	534
handrail	534
signposts	534
rationalism	534
rimless	534
wistful	534
lifeblood	534
autonomously	534
admires	534
moronic	534
overpowered	534
acidification	534
pervades	534
regurgitation	534
alfresco	534
laureates	534
sellout	534
elucidation	534
inpatients	534
fumbled	534
confided	534
escalators	534
mumbling	534
redbirds	534
abstaining	534
lancers	534
infectivity	534
upwelling	534
confederates	534
paladins	534
spillover	534
continuations	534
stretchers	534
contractile	534
toenails	534
terminators	534
upsurge	534
inequitable	534
reptilian	534
misnomer	534
braiding	534
ointments	534
organometallic	534
tugging	534
odorless	534
fissile	534
heckler	534
opulence	534
organelles	534
gastronomic	534
dictatorships	534
centigrade	534
dismissals	534
woodpeckers	534
parkers	534
coursing	534
ornithological	534
patrician	534
assistantship	534
tourniquet	534
windshields	534
whippet	534
melodramatic	534
microsomes	534
moonlighting	534
inexperience	534
chicane	534
casement	534
foursomes	534
serially	534
dispersive	534
earplugs	534
apprised	534
thoughtless	534
rehabilitating	534
munchies	534
misalignment	534
racketeering	534
generalizing	534
sheared	534
blasphemous	534
statutorily	534
unaided	534
candidature	534
curried	534
clapped	534
evolutionists	534
progestin	534
squishy	534
greenies	534
maximizer	534
blockages	534
fatherland	534
evergreens	534
myasthenia	534
buzzards	534
torsional	534
shamans	534
pantothenic	534
smocked	534
masterfully	534
penumbra	534
faulted	534
spermatozoa	534
maggots	534
genitourinary	534
handkerchiefs	534
snagged	534
punishes	534
incisions	534
carboxylase	534
decennial	534
disciplining	534
herbalist	534
acquiescence	534
subrogation	534
disaffected	534
anticoagulants	534
peroxidation	534
forename	534
charlatans	534
chronicled	534
lapidary	534
inundation	534
resistances	534
caraway	534
curatorial	534
earshot	534
physiologically	534
sublicense	534
multiverse	534
effervescent	534
transfiguration	534
skimmers	534
bluestone	534
punctured	534
coughed	534
investigatory	534
reductive	534
leftmost	533
reassembly	533
repaying	533
heliport	533
carillon	533
hydrants	533
streaking	533
niggers	533
thiamin	533
pronouncement	533
refrained	533
tugboat	533
slewing	533
deanery	533
equalized	533
shallower	533
cortisone	533
patriarchs	533
polycyclic	533
subspaces	533
midrash	533
contralateral	533
respectability	533
commode	533
radiometric	533
overeating	533
overbearing	533
townspeople	533
adoring	533
trodden	533
administrated	533
huskers	533
referenda	533
ventilators	533
stockpiling	533
debited	533
bequeathed	533
grumbling	533
flatulence	533
decently	533
metaphorically	533
saguaro	533
chlorides	533
glitters	533
austerity	533
spondylitis	533
egotistical	533
reaming	533
euphemism	533
synchronizes	533
diverging	533
biphenyls	533
megaphone	533
uninvited	533
cantaloupe	533
carburetors	533
carvers	533
comatose	533
trappers	533
aniline	533
hydrograph	533
androgens	533
inclusiveness	533
decodes	533
misprints	533
forgetful	533
conceding	533
brightened	533
inconveniences	533
tricyclic	533
hydrogeology	533
gyration	533
pathfinders	533
reshuffle	533
trombones	533
oxalate	533
evinced	533
photogenic	533
nonferrous	533
uneasiness	533
confusingly	533
dockside	533
condensers	533
manzanita	533
thalamus	533
situate	533
steppers	533
vaccinia	533
escapade	533
spaceships	533
throttling	533
hungarians	533
madrigal	533
devises	533
speedster	533
ditched	533
homicidal	533
mesenteric	533
signpost	533
saturate	533
trenching	533
unsecure	533
reducers	533
workhouse	533
sensitively	533
orchestre	533
deterring	533
polyhedron	533
discharger	533
trillions	533
unorganized	533
discriminates	533
preinstalled	533
whalers	533
predeceased	533
smuggle	533
laboring	533
anadromous	533
centralize	533
accrues	533
autocratic	533
teenaged	533
titania	533
pulsatile	533
interfaced	533
overheat	533
pascual	533
nickles	533
simulcast	533
counterclaim	533
hydrates	533
fingernail	533
disguises	533
angstroms	533
unmanageable	533
denunciation	533
ducking	533
perusing	533
villainous	533
sanitizing	533
cellist	533
elderberry	533
paramilitaries	533
terrazzo	533
steadfastly	533
bookbinding	533
interferences	533
rusting	533
slicker	533
abstention	533
conservationist	533
bolling	533
reconvened	533
radiates	533
disjunction	533
lifesaver	533
genealogies	533
ruthlessly	533
internalization	533
lovelock	533
falsify	533
ratifying	533
swagger	533
flicked	533
voltmeter	533
windjammer	533
emigrate	533
alleluia	533
syntactically	533
accomplices	533
hellcat	533
glasser	533
cheetahs	533
marketability	533
deadlocked	533
nonproprietary	533
monocyte	533
mandrel	533
solidification	533
actinic	533
recompiled	533
manipulators	533
toothless	533
rabbinical	533
frankincense	533
creosote	533
cloakroom	533
commendations	533
comprehended	533
textural	533
ponchos	533
detours	533
bravest	533
crevice	533
grownups	533
telltale	533
progenitors	533
foxtail	533
persecute	533
impersonator	532
dedicates	532
unworkable	532
voracious	532
phagocytosis	532
miscarriages	532
rescuer	532
massacred	532
bookplate	532
asynchronously	532
sequelae	532
excrement	532
amyotrophic	532
signification	532
quarrels	532
remoteness	532
togetherness	532
dollhouses	532
hematoma	532
dominus	532
luteinizing	532
dihedral	532
evidencing	532
splinters	532
podiatrist	532
gymnasiums	532
internationalized	532
resonators	532
epithet	532
senescence	532
unimpressed	532
ravenous	532
contravene	532
mandolins	532
subpopulations	532
overplay	532
elution	532
wreckers	532
camphor	532
savagery	532
navigated	532
protectionist	532
pretensions	532
thunders	532
councilors	532
ruddock	532
remodelling	532
comings	532
windproof	532
timekeeper	532
enforcers	532
crinkle	532
inversions	532
farthing	532
edibles	532
crevices	532
wringing	532
superpowers	532
naturism	532
understory	532
collegian	532
tearful	532
evangelization	532
betwixt	532
florent	532
molesting	532
unmistakably	532
postsynaptic	532
purpura	532
subpoenaed	532
actuals	532
interleaving	532
psychotherapists	532
ruminant	532
heterologous	532
dyspnea	532
salicylic	532
plucking	532
rickshaw	532
formalization	532
interpolate	532
mantels	532
stomper	532
naphthalene	532
silencers	532
reprimanded	532
rebelled	532
thunderous	532
fabulously	532
overblown	532
encloses	532
sorties	532
bridgeman	532
claymore	532
cantatas	532
hyphenation	532
revives	532
blacksmithing	532
suitors	532
toleration	532
forking	532
genocidal	532
minutiae	532
dissipative	532
calcification	532
caseworker	532
deviated	532
intravascular	532
cybernetic	532
exerciser	532
sleight	532
spectrograph	532
velveteen	532
nonpayment	532
shutoff	532
headlined	532
skirted	532
coachman	532
kirkman	532
daybook	532
snowballs	532
elucidated	532
reappeared	532
comprehending	532
reckons	532
inexhaustible	532
manipulates	532
puzzler	532
fainted	532
pianoforte	532
fleshed	532
haywards	532
winking	532
mastodon	532
clarinets	532
telephonic	532
wallaby	532
racecourses	532
exemplars	532
straights	532
firmament	532
ribonuclease	532
cerulean	532
bilberry	532
grossed	532
interrelationship	532
cottons	532
thoroughness	532
articulates	532
confessor	532
gooseberry	532
aimlessly	532
ligature	532
endometrium	532
sagittal	532
pronouncing	532
dazzled	532
consuls	532
faulting	532
thrusters	532
bellwood	532
newness	532
ascetic	532
bearable	532
attesting	532
uninspired	532
khalifa	532
reminiscing	532
eligibles	532
hothouse	532
milkweed	532
patella	532
slicers	532
nonhuman	532
eyewitnesses	532
quantifiers	532
relegation	532
endeavored	532
placket	532
inflorescence	532
chipmunks	532
halogenated	532
demonstrative	532
arthropod	532
formate	532
bigoted	532
formers	532
discordant	532
uprights	532
levying	532
forearms	532
proteolysis	532
mortician	532
quickies	532
columbo	532
slurping	532
resorption	532
inhibitions	532
orpheum	532
electromagnetism	532
grandsons	532
tempers	532
quinine	532
pedophilia	532
thirtieth	532
illegality	532
paraphrased	532
beanstalk	532
radially	532
signposted	532
stigmata	532
bushland	532
pathologies	532
permeated	532
cadastral	532
retards	532
convexity	532
resentful	532
headlands	532
complementation	532
saintly	532
envisages	532
auditioning	532
adjuncts	532
jeweller	532
cryptology	532
scribbles	532
gangland	532
conjunctions	532
bluebell	532
lasseter	532
diethyl	532
embellish	532
telepathic	532
disinfect	532
moonlit	532
intercepting	532
melange	532
denounces	532
costumed	532
trilateral	532
watermarked	532
vacuolar	532
obstetrical	532
perfecto	532
operability	532
dedications	532
recurrences	532
ulceration	532
aftertaste	532
dampened	532
stalkers	532
obscuring	532
methacrylate	532
demoted	532
nullify	532
refines	532
infarct	532
tricking	531
liquidating	531
compacting	531
corroborate	531
shuffles	531
psychosomatic	531
frictional	531
monolayers	531
placeholders	531
philately	531
repairable	531
prefectural	531
loathsome	531
disequilibrium	531
springbok	531
revolutionizing	531
harmonizing	531
twisters	531
icebergs	531
sacking	531
skinless	531
sauerkraut	531
costuming	531
clapper	531
substations	531
beautician	531
syntheses	531
underpaid	531
stealthy	531
upswing	531
interrogators	531
mistaking	531
hooligan	531
packagers	531
gunnery	531
dyspepsia	531
digestible	531
augments	531
unsweetened	531
daydreams	531
fluorite	531
pyrolysis	531
convenes	531
annihilate	531
apologist	531
gynecologist	531
tartrate	531
candidly	531
honorably	531
attentional	531
deceptions	531
snorted	531
shivered	531
overexposure	531
replenished	531
massless	531
assailants	531
fitment	531
degeneracy	531
hostelling	531
lemming	531
appends	531
consummated	531
insurable	531
obstinate	531
earthwork	531
artesian	531
jeopardized	531
pipelined	531
retinoblastoma	531
backdoors	531
serology	531
alphabetized	531
disoriented	531
buttock	531
ergodic	531
superseding	531
retrace	531
glasshouse	531
revolvers	531
broadcasted	531
gregarious	531
inductees	531
torrential	531
nightgown	531
splurge	531
bombard	531
magpies	531
drooping	531
adjudicate	531
inconsiderate	531
mousetrap	531
swirled	531
warlike	531
participative	531
preprinted	531
supplication	531
fretted	531
begonia	531
screamer	531
declarant	531
practicals	531
posthumously	531
dieters	531
overhanging	531
impropriety	531
maligned	531
repackaged	531
roaches	531
barbarous	531
expressiveness	531
cording	531
scepter	531
aphrodisiacs	531
writhing	531
scrapie	531
enticed	531
ironclad	531
exclaim	531
littering	531
petaling	531
vestiges	531
rustling	531
clavier	531
recaptured	531
freestone	531
formulaic	531
earthworm	531
phonemes	531
marauders	531
lifeguards	531
antiserum	531
seismicity	531
answerable	531
triplicate	531
pectoral	531
stickiness	531
cataclysmic	531
hustlers	531
derision	531
unlogged	531
parachuting	531
dutifully	531
resampling	531
honoree	531
orangutan	531
maddening	531
nontoxic	531
falconry	531
spratly	531
lexicons	531
backboard	531
preconceptions	531
plundered	531
marchers	531
bicolor	531
credenza	531
annulus	531
newtons	531
conspirator	531
promiscuity	531
transitioned	531
gallantry	531
whisked	531
outcrops	531
interlocutory	531
desertion	531
acrobatics	531
katakana	531
arguable	531
eclampsia	531
demotion	531
wherewith	531
siliceous	531
sailfish	531
circulates	531
manatees	531
fenugreek	531
meteorologists	531
restorer	531
botulism	531
pyridoxine	531
coldness	531
depolarization	531
spellbinding	531
grouchy	531
valances	531
mobster	531
luminaires	531
brazier	531
castaways	531
internationalist	531
godliness	531
powerboating	531
prostatectomy	531
maliciously	531
showmanship	531
clutched	531
cantons	531
enveloping	531
wrights	531
tangles	531
scrivener	531
meanest	531
aerobatic	531
carabiners	531
refutes	531
subsequence	531
cardioid	531
hollows	531
luckiest	531
officiate	531
subspecialty	531
biannual	531
congeniality	531
vasculitis	531
substantiation	531
capitation	531
songbirds	531
oppress	531
grandfathers	531
weatherman	531
aldehydes	531
greedily	531
streptomycin	530
padlocks	530
overberg	530
nostril	530
impedes	530
tombstones	530
wavering	530
barbarism	530
staphylococcal	530
autobiographies	530
razorback	530
playboys	530
surmise	530
inscrutable	530
underbelly	530
groomer	530
saluted	530
reducible	530
protectorate	530
evacuations	530
hieroglyphics	530
materialist	530
landlady	530
potentiation	530
vertebra	530
dartboard	530
blameless	530
polenta	530
absurdly	530
garnished	530
probative	530
scallions	530
corporeal	530
partiality	530
passivity	530
circumscribed	530
roundabouts	530
octaves	530
disposes	530
emanate	530
rummage	530
objectivism	530
legalities	530
headstrong	530
championing	530
bumbling	530
politicos	530
pickling	530
refuting	530
scantily	530
makings	530
slovakian	530
befriended	530
professing	530
nestling	530
immortalized	530
starches	530
noblest	530
urologists	530
levitation	530
submited	530
bloodthirsty	530
haemoglobin	530
weightings	530
rossiter	530
lamenting	530
reaffirming	530
bobbins	530
vindictive	530
splenic	530
pyrimidine	530
triptych	530
rifleman	530
triumphed	530
difficile	530
overloads	530
marmite	530
vagaries	530
undaunted	530
hemming	530
defiled	530
stillborn	530
faltering	530
overrule	530
humanists	530
discounters	530
constructivism	530
triceps	530
obstetrician	530
conceited	530
naissance	530
neonate	530
shopkeepers	530
mortification	530
monogamy	530
roofers	530
deadman	530
combats	530
indulgences	530
aquaria	530
fattening	530
stupidest	530
revisits	530
legibly	530
digesting	530
undelivered	530
polythene	530
uncontrollably	530
impermissible	530
crocheting	530
idleness	530
arbitrate	530
redheaded	530
peritonitis	530
closers	530
entombed	530
diverged	530
undergrads	530
pontifical	530
tetrachloride	530
shuffleboard	530
sleeplessness	530
overdone	530
revulsion	530
ferrier	530
overheated	530
demobilization	530
goldenseal	530
deflectors	530
fishhooks	530
cleanses	530
secondment	530
porpoise	530
backless	530
oligarchy	530
inguinal	530
herbivores	530
clothings	530
spammed	530
psychical	530
mycology	530
heartedly	530
areolas	530
dribbling	530
celadon	530
mouthwash	530
liquefaction	530
troglodytes	530
timpani	530
wagging	530
jayhawk	530
germinate	530
chrysanthemums	530
volcanism	530
misdeeds	530
ruminants	530
farrier	530
earnestness	530
shockers	530
monolingual	530
uighur	530
undercurrent	530
allocable	530
steerage	530
taxonomies	530
calenders	530
ballers	530
denatured	530
intraperitoneal	530
subjectively	530
disrepair	530
filamentous	530
incompressible	530
granary	530
ecliptic	530
befitting	530
statuses	530
whitish	530
melanin	530
irreconcilable	530
authentically	530
divorcing	530
concocted	530
schnapps	530
essayist	530
carports	530
supranational	530
misrepresenting	530
blacked	530
pollster	530
colloids	530
dowsing	530
headpiece	530
bookies	530
terrains	530
unwashed	530
detaining	530
virtuosity	530
interscholastic	530
magnolias	530
precompiled	530
oratorio	530
camillus	530
appurtenances	530
figment	530
wearily	530
northernmost	530
enchanter	530
glazier	530
theistic	530
unscientific	530
withstood	530
permeation	530
playpen	529
anchovy	529
heaviness	529
knapsack	529
earings	529
brachial	529
eroticism	529
consciences	529
tourneys	529
extinctions	529
tenderers	529
remodels	529
sunland	529
prototypical	529
inflected	529
linseed	529
jeopardizing	529
staccato	529
polyhedral	529
downsides	529
waistline	529
nonimmigrant	529
refusals	529
politicized	529
refuelling	529
mutational	529
impermeable	529
cacophony	529
outrages	529
cuneiform	529
footstool	529
lectern	529
romancing	529
uncircumcised	529
emblazoned	529
duplicative	529
gravitate	529
wrangling	529
bennetts	529
confiscate	529
tablelands	529
restorers	529
mongrel	529
vaccinate	529
forewarned	529
afterhours	529
degenerated	529
eventide	529
hashish	529
disodium	529
lymphoblastic	529
glomerulonephritis	529
inhalers	529
impairing	529
dispossessed	529
uncommitted	529
locomotor	529
mopping	529
fantastical	529
reconnecting	529
nebulous	529
gainful	529
misspelling	529
orthodontists	529
nondiscriminatory	529
benzoate	529
lessees	529
grenadier	529
anachronism	529
methodically	529
fluctuates	529
stiffened	529
duplications	529
sustainment	529
temporomandibular	529
whimper	529
whomsoever	529
viciously	529
fiddlers	529
monogamous	529
patentable	529
incised	529
hypersonic	529
indistinct	529
counterbalance	529
elicits	529
redemptions	529
chlorination	529
invents	529
loungers	529
flicking	529
presynaptic	529
spectrophotometer	529
spaniels	529
squeegee	529
shatters	529
wantage	529
tenfold	529
neurosurgical	529
jammers	529
concertina	529
scoured	529
desiccant	529
layaway	529
salmonids	529
stewardess	529
daydreaming	529
furthered	529
limnology	529
intercoms	529
chancel	529
advantaged	529
lamprey	529
eliminations	529
inexorably	529
diverter	529
merchandisers	529
washout	529
worships	529
inhabits	529
pigskin	529
domestication	529
oppositional	529
appendage	529
crustacean	529
geographer	529
divestitures	529
recycles	529
fusions	529
naphtha	529
clairvoyance	529
treetops	529
debunked	529
orthographic	529
activations	529
oversea	529
mosquitos	529
girdles	529
narrates	529
heartbroken	529
lameness	529
digitizers	529
cementitious	529
bannock	529
encircling	529
crating	529
ferrule	529
tightrope	529
ignites	529
repainted	529
caressed	529
infinitive	529
hysterically	529
enrolls	529
shortbread	529
incantation	529
blissfully	529
monsignor	529
croutons	529
domestics	529
unpretentious	529
poachers	529
sounders	529
galvanic	529
malaysians	529
cornflower	529
parlance	529
lethargic	529
drunkard	529
monopole	529
conveyances	529
majored	529
catalyze	529
nosocomial	529
calkins	529
bronzes	529
profited	529
enchiladas	529
amplifies	529
baywood	529
startle	529
heartbreakers	529
snowbirds	529
micrometers	529
smashes	529
exterminate	529
buckshot	529
erector	529
drumsticks	529
electrodynamics	529
interludes	529
paratrooper	529
chalcedony	529
erasable	529
traditionalist	529
intermissions	529
cichlid	529
juxtaposed	529
cruciate	529
buckhorn	529
rooming	529
smallholder	529
spiller	529
lithosphere	529
gravelly	529
forgings	529
flowmeter	529
inconspicuous	529
reconvene	529
dismissive	529
cashews	529
toxoplasmosis	529
soapstone	529
psychopath	529
sandblasting	529
opossum	529
greenstone	529
stockbrokers	529
tickles	529
outdraw	529
interregional	529
powerboats	529
kickbacks	529
lurkers	529
pipelining	529
crampons	529
sardine	529
meshing	529
diffusing	528
meniscus	528
resubmitted	528
interstates	528
gratuitously	528
sagamore	528
unfiled	528
aimless	528
renegotiation	528
parfait	528
theorizing	528
scavengers	528
quietness	528
massaged	528
folkways	528
subdivide	528
quotables	528
catharsis	528
overshadow	528
assignor	528
cuddles	528
sorters	528
amortizing	528
turnips	528
raceways	528
statuette	528
disburse	528
dwindled	528
elaborates	528
dispenses	528
fertilizing	528
narcissist	528
sextant	528
stomped	528
falsehoods	528
orienting	528
headstones	528
donning	528
planers	528
mealtime	528
oxidoreductases	528
lustful	528
irrelevance	528
mollusks	528
worshiped	528
rebuked	528
nonmember	528
necrotic	528
cloisters	528
presumptuous	528
toothache	528
misstatement	528
papilloma	528
phenols	528
presage	528
moistened	528
unadulterated	528
hegemonic	528
reciprocate	528
exploitative	528
urticaria	528
unacceptably	528
psychomotor	528
reinvest	528
salmonid	528
afforestation	528
serenata	528
tidying	528
smokies	528
subseries	528
sorbitol	528
salamanders	528
maneuverability	528
lensing	528
rekindle	528
piglets	528
suffocating	528
litigated	528
sweatshops	528
mongers	528
igniting	528
frowning	528
snacking	528
cafeterias	528
whiskies	528
praetorian	528
annuitant	528
periodontics	528
greases	528
matchless	528
refinish	528
prohibitively	528
broilers	528
wolters	528
cholinesterase	528
deformable	528
morgans	528
boatman	528
unconcerned	528
newlywed	528
heritability	528
negates	528
metastable	528
orthography	528
semiotic	528
shriners	528
exterminator	528
backbones	528
misbehavior	528
conjured	528
acrylate	528
singaporeans	528
holotype	528
vaulting	528
garnering	528
syncope	528
nuisances	528
gossiping	528
freshen	528
retrievals	528
cheerios	528
instrumentalist	528
sternum	528
phosphorylase	528
vibraphone	528
iguanas	528
hamming	528
overwrites	528
recirculating	528
paraded	528
desensitization	528
trifling	528
undergrowth	528
enamored	528
iteratively	528
vigilantes	528
toothpicks	528
ulterior	528
hardtail	528
asbestosis	528
inbuilt	528
recharger	528
whirled	528
enthused	528
lenticular	528
symbology	528
enlists	528
cavitation	528
scintilla	528
teardown	528
scoundrel	528
pleurisy	528
nailers	528
graveside	528
majolica	528
cumulatively	528
accursed	528
detrital	528
blaring	528
engined	528
duplicity	528
rejuvenated	528
irrefutable	528
exaltation	528
retardants	528
handiwork	528
metabolized	528
reappointed	528
joyously	528
spooler	528
heaping	528
dendrites	528
strident	528
oration	528
grunted	528
destabilize	528
internationalism	528
smokehouse	528
benzoyl	528
dreading	528
redemptive	528
longitudinally	528
endangers	528
humorist	528
grandfathered	528
nourishes	528
batched	528
stylishly	528
parallelization	528
intelligentsia	528
combative	528
posited	528
mandamus	528
ditching	528
otherworld	528
unhappily	528
chronometer	528
detonate	528
thunderstone	528
squaring	528
leishmaniasis	528
apparitions	528
fiestas	528
shrieking	528
unwinding	528
peacocks	528
wouldst	528
pocketed	527
enormity	527
potentiometers	527
coarser	527
synchrony	527
molester	527
overfishing	527
markups	527
hypnotism	527
cytosine	527
dissociated	527
exclaims	527
ceaseless	527
reconnected	527
emblematic	527
microspheres	527
carboxy	527
fertilize	527
challis	527
disengage	527
aliquot	527
guzzlers	527
digitalis	527
commonest	527
outsell	527
regains	527
unreserved	527
monotonically	527
counterattack	527
electrocardiogram	527
azimuthal	527
lessens	527
judicially	527
cobblers	527
warners	527
smattering	527
cloudiness	527
backache	527
lunchroom	527
stealthily	527
ripened	527
madrona	527
cleverness	527
authentics	527
sorcerers	527
adaption	527
nephritis	527
toenail	527
domiciliary	527
transfering	527
immunogen	527
selectman	527
waltzes	527
undirected	527
rediscovery	527
attests	527
parched	527
peaceable	527
refacing	527
overdrafts	527
hedgehogs	527
stanzas	527
posttraumatic	527
anopheles	527
tonsils	527
infuriated	527
asexual	527
dismounted	527
crestline	527
anesthesiologist	527
fluctuated	527
dormancy	527
exacerbation	527
griffins	527
incongruous	527
kindest	527
preconstruction	527
intervenes	527
yuletide	527
pipework	527
terrorized	527
thermocouples	527
rephrase	527
bonnets	527
paneled	527
sciatic	527
multiphase	527
silkworm	527
flavorings	527
militancy	527
cathodic	527
sheaths	527
palmistry	527
chloroquine	527
underfloor	527
demolitions	527
jugular	527
picketing	527
inattentive	527
precession	527
transmutation	527
evaporates	527
sectioning	527
bemused	527
uninfected	527
hacksaw	527
unexpended	527
confide	527
sweeten	527
voiceless	527
uncluttered	527
interrogator	527
sombrero	527
macaque	527
headdress	527
motorcyclist	527
tornados	527
palmers	527
footboard	527
chilies	527
spender	527
educations	527
anastomosis	527
overseers	527
insureds	527
presentment	527
hierarchically	527
imposter	527
authoritarianism	527
summoner	527
contravenes	527
dimensioning	527
perfumery	527
prudently	527
foresees	527
paratroopers	527
hilariously	527
chicory	527
subsoil	527
automorphism	527
patronizing	527
presentable	527
unifies	527
shortens	527
fruitcake	527
sultanate	527
helicon	527
adornment	527
prematurity	527
precipitating	527
entomologist	527
hearken	527
collegium	527
insolence	527
blockhead	527
inoculum	527
patting	527
irritants	527
anemometer	527
theosophical	527
elaborately	527
transversal	527
trackside	527
gaslight	527
niobium	527
presides	527
divested	527
handicappers	527
disintegrating	527
traumas	527
disseminates	527
watermelons	527
flambeau	527
doilies	527
dusters	527
silicones	527
psyched	527
tangents	527
chattel	527
channelled	527
forgives	527
waterless	527
skewness	527
functionals	527
authenticates	527
butlers	527
schoolteacher	527
transmissible	527
perforations	527
effectual	527
unstyled	527
polishers	527
diluting	527
unimproved	527
afterburner	527
arteriovenous	527
deaminase	527
paddled	527
trisomy	527
inkling	527
floaters	527
footbridge	527
gauntlets	527
blacksmiths	527
ploughing	527
strummer	527
parsimony	527
clothesline	527
arbutus	527
darting	527
tripper	527
pseudonyms	527
overshoot	527
ankylosing	527
blunted	527
pushers	527
unlinked	527
conjoint	527
inexcusable	527
mutterings	527
provable	527
heterocyclic	527
precipice	527
recalcitrant	527
outmoded	527
thoughtfulness	527
downgrading	527
harshness	527
yellowfin	527
markdown	527
enthralling	527
limping	527
refereeing	527
spyglass	527
empathize	527
processions	527
automotives	527
foodstuff	527
gluttony	527
kneading	527
prostatitis	526
windowed	526
calabrese	526
commercialism	526
crumbles	526
unpatriotic	526
templars	526
wranglers	526
bandstand	526
frameless	526
anionic	526
digestibility	526
enquired	526
cascaded	526
aphorisms	526
forages	526
syllabics	526
chambered	526
consumptive	526
melancholic	526
cathartic	526
noisily	526
habilitation	526
readjustment	526
denaturation	526
unaccountable	526
trickling	526
commoner	526
reminiscence	526
nuclease	526
descendent	526
invalidation	526
recreates	526
fetishism	526
assented	526
hybridized	526
overcharged	526
flagstone	526
genealogist	526
inferential	526
sanctify	526
maisonette	526
misbehaving	526
wearers	526
insolent	526
dispositive	526
neuropathic	526
homemaking	526
comprehensiveness	526
beastly	526
reclusive	526
fortresses	526
substantively	526
letdown	526
matrons	526
symbolizing	526
nonesuch	526
boycotting	526
solenoids	526
legibility	526
contactors	526
cyclopedia	526
heresies	526
arcanum	526
annihilated	526
schooler	526
tardiness	526
compatibilities	526
linearization	526
solanum	526
incredulous	526
buckler	526
flopping	526
trawlers	526
availabilities	526
dilettante	526
perfused	526
astrodome	526
peasantry	526
reactant	526
letterpress	526
oppressors	526
lorimer	526
washcloth	526
melding	526
lubricate	526
pinkish	526
blurted	526
electromagnetics	526
tutelage	526
balaclava	526
merited	526
stitcher	526
spirituals	526
concretely	526
playhouses	526
bursitis	526
operatively	526
prefectures	526
shellac	526
furthers	526
superfine	526
jambalaya	526
epidemiologist	526
peculiarity	526
decrepit	526
writeable	526
encroaching	526
cathepsin	526
solemnity	526
equivocal	526
reconciliations	526
crucifixes	526
preconfigured	526
disengaged	526
distilling	526
taining	526
bottlenose	526
bestest	526
unofficially	526
assailed	526
saloons	526
meiotic	526
dithering	526
incensed	526
veneration	526
miseries	526
hypochlorite	526
personification	526
scuttle	526
pontifications	526
scintillating	526
magnetite	526
rougher	526
aliased	526
corkscrews	526
supplanted	526
sardonic	526
confectionary	526
eventuality	526
raiment	526
disused	526
detoxify	526
striders	526
stooped	526
carbons	526
dysfunctions	526
schedulers	526
feudalism	526
starlite	526
minuscule	526
multifocal	526
landscaper	526
watchdogs	526
magister	526
unlocker	526
crotchet	526
microorganism	526
bolting	526
lumbering	526
fixated	526
skelter	526
counterweight	526
fourfold	526
bracketing	526
disintegrate	526
unconjugated	526
biosynthetic	526
spoilage	526
refrigerating	526
recessions	526
biologicals	526
replenishing	526
abutment	526
minibuses	526
immemorial	526
prescient	526
instilling	526
roading	526
indwelling	526
deforest	526
pilotage	526
documentations	526
unabashed	526
circuses	526
guanosine	526
patentability	526
diagonals	526
grammatically	526
sidenote	526
spanners	526
subconsciously	526
photochemistry	526
haitians	526
circumflex	526
biplane	526
specificities	526
freeborn	526
overpower	526
barrens	526
jitterbug	526
receptionists	526
expounded	526
downpour	526
subcontracted	526
outlast	526
tortious	526
spearheading	525
newsreaders	525
brinker	525
housemate	525
easygoing	525
soundproof	525
vanille	525
labouring	525
aliquots	525
unbleached	525
splattered	525
fathering	525
nothings	525
unevenly	525
dangles	525
colonist	525
adduced	525
guzzling	525
flagpoles	525
escapement	525
ladybugs	525
unrequited	525
utilitarianism	525
sunspots	525
alludes	525
commuted	525
sequitur	525
denominators	525
silversmiths	525
gingivitis	525
ingesting	525
weightless	525
realign	525
vibrancy	525
annulled	525
barangay	525
covertly	525
nucleoplasm	525
medullary	525
foreboding	525
favoritism	525
dearing	525
thimbles	525
tailing	525
stoichiometry	525
feedings	525
fortuitous	525
autumnal	525
walkout	525
peddlers	525
caliphate	525
tensors	525
visualizer	525
despotic	525
adoptable	525
intermolecular	525
militaristic	525
beholden	525
rollbacks	525
apostate	525
temptress	525
faltered	525
pharynx	525
migrates	525
smallish	525
attractors	525
diffusive	525
osteosarcoma	525
disablement	525
dishing	525
tricycles	525
organelle	525
distanced	525
vespers	525
outscored	525
urchins	525
kinesis	525
sailings	525
pharyngeal	525
reactants	525
extrasolar	525
safflower	525
studentships	525
resurface	525
implore	525
fracturing	525
nosebleed	525
deviousness	525
saddlebags	525
tenements	525
emption	525
dragnet	525
thinnest	525
ineligibility	525
anthropomorphic	525
hedonic	525
minimizer	525
delineating	525
myocytes	525
mnemonics	525
pulsation	525
hitching	525
crankcase	525
predates	525
herniated	525
obediently	525
marinate	525
ruthenium	525
skyrocketed	525
earthworms	525
vesuvius	525
playwriting	525
hippodrome	525
grapher	525
paleolithic	525
confidant	525
disparaging	525
impolite	525
discographies	525
fishpond	525
hitchhiking	525
enchilada	525
revivals	525
heterosexuals	525
completers	525
irrigate	525
mangoes	525
runnable	525
whistled	525
aggregations	525
lancing	525
austrians	525
arbitrations	525
enslave	525
mannitol	525
unnerving	525
pyrophosphate	525
espouse	525
watchable	525
deteriorates	525
subheadings	525
conjoined	525
ticketed	525
lightened	525
galvanizing	525
abracadabra	525
specious	525
threshing	525
ratcheting	525
infliction	525
disenchanted	525
screwball	525
entranced	525
diplomate	525
endangerment	525
adenomas	525
sumpter	525
nominates	525
deprives	525
litigant	525
scimitar	525
uninterested	525
letterheads	525
conceptualize	525
cavalcade	525
hematocrit	525
improvisations	525
adulation	525
loitering	525
subarea	525
dastardly	525
fishbone	525
bitters	525
unwitting	525
expiratory	525
avarice	525
butchered	525
pointedly	525
excitable	525
interceptors	525
exciter	525
audiologist	525
alluding	525
autoimmunity	525
slugging	525
semaphores	525
sunrises	525
boreholes	525
ranchero	525
chauffeured	525
pilcher	525
insipid	525
biasing	525
sortable	525
reservist	525
dewberry	525
unfathomable	525
mannerisms	525
commonalities	525
empiricism	525
effeminate	525
compote	525
sectionals	525
straying	525
lodgepole	525
venereal	525
occultation	525
mercifully	525
matriculated	525
nonsmokers	525
cardmaking	525
pansies	525
acceded	525
obscures	525
schoolcraft	525
millage	525
kookaburra	525
monofilament	525
beekeepers	525
fluidized	525
befriend	525
romantically	525
turndown	525
newscasts	525
coherently	525
abortive	525
portail	524
embarkation	524
varnished	524
initiators	524
anemones	524
escalates	524
hunched	524
pickets	524
astringent	524
doldrums	524
rectifying	524
soothed	524
finfish	524
tolerates	524
angstrom	524
premeditated	524
decompositions	524
topically	524
floured	524
upwardly	524
poliomyelitis	524
cetacean	524
herders	524
pueblos	524
barnacle	524
dianetics	524
proteinuria	524
villard	524
sentimentality	524
tenable	524
jumbled	524
dingbats	524
pembina	524
triumphantly	524
deionized	524
scolded	524
fetters	524
vulgarity	524
perpetuation	524
succulents	524
jubilant	524
calorimetry	524
impoundments	524
samadhi	524
silesia	524
uncorked	524
auditoriums	524
tipster	524
amputated	524
reappears	524
herbalism	524
hydrogenation	524
enquiring	524
sectioned	524
diluent	524
simplifications	524
forfeitures	524
snuggled	524
softeners	524
alarmingly	524
matchstick	524
brights	524
transpersonal	524
bloodless	524
scammer	524
obliterate	524
definitional	524
sapling	524
rumblings	524
conditionality	524
hiragana	524
nightmarish	524
unbeknownst	524
peppercorn	524
suppressive	524
tadpoles	524
baboons	524
stampings	524
enamelled	524
transmittance	524
nepotism	524
industrialist	524
torments	524
rereading	524
tortuous	524
indonesians	524
polycrystalline	524
learnings	524
disinfecting	524
seafaring	524
ecclesia	524
jittery	524
repented	524
infirmity	524
selfishly	524
drudgery	524
androids	524
smarties	524
renumbering	524
parabola	524
shrubbery	524
impartially	524
imperfectly	524
ultramarine	524
slanderous	524
interminable	524
anesthetized	524
introverted	524
indomitable	524
centrifuged	524
validations	524
roadmaster	524
anchovies	524
unseemly	524
godlike	524
prosodic	524
resurfaced	524
thermography	524
evacuating	524
scrambles	524
merriment	524
retinitis	524
disappoints	524
nonvolatile	524
tightest	524
ringmaster	524
eclipsing	524
repulsed	524
unblock	524
analogously	524
replayed	524
brickwork	524
littles	524
huntress	524
calibrators	524
soulless	524
dumpling	524
presumptions	524
frontispiece	524
vivacious	524
bloodshot	524
abrasions	524
salutations	524
remainders	524
strasser	524
forsooth	524
preheated	524
bailing	524
goldfinch	524
renames	524
deathbed	524
tricolor	524
indefensible	524
brutish	524
divergences	524
rebalancing	524
masterminds	524
flailing	524
reallocated	524
photoreceptor	524
amputees	524
bunning	524
gridded	524
stampers	524
ramparts	524
disband	524
bitterroot	524
symmetrically	524
amyloidosis	524
manholes	524
hearers	524
yearlong	524
frigates	524
availed	524
cementing	524
repatriated	524
externals	524
reconsidering	524
pendency	524
damsels	524
monotheism	524
basketry	524
psychopathic	524
flexural	524
phantasm	524
morsels	524
smorgasbord	524
skirmishes	524
congratulatory	524
snicker	524
overstate	524
ghettos	524
hypericum	524
optimists	524
preparers	524
pipestone	524
extrajudicial	524
shorting	524
melodious	524
capsaicin	524
rhodopsin	524
dolomites	524
sterilizer	524
enlargers	524
aspirated	524
pacifiers	524
organismal	524
replications	524
bellarmine	524
expensed	524
religiosity	524
incidentals	524
micronutrients	524
hydrolyzed	524
maximums	524
platformer	524
norwegians	524
aerated	523
imitates	523
conjugal	523
boldest	523
monograms	523
bilaterally	523
underclass	523
enunciated	523
impound	523
strictures	523
flinging	523
discouragement	523
unsaved	523
parapet	523
dogfish	523
prodding	523
duelist	523
tolerability	523
rightmost	523
chillies	523
recheck	523
stimulatory	523
acetonitrile	523
immaculately	523
peremptory	523
unmetered	523
apatite	523
morphogenetic	523
proofed	523
unrecorded	523
crematory	523
cardona	523
glosses	523
undiluted	523
guttering	523
interposed	523
biochemist	523
jugglers	523
swapper	523
acoustically	523
airless	523
sleeving	523
methylated	523
powerlessness	523
sharpshooter	523
aboriginals	523
naively	523
nominative	523
reallocate	523
litigate	523
cleaves	523
enamels	523
fillies	523
avenging	523
unquoted	523
ploughed	523
sprinting	523
severing	523
hallmarked	523
alchemical	523
tranquilizers	523
steeler	523
martyred	523
afflict	523
ceilidh	523
pasteurized	523
adducts	523
forgettable	523
unrepentant	523
doubler	523
mimicry	523
intersected	523
exfoliation	523
exhaustively	523
vacating	523
breakouts	523
granuloma	523
tomkins	523
viridian	523
loggerhead	523
literati	523
perigee	523
erupting	523
hungrily	523
trotted	523
shutouts	523
chirping	523
immaturity	523
designees	523
vaunted	523
astride	523
alcazar	523
bondholders	523
dichotomous	523
skillets	523
twistys	523
tensioner	523
emancipated	523
spencers	523
isoleucine	523
occlusive	523
conjunctive	523
subcultures	523
receded	523
emboldened	523
thematically	523
halters	523
expectorant	523
pessimist	523
resuspended	523
suborder	523
depositional	523
eggshell	523
franking	523
consignor	523
stammered	523
monaural	523
supposes	523
liberalized	523
impinge	523
genteel	523
runabout	523
cytogenetics	523
quintiles	523
secondarily	523
desperados	523
concatenate	523
chauffeurs	523
rapeseed	523
hankering	523
hypercube	523
intramolecular	523
enumerating	523
speeder	523
orchestrate	523
unipolar	523
unicycle	523
theists	523
toiling	523
abscesses	523
embryogenesis	523
footrest	523
spiteful	523
airhead	523
governess	523
alternated	523
colander	523
intracoastal	523
earmarks	523
voiding	523
serigraph	523
collies	523
ornamented	523
smothers	523
deviously	523
inexorable	523
harmoniously	523
worshiping	523
cornwallis	523
laundered	523
improvising	523
porthole	523
strumming	523
cannula	523
cottonseed	523
terrorize	523
reformulation	523
osteomyelitis	523
grooving	523
beekeeper	523
betaine	523
gravure	523
procrastinating	523
nonresidents	523
overgrowth	523
prosody	523
stylings	523
committal	523
expletive	523
impressionists	523
grabbers	523
mouthing	523
hampering	523
bolstering	523
ornamentals	523
deferrals	523
evidential	523
pinhead	523
exhaled	523
incubating	523
colonize	523
demolishing	523
spasticity	523
undertow	523
madhouse	523
influent	523
snipped	523
pratique	523
calabash	523
sextile	523
tongan	523
brigantine	523
vinegars	523
rioters	523
persecutions	523
duffels	523
cramming	523
chuckling	523
disfigured	523
reassembled	523
articulations	523
amperes	523
citable	523
girders	523
motorboat	523
wasters	523
vulgare	523
headpieces	523
crunches	523
sphagnum	523
infighting	523
hotelier	523
transcended	522
intermezzo	522
reassemble	522
legislating	522
dextran	522
bricker	522
cookout	522
bordello	522
faintest	522
managements	522
subarachnoid	522
genitive	522
disallowance	522
uncapped	522
shutdowns	522
sharers	522
mediastinal	522
labeler	522
manifestos	522
dipoles	522
cuteness	522
guarana	522
dispersions	522
physiologist	522
imprison	522
repelled	522
barbies	522
marquess	522
precipitates	522
mortise	522
unconvincing	522
reordered	522
scouter	522
chemotherapeutic	522
disbursing	522
sleuths	522
plundering	522
abhorrent	522
belatedly	522
dimerization	522
gonadal	522
cotillion	522
flowmeters	522
grannys	522
stymied	522
rebellions	522
sympathizers	522
scribbling	522
emissary	522
muskrat	522
inhumanity	522
southpaw	522
belittle	522
repudiated	522
impeccably	522
mononucleosis	522
mumbles	522
nitrocellulose	522
recommender	522
specialism	522
brained	522
conceptualized	522
sympathetically	522
floatation	522
composes	522
peonies	522
overleaf	522
seeders	522
bobsleigh	522
visitas	522
petersham	522
whacking	522
infielder	522
interlinked	522
interlace	522
stealer	522
humanoids	522
cobourg	522
rollicking	522
telethon	522
paramagnetic	522
preconditioning	522
offhand	522
geraniums	522
farmstead	522
meridians	522
transpiration	522
protrusion	522
bashful	522
albacore	522
evocation	522
underflow	522
cognitively	522
monomeric	522
streptococci	522
currants	522
enumerations	522
steepest	522
sailers	522
heartening	522
absolve	522
conjectured	522
grandest	522
barkers	522
opportunism	522
purples	522
absorptive	522
serologic	522
acetaldehyde	522
morello	522
neurones	522
grenadine	522
slitting	522
acetylation	522
isoelectric	522
pimping	522
shipwrecked	522
welterweight	522
tacitly	522
magnetized	522
salience	522
reverberation	522
intrinsics	522
sawfish	522
quickening	522
reshaped	522
mistook	522
zipping	522
apprehensions	522
exhumed	522
imperialists	522
celestine	522
schoolmaster	522
divisors	522
citronella	522
throwaway	522
caramelized	522
straightway	522
infante	522
impressionable	522
gingerly	522
intersex	522
expulsions	522
cornfield	522
fretting	522
manufactory	522
delimitation	522
bewilderment	522
loveliness	522
surficial	522
kingfish	522
fireballs	522
acanthus	522
refrigerants	522
bluebirds	522
baloney	522
ministered	522
intelligibility	522
idiomatic	522
footings	522
scalping	522
reintroduce	522
autoharp	522
instrumentalists	522
greenback	522
omelets	522
lightship	522
herbalists	522
infuriating	522
hermits	522
obscenities	522
prestressed	522
gullies	522
unshielded	522
prerogatives	522
whopper	522
foreclose	522
histologically	522
banishment	522
tempering	522
pothole	522
fallacious	522
vestments	522
bulkheads	522
quercetin	522
profiteering	522
curvilinear	522
felines	522
leniency	522
chandlers	522
universals	522
silicates	522
scrupulous	522
thinners	522
hegemon	522
underpass	522
schematically	522
appling	522
accelerations	522
fountainhead	522
deflator	522
dermatological	522
criterium	522
paddocks	522
woodsman	522
pressings	522
coroners	522
trapezoid	522
repairman	522
lipsticks	522
clumsily	522
arrangers	522
hermaphrodites	522
sterilizers	522
turpentine	522
harmonicas	522
thickets	522
emissivity	522
personage	522
actualization	522
nectarine	522
discriminations	522
stereotactic	522
esterase	522
whitestone	521
timetabling	521
soundproofing	521
delinquents	521
benefitting	521
critiqued	521
furlough	521
snarling	521
creaking	521
bequeath	521
jetting	521
salvadoran	521
subjugation	521
felting	521
cliffside	521
newsreel	521
injects	521
nodular	521
stillbirth	521
internalize	521
catalyzes	521
unquestionable	521
prendre	521
conserves	521
chloroplasts	521
irritates	521
megalith	521
reunites	521
attenuate	521
juicing	521
stochastics	521
plantas	521
morphologically	521
vintners	521
marjoram	521
circulators	521
isotonic	521
concessional	521
aplenty	521
collimator	521
highball	521
presuppositions	521
neurosurgeon	521
tracheostomy	521
reiterating	521
spineless	521
fathoms	521
reauthorize	521
neuropsychiatric	521
ideologues	521
nuptial	521
shoveling	521
thickest	521
externe	521
bulbous	521
parasitism	521
storages	521
expound	521
biogeographic	521
exhilaration	521
neckwear	521
lordships	521
chanced	521
stonework	521
camouflaged	521
lockbox	521
fastenings	521
comfrey	521
milkman	521
pollsters	521
inexact	521
eidolon	521
remodelers	521
treeless	521
resourcefulness	521
stearic	521
aground	521
splendidly	521
feuille	521
inattention	521
integrally	521
redwing	521
discolored	521
interdependencies	521
redevelop	521
sinning	521
pronunciations	521
untagged	521
forestall	521
gnawing	521
mucking	521
crudely	521
prepping	521
testamentary	521
ciliary	521
saplings	521
bayberry	521
otherworldly	521
molesters	521
despairing	521
profuse	521
dispelling	521
attainments	521
unselect	521
couched	521
maroons	521
bestows	521
rickets	521
pullers	521
honorarium	521
traditionalists	521
horology	521
particularity	521
floodwaters	521
monopolist	521
knighthood	521
blesses	521
borderlands	521
stooping	521
sickened	521
requisitioning	521
canteens	521
thoroughfares	521
elicitation	521
penniless	521
abrogated	521
kingship	521
squashing	521
cetaceans	521
retrenchment	521
punctures	521
relapsing	521
arcadian	521
bollards	521
mobsters	521
amniocentesis	521
vastness	521
burdock	521
externality	521
initiations	521
precipitous	521
oppositions	521
detachments	521
scherzo	521
chromate	521
arsenals	521
tramping	521
thereabouts	521
betrothed	521
overvalued	521
bloomers	521
iterating	521
dispelled	521
unexploded	521
interruptible	521
prenuptial	521
pierrot	521
sameness	521
coexisting	521
scruples	521
testors	521
hotness	521
rebuffed	521
decadal	521
tomographic	521
clamoring	521
wordsmith	521
fiduciaries	521
grouting	521
visitations	521
recklessness	521
stirrups	521
crosspoint	521
intimated	521
allspice	521
squirming	521
thunderstruck	521
surreptitiously	521
clubbers	521
geneticist	521
lindane	521
procrastinate	521
transiting	521
horsetail	521
upstarts	521
brasher	521
sequestered	521
technicality	521
protectant	521
indentured	521
dodecyl	521
contraption	521
physicochemical	521
hesitating	521
histopathological	521
deadlocks	521
tanners	521
knockdown	521
nuthatch	521
subparts	521
stiffening	521
hazelnuts	521
scrutinizing	521
sprawled	521
circumferential	521
notational	521
netsuke	521
stripers	521
reappraisal	521
courted	521
symposiums	521
participations	521
condoned	521
unsavory	521
parenthetical	521
microstructures	521
bluegill	521
repackaging	521
deservedly	521
blackbirds	521
microbiologist	521
uveitis	521
gangrene	521
purplish	521
earmark	521
regattas	521
compensator	521
pineapples	521
metallicity	521
enliven	521
volatiles	521
glycolysis	521
hollowed	521
formulates	521
secreting	521
submerge	521
envelop	521
dustbin	521
dismount	521
myopathy	521
jacketed	521
grudgingly	521
pendulums	521
unafraid	521
stamens	521
psoriatic	521
launder	521
quarles	521
defroster	521
facsimiles	521
omnipotence	521
irresponsibility	521
guarantors	521
pontificate	521
weatherly	521
seaports	521
aerator	521
multistage	521
conscientiously	521
distancing	521
transiently	521
grander	520
shackled	520
lackland	520
fractionated	520
metronomes	520
linolenic	520
phytochemicals	520
hadn't	520
ultrasonics	520
granulation	520
carcinoid	520
recommit	520
abattoir	520
ironwork	520
extruder	520
brightens	520
palmitate	520
georgians	520
foursquare	520
solitaires	520
tolerating	520
receptivity	520
vibrates	520
gladden	520
agoraphobia	520
sarcastically	520
quickened	520
reverent	520
leechers	520
emanates	520
studium	520
counterparties	520
geysers	520
beckoned	520
unquestioned	520
migrator	520
scrawled	520
savagely	520
crosswalks	520
misstatements	520
meridional	520
usurped	520
micronutrient	520
inkwell	520
opalescent	520
swappers	520
monstrosity	520
contemptuous	520
reorientation	520
recognizer	520
certains	520
xylitol	520
ravishing	520
unissued	520
grumbled	520
moribund	520
killdeer	520
tillers	520
disheartening	520
orignal	520
plagioclase	520
nubiles	520
incorporations	520
channelized	520
prothrombin	520
vermiculite	520
unavoidably	520
gamecock	520
morphologic	520
synchronously	520
amenorrhea	520
delighting	520
ineffectiveness	520
homogenized	520
conjuring	520
nonexclusive	520
disjunctive	520
dutiful	520
instigate	520
legitimize	520
absurdities	520
vehement	520
edification	520
causally	520
leotards	520
unquote	520
vasodilator	520
pasties	520
theorized	520
intestate	520
buggers	520
excavate	520
insincere	520
plasters	520
aventurine	520
beckoning	520
uncompensated	520
retooling	520
latrines	520
warplanes	520
rupiahs	520
acculturation	520
eldritch	520
caravanning	520
trusteeship	520
positivism	520
lucidity	520
distill	520
leptons	520
randomize	520
invitees	520
lateness	520
extrapolating	520
allegretto	520
confectioners	520
changeling	520
nunnery	520
forefinger	520
rudiments	520
diverticulitis	520
celibate	520
heathens	520
chinaberry	520
schistosomiasis	520
relaxers	520
throwers	520
disturbingly	520
clatter	520
corroded	520
faultless	520
awkwardness	520
nonfinancial	520
praiseworthy	520
seigneur	520
wolfhound	520
funerary	520
symphonia	520
potteries	520
tributed	520
peppercorns	520
tensioning	520
beamish	520
trefoil	520
theologically	520
detracts	520
trapezoidal	520
steller	520
personalizing	520
minette	520
sundowner	520
inhalants	520
firings	520
perversions	520
quipped	520
delphine	520
renumber	520
speckle	520
interpolating	520
languishing	520
anchoress	520
copperhead	520
entrails	520
slinging	520
relishes	520
uprisings	520
subsonic	520
strabismus	520
garnishes	520
diffusivity	520
gossard	520
sultana	520
atheistic	520
unforgivable	520
adventuring	520
thrashed	520
topsail	520
catamarans	520
thermoplastics	520
regenerator	520
masseuse	520
modicum	520
midseason	520
appropriates	520
ethiopians	520
lessing	520
propellants	520
persuasions	520
steppes	520
sheathed	520
steelworkers	520
oscillate	520
derided	520
vocally	520
retrial	520
seeping	520
encroach	520
flotsam	520
centaurs	520
correlative	520
fritters	520
diametrically	520
hummers	520
neutering	520
astrocytoma	520
freakish	520
equidistant	520
hypoglycemic	520
homoeopathy	520
pallbearers	520
raindrop	520
antacid	520
vaporizer	520
showboat	520
negligently	520
irritations	519
amperage	519
studentship	519
stashed	519
descript	519
unmoved	519
endodontics	519
stunner	519
pyrotechnic	519
fancier	519
psychodynamic	519
talismans	519
anyones	519
hemostasis	519
bunnell	519
perplexity	519
serializer	519
potlatch	519
formalisms	519
giantess	519
dieticians	519
hangars	519
skyward	519
shafter	519
malfeasance	519
clowning	519
vandalized	519
polluter	519
heroics	519
westerner	519
speedwell	519
overdoses	519
dislodge	519
tithing	519
divalent	519
groomers	519
unacknowledged	519
revisionism	519
quietest	519
aptitudes	519
confusions	519
maniacal	519
alimentary	519
gerbils	519
speeded	519
slovaks	519
tuberculin	519
nurtures	519
outgrow	519
declarer	519
encroachments	519
ineffable	519
maintainable	519
rancheria	519
basicly	519
levering	519
sadomasochism	519
senegalese	519
acceding	519
flaking	519
probity	519
unflinching	519
murmuring	519
nonlocal	519
triumphal	519
wildebeest	519
issuances	519
affable	519
resurgent	519
determinative	519
renegotiate	519
schnabel	519
landlines	519
sommelier	519
pimpernel	519
helpfully	519
worshipers	519
teardrops	519
pinnock	519
pericardial	519
gingival	519
involution	519
countermeasure	519
bisexuality	519
sumption	519
disqualifying	519
discriminator	519
disaggregation	519
adulterated	519
proofreader	519
sterols	519
missive	519
scooping	519
ascends	519
splintered	519
transacting	519
oesophageal	519
recompiling	519
annoyingly	519
cabochons	519
satisfiable	519
loafing	519
roosting	519
republicanism	519
foibles	519
occluded	519
squatter	519
shibboleth	519
salespersons	519
limiters	519
unyielding	519
slurred	519
enlarges	519
blanding	519
stepson	519
sideboards	519
harbored	519
bulwark	519
speculates	519
stringy	519
misusing	519
befriends	519
sonorous	519
cohabiting	519
breastplate	519
draughts	519
resupply	519
individualist	519
intercompany	519
fashioning	519
churned	519
pistachios	519
ironies	519
reliving	519
constitutively	519
acrobats	519
tribals	519
dappled	519
ragland	519
azaleas	519
patriarchate	519
waltzing	519
thermonuclear	519
tacking	519
polemics	519
feigned	519
esophagitis	519
armrests	519
solidity	519
campagna	519
dockyard	519
indecisive	519
opportunist	519
dripped	519
redeveloped	519
epicure	519
sorbent	519
cinnabar	519
photoelectron	519
regularities	519
mammaries	519
adjudicating	519
journeying	519
speller	519
oppressor	519
metrical	519
sierras	519
tamales	519
imperia	519
immeasurably	519
hygrometer	519
haggling	519
urologist	519
toughened	519
fiendish	519
diaphragms	519
glorification	519
mothership	519
wayfarer	519
forebrain	519
expanses	519
hypothetically	519
dervish	519
irrepressible	519
interrogating	519
monadnock	519
generalizes	519
readying	519
emoluments	519
modellers	519
tangram	519
hoodlum	519
hypergeometric	519
chelate	519
typhoons	519
accompanist	519
midyear	519
unmediated	519
sidetracked	519
magnesia	519
patronize	519
impassable	519
ipsilateral	519
revamps	519
subatomic	519
paddler	519
flanker	519
obliging	519
hermetically	519
gravestones	519
uncommonly	519
decidable	519
inhospitable	519
dissension	519
playfield	519
coleslaw	519
intermingled	519
calander	519
dwarfed	519
overproduction	519
necropolis	519
quinones	519
disregards	519
grosgrain	519
ritualistic	519
surmounted	519
dissector	519
verbiage	519
moonset	519
impelled	519
nondisclosure	519
salutary	519
chemistries	519
postpones	519
capitalistic	519
draftsman	518
debrief	518
rotatable	518
infanticide	518
ribbing	518
bradycardia	518
foxglove	518
porphyria	518
effectually	518
friendlies	518
unprovoked	518
apocryphal	518
successional	518
checkouts	518
sulphuric	518
antipathy	518
storeroom	518
versioned	518
glabrous	518
bleacher	518
conquistador	518
wastebasket	518
arrowsmith	518
overcurrent	518
unknowable	518
lozenge	518
formwork	518
topside	518
stockpiled	518
displayable	518
honeypot	518
upheavals	518
recharges	518
plaguing	518
plasterers	518
wallflowers	518
touristy	518
hardens	518
alister	518
separatism	518
paroled	518
imagers	518
covalently	518
ideation	518
expelling	518
uniques	518
terrorizing	518
obliges	518
pertained	518
beneficent	518
petroglyphs	518
occultism	518
luxuriant	518
mulatto	518
plausibly	518
stapling	518
recuperation	518
concubine	518
unfocused	518
complimenting	518
courtly	518
dampness	518
circulator	518
lightheadedness	518
kampong	518
internists	518
silversmith	518
peterman	518
phallic	518
platitudes	518
pigweed	518
porphyry	518
deviating	518
breakneck	518
catamounts	518
mesenchymal	518
taunted	518
goldilocks	518
chelating	518
catapulted	518
bubbled	518
tinctures	518
mementos	518
soloing	518
caseworkers	518
teratology	518
semicolons	518
ushering	518
mortified	518
curation	518
upturned	518
mechanization	518
pressly	518
subtyping	518
cordage	518
hobbled	518
nibbling	518
unsophisticated	518
gestured	518
nightie	518
meatless	518
chutneys	518
institutionally	518
digression	518
astonish	518
topline	518
calpers	518
cognizance	518
savoring	518
harlequins	518
crossbows	518
vaginitis	518
nearness	518
jesters	518
tutored	518
procurator	518
leftism	518
plaintive	518
misting	518
disreputable	518
sarongs	518
dressmaker	518
reaffirmation	518
publican	518
boycotted	518
afterimage	518
precluding	518
circumventing	518
arrowheads	518
debutante	518
aileron	518
hedonistic	518
reanalysis	518
rebuffs	518
refractories	518
handmaid	518
chemises	518
sputter	518
yellowtail	518
obsessively	518
handily	518
impostor	518
mycorrhizal	518
ponderous	518
mishandling	518
evaporating	518
shoppes	518
banister	518
scrupulously	518
checkups	518
floodgates	518
intruding	518
rationalist	518
culturing	518
baptize	518
immigrate	518
carbonaceous	518
quixotic	518
athleticism	518
construing	518
misreading	518
nasopharyngeal	518
fatigues	518
relaxer	518
princesse	518
unequaled	518
swazi	518
occupancies	518
horning	518
subsist	518
subfamilies	518
militaries	518
nutters	518
beholding	518
multicellular	518
shallows	518
cedarwood	518
gunsmith	518
adjuvants	518
beagles	518
phlebotomy	518
unjustifiable	518
cloverleaf	518
sported	518
quaking	518
frothing	518
commingled	518
refraining	518
approvers	518
nuclide	518
coasting	518
throughly	518
electrocution	518
alleviates	518
microscopically	518
animism	518
conciliatory	518
stiffen	518
credibly	518
schemata	518
toxicities	518
siltation	518
louvers	518
logbooks	518
showman	518
officiated	518
distemper	518
subterfuge	518
syncytial	518
psalmist	518
nonrecurring	518
compositor	518
aspired	518
runnels	518
lowther	518
pictograms	518
penitent	518
anglaise	518
lamentation	518
monteith	518
apportion	518
basswood	518
patrimony	518
lectureship	518
downtrodden	518
curlers	518
belgians	517
lambeau	517
sanitize	517
promulgating	517
functionaries	517
solider	517
concessionary	517
gusting	517
quintin	517
broadcloth	517
leveler	517
balling	517
layover	517
ineptitude	517
pleasuring	517
slacking	517
alkaloid	517
glittery	517
vicariously	517
amendatory	517
asymptotics	517
handedness	517
unmount	517
tetrahedral	517
fascinate	517
unhandled	517
constricted	517
appealable	517
campana	517
baronet	517
atresia	517
oxidizer	517
bombastic	517
turnoff	517
scoffed	517
mallards	517
thieving	517
combiner	517
multicore	517
electrotechnical	517
blowback	517
snarled	517
circumpolar	517
unearthly	517
bacteremia	517
predestination	517
fiducial	517
foreshadowing	517
regulus	517
radiograph	517
themself	517
oligopoly	517
trichloroethylene	517
prospectors	517
languid	517
histones	517
reviled	517
coverlet	517
papermaking	517
anachronistic	517
starkly	517
fearfully	517
fingerless	517
intermix	517
secretariats	517
impersonating	517
outdoorsman	517
smoothest	517
musketeer	517
unhindered	517
meanders	517
fiddles	517
furlongs	517
homogenization	517
neurofibromatosis	517
arraigned	517
fogging	517
tabulate	517
whitewashed	517
fumarate	517
gilding	517
twining	517
sickest	517
explication	517
violette	517
formated	517
outlawing	517
humanely	517
breakable	517
struthers	517
rainstorm	517
outland	517
teletype	517
incompletely	517
phrasal	517
kilowatts	517
sigmoid	517
defectors	517
acolyte	517
gadolinium	517
frangipani	517
uttermost	517
imperator	517
dielectrics	517
lillies	517
headstock	517
candlebox	517
realists	517
sheepish	517
sedated	517
encephalomyelitis	517
objectivist	517
upholsterers	517
aftershocks	517
incestuous	517
edifying	517
dreadfully	517
expressionist	517
contemptible	517
unfailing	517
untoward	517
gloster	517
invigorate	517
aisling	517
acrylonitrile	517
chlorite	517
patentee	517
troublemaker	517
dislodged	517
overcharging	517
synonymy	517
bellwether	517
obviate	517
defloration	517
representativeness	517
getters	517
primero	517
saluting	517
beguiling	517
bayonets	517
sheaffer	517
indeterminacy	517
playfulness	517
irrationality	517
bandanna	517
photometer	517
whodunit	517
confluent	517
mistrial	517
wilding	517
anthracene	517
impingement	517
redecorating	517
jewelled	517
mediations	517
noncommutative	517
tensioned	517
conglomeration	517
interlocked	517
lanolin	517
familias	517
stringers	517
premonition	517
autoradiography	517
quadriceps	517
turnarounds	517
sureties	517
grunting	517
remodeler	517
overzealous	517
baubles	517
personages	517
biogeochemistry	517
exigencies	517
sanitarium	517
heightens	517
bacilli	517
marveled	517
swallowtail	517
alginate	517
incommunicado	517
fossilized	517
unheated	517
cultivator	517
crimper	517
quintus	517
crucify	517
falsifying	517
julienne	517
gazetted	517
mirador	517
instigator	517
fathered	517
maleate	517
incrementing	517
committer	517
blushes	517
equivalences	517
eavesdrop	517
sycamores	517
axially	517
shrieked	517
instrumentalities	517
officiant	517
familiarization	517
derailment	517
peroxides	517
emirate	517
inventiveness	517
corroboration	517
backplate	517
teetering	517
cottontail	516
capitulation	516
batemans	516
aspirant	516
airbrushed	516
germinal	516
tunings	516
passageways	516
vindicate	516
underscoring	516
channelling	516
remixing	516
repelling	516
slumping	516
internode	516
echelons	516
fallible	516
pantheism	516
prolongs	516
jawbreaker	516
strutting	516
stenting	516
succumbing	516
incalculable	516
soliloquy	516
organon	516
bloodstock	516
colorimetric	516
caresses	516
stenciling	516
collings	516
infusing	516
numismatics	516
indolent	516
scintillator	516
myelogenous	516
stackers	516
bittern	516
quayside	516
thistles	516
orchestrating	516
idiosyncrasies	516
asparagine	516
inducements	516
abetted	516
daystar	516
silvicultural	516
expending	516
letcher	516
stranding	516
intentionality	516
devalued	516
accusative	516
sweltering	516
outpace	516
cohesiveness	516
verdigris	516
bedfellows	516
employable	516
hedgerows	516
hydrography	516
productid	516
equilibration	516
narrowest	516
revving	516
exigent	516
rebounder	516
disapproving	516
bactericidal	516
interrogative	516
deadpan	516
spacings	516
squealing	516
drawable	516
feverishly	516
sneaked	516
discretely	516
repurchased	516
remapping	516
persuasively	516
mathematic	516
kempster	516
walloon	516
septicemia	516
squalor	516
reassessed	516
hyperplane	516
lyophilized	516
quadrilateral	516
panelled	516
pretreated	516
denitrification	516
gracilis	516
peristaltic	516
bulking	516
violative	516
fabricant	516
chaplet	516
clincher	516
narrate	516
painlessly	516
releasers	516
radioisotope	516
treacher	516
ascender	516
paraplegia	516
triticum	516
glorifying	516
straddles	516
gleamed	516
longshore	516
valiantly	516
macrobiotic	516
infallibility	516
reroute	516
airpark	516
pedaling	516
exacerbating	516
quashed	516
comport	516
trailering	516
adamantly	516
mythologies	516
herbivore	516
suppository	516
underestimating	516
radishes	516
chivers	516
neurotrophic	516
circumvented	516
hosters	516
pollinated	516
deeming	516
conformist	516
frighteningly	516
flaccid	516
devastate	516
photodynamic	516
aggressors	516
unguarded	516
colliders	516
prodded	516
collinear	516
obliteration	516
sterner	516
internist	516
pochette	516
destinys	516
downstate	516
broadsheet	516
womanly	516
surmised	516
accelerometers	516
northwards	516
outwith	516
judiciously	516
pneumothorax	516
hypersensitive	516
photosensitive	516
reuniting	516
worshipper	516
severable	516
fibroid	516
regretting	516
rehydration	516
scolding	516
amputations	516
dimpled	516
massing	516
leathery	516
snorkels	516
auditioned	516
sattler	516
endoscope	516
memorandums	516
apostrophes	516
rationalized	516
grimace	516
bribing	516
guardsman	516
unbecoming	516
boatbuilding	516
bridles	516
dejected	516
pannier	516
parotid	516
zeolites	516
megaliths	516
embargoed	516
pilling	516
chiseled	516
bistros	516
empathic	516
iterates	516
bathhouse	516
squander	516
blanked	516
swarmed	516
bonefish	516
dragoons	516
genotypic	516
basketballs	516
fiberboard	516
seismological	516
shafted	516
landholders	516
lipodystrophy	516
cradled	516
comparably	516
spurring	516
protractor	516
plaything	516
unoriginal	516
trolled	516
calfskin	516
abominations	516
underdevelopment	516
hallman	516
strangling	516
cultivators	516
basting	516
insignificance	516
moderato	516
deceiver	516
cartographer	516
radiations	516
subsample	516
sputtered	516
inducer	516
simples	516
ruggles	516
imaginatively	516
subsides	516
uncollected	516
acceptors	516
composted	516
blanched	516
silverback	516
furnishers	516
allemand	516
vegetal	516
ironside	516
indirection	516
unequalled	516
mimetic	516
hemochromatosis	516
reincarnated	516
dependences	516
rubbery	516
temperamental	516
dyskinesia	516
collisional	516
spooked	516
nauseous	516
mesoderm	516
attractant	516
brandishing	516
crewman	516
tailpipe	516
pullback	516
chronicler	515
ribonucleic	515
settlor	515
paleontological	515
diagramming	515
potencies	515
infiltrates	515
disproved	515
debutantes	515
whitener	515
stoichiometric	515
redbird	515
coquette	515
vermouth	515
cochlea	515
audiophiles	515
remarking	515
coliforms	515
localizing	515
masterwork	515
punctually	515
accuracies	515
annotating	515
unwillingly	515
inflicts	515
undoubted	515
biotics	515
cholecystectomy	515
formless	515
clubhouses	515
shipmates	515
marabou	515
doubtfully	515
whoring	515
gassing	515
reticent	515
dabbling	515
daylighting	515
depreciable	515
negating	515
exertions	515
hopscotch	515
wallboard	515
retentive	515
embargoes	515
relapses	515
flexibilities	515
spiralling	515
plodding	515
speedboat	515
bookmobile	515
deserter	515
rending	515
polyphenols	515
realizable	515
stomatitis	515
concomitantly	515
consign	515
homesteading	515
mantles	515
neatness	515
adornments	515
dramatics	515
grosbeak	515
unbeliever	515
kitchenettes	515
parading	515
breccia	515
relaunched	515
curiouser	515
backhouse	515
decomposes	515
unconvinced	515
quantifies	515
filibusters	515
honking	515
experimenters	515
crazies	515
confederated	515
axisymmetric	515
gapping	515
neurogenic	515
brainwash	515
candids	515
fabricants	515
reinsurers	515
theocratic	515
drinkable	515
cormorants	515
overwhelms	515
autopsies	515
plummeting	515
pejorative	515
halides	515
embankments	515
chunked	515
callosum	515
halving	515
speculator	515
biphenyl	515
confection	515
thingies	515
valvular	515
accountabilities	515
listless	515
wheaten	515
remunerated	515
copperas	515
deprecating	515
lumberjacks	515
professorial	515
downcast	515
bloodstone	515
decapitation	515
seamanship	515
tribble	515
baddest	515
orthogonality	515
pomegranates	515
naysayers	515
bondsman	515
malling	515
sportive	515
harmonium	515
watchmaking	515
newsrooms	515
rationalizing	515
latrine	515
flyback	515
undeserved	515
unexplainable	515
tweezer	515
washrooms	515
gulping	515
beeline	515
implicates	515
principalities	515
excelling	515
gametes	515
misadventure	515
subhead	515
dramatists	515
carboxylate	515
legionnaires	515
servile	515
pacifists	515
pintail	515
bloodied	515
benzoic	515
homesites	515
rickety	515
enchantments	515
laggards	515
marzipan	515
rewriter	515
unselected	515
castrated	515
woodchuck	515
prosaic	515
sincerest	515
homeworks	515
imprudent	515
catapults	515
bimodal	515
gesturing	515
deliberated	515
snubbed	515
suffocate	515
dehydrator	515
humerus	515
applauding	515
epithets	515
sporulation	515
floundering	515
undersized	515
preserver	515
knowest	515
sniffers	515
revolts	515
flatland	515
macaques	515
stepdaughter	515
wharves	515
canvassed	515
chastisement	515
quaternion	515
standouts	515
goering	515
unmitigated	515
orientalism	515
unplayed	515
abbreviate	515
pictorials	515
perpetuates	515
matriarch	515
flirtation	515
reconstitute	515
striatal	515
maduros	515
courtiers	515
carboniferous	515
kerning	515
bruiser	515
equanimity	515
agitators	515
venerated	515
stowage	515
subclinical	515
grumbles	515
binational	515
frustrates	515
nephrologists	515
contras	515
merganser	515
assimilating	515
cofounder	515
fanciers	515
corrigendum	515
dynamometer	515
subjunctive	515
airbrushing	515
perishing	515
inaugurate	515
accumulators	515
extensional	514
noiseless	514
worshipful	514
warlocks	514
trunked	514
spurned	514
percale	514
hecatomb	514
legalese	514
abraxas	514
midstream	514
curtailing	514
immunogenicity	514
chastised	514
musculature	514
sparklers	514
deportations	514
controllability	514
incrimination	514
forethought	514
viscera	514
kenyans	514
smirked	514
excitability	514
subpopulation	514
unscrew	514
graveyards	514
exterminated	514
bronzed	514
basenji	514
workbenches	514
glaziers	514
windscreens	514
markman	514
postpaid	514
costumer	514
proportioning	514
musicales	514
subtotals	514
peptidases	514
effectors	514
lascivious	514
gobbles	514
asthmatics	514
dumbing	514
grapples	514
dispassionate	514
unionization	514
bringer	514
aplastic	514
supernatants	514
scarecrows	514
unrecoverable	514
charmingly	514
drillers	514
wettest	514
procrastinator	514
glimpsed	514
partaking	514
firebrand	514
bathymetric	514
newsboys	514
neuroanatomy	514
conners	514
deprecation	514
intimation	514
glimmering	514
floodlight	514
disbelieve	514
debuting	514
ghosting	514
corticosterone	514
synergistically	514
retracting	514
predispose	514
physicals	514
exterminating	514
retransmissions	514
revolted	514
gynecomastia	514
bunched	514
predisposing	514
diagrammatic	514
thalamic	514
palaeolithic	514
sectarianism	514
litigating	514
genting	514
fusible	514
anarchic	514
deliberating	514
presentational	514
kimonos	514
episcopalian	514
resubmission	514
underpayment	514
diopter	514
repudiate	514
overlords	514
advisability	514
unspent	514
tendinitis	514
prearranged	514
festering	514
heritable	514
extradited	514
relinquishing	514
automat	514
garnets	514
haploid	514
interleave	514
triumvirate	514
walkable	514
unimpeded	514
epidemiologists	514
diatonic	514
professes	514
colposcopy	514
stickler	514
wherewithal	514
shrieks	514
sartorius	514
backfired	514
ominously	514
crosscutting	514
rhizomes	514
ablution	514
windbreaker	514
handcuff	514
cephalic	514
birdbath	514
vacuous	514
coherency	514
griddles	514
schimmel	514
equilateral	514
parasols	514
underestimates	514
peloton	514
munition	514
dichroism	514
colorized	514
radiosurgery	514
greeter	514
ducklings	514
delineates	514
resonated	514
serfdom	514
pawnbrokers	514
gossips	514
kiddush	514
scuffle	514
wallflower	514
formalizing	514
uncritical	514
infatuated	514
stormer	514
housebreaking	514
rhythmically	514
riotous	514
florets	514
greeters	514
thrombotic	514
directorship	514
abrogate	514
embittered	514
withstands	514
unleavened	514
nucleolar	514
stockade	514
determinable	514
clinker	514
strawman	514
degreaser	514
biphasic	514
waterproofs	514
henchman	514
redback	514
patrolman	514
devolve	514
basilisk	514
balderdash	514
fearlessly	514
tobaccos	514
weirder	514
suppers	514
coalescence	514
remitting	514
fluttered	514
untrustworthy	514
exhorted	514
recurve	514
copperplate	514
ravines	514
firecrackers	514
federalists	514
detoxifying	514
unabashedly	514
howitzer	514
overturns	514
myoglobin	514
lanthanum	514
diverts	514
interjection	514
springwood	514
sandstones	514
architected	514
bazaars	514
elastin	514
strenuously	513
sharpens	513
wildness	513
stranglers	513
synergism	513
architecting	513
compensations	513
novellas	513
academicians	513
deathly	513
timesaving	513
unloved	513
chickweed	513
fairyland	513
lifeboats	513
crutcher	513
slowdowns	513
industrially	513
stingers	513
rekindled	513
entreat	513
publicists	513
intervertebral	513
noncompetitive	513
brainless	513
annihilator	513
floodway	513
placate	513
caduceus	513
cocking	513
damiana	513
reviewable	513
immunochemistry	513
coeducational	513
abounding	513
crisper	513
ambidextrous	513
beakers	513
poacher	513
pussycats	513
invisibly	513
intercede	513
polytope	513
bicyclist	513
superlatives	513
certifiable	513
adjunctive	513
plebiscite	513
hosanna	513
subgrade	513
phosphatases	513
overlaying	513
ontogeny	513
blustery	513
courtier	513
linkers	513
vaporization	513
blotted	513
aerobatics	513
copulation	513
impetuous	513
leaguers	513
paroxysmal	513
grammes	513
arborist	513
uncaring	513
shrouds	513
ambergris	513
clearness	513
embroider	513
proration	513
obfuscated	513
piranhas	513
emollient	513
unchangeable	513
choroid	513
magisterial	513
tatting	513
recites	513
anguished	513
postoperatively	513
meteoric	513
immersing	513
equalled	513
unrepresented	513
arithmetical	513
terrarium	513
royally	513
retrain	513
diffractive	513
swordplay	513
blindfolds	513
garners	513
floriculture	513
minders	513
eyewash	513
topcoat	513
silverfish	513
dishonorable	513
quadrupled	513
thwarting	513
crackpot	513
scurrying	513
bracers	513
stockpot	513
micrograph	513
guzzler	513
frostings	513
subverted	513
heterogenous	513
rewinding	513
impregnation	513
singlets	513
fluorides	513
printings	513
silicosis	513
retrievable	513
maltose	513
rookery	513
automatics	513
immolation	513
broadsword	513
inconsistently	513
blankly	513
bonfires	513
chantry	513
spiritualized	513
diverges	513
cloudless	513
conflagration	513
recordation	513
endocrinologists	513
fondant	513
undermount	513
dethroned	513
spiritus	513
marksmanship	513
vestige	513
seedless	513
arteritis	513
shoeing	513
cheerfulness	513
cataclysm	513
transshipment	513
dissipating	513
positioner	513
redshirt	513
pinpointing	513
millman	513
fatherless	513
certifier	513
acclimation	513
stingrays	513
capsular	513
evangelicalism	513
blubber	513
appeased	513
solariums	513
pageantry	513
iconoclast	513
disparage	513
coauthors	513
phraseology	513
chessboard	513
quadrangles	513
repainting	513
kinesthetic	513
sellars	513
verifiers	513
righting	513
breakups	513
rampaging	513
conundrums	513
membranous	513
nonfederal	513
striding	513
toileting	513
nepenthes	513
stirrer	513
calligraphic	513
tuberous	513
panelling	513
braving	513
prayerful	513
ejections	513
quotients	513
transfixed	513
undercarriage	513
torched	513
gliomas	513
immunologists	513
tucking	513
pretenses	513
dehydrogenases	513
herrings	513
parcells	513
groundless	513
prancing	513
amelioration	513
errored	513
toolboxes	513
repetitious	513
bivalve	513
legislations	513
snatchers	513
prestressing	513
colostomy	513
holidaymakers	513
extractable	513
enthroned	513
overburdened	513
decried	513
dwindle	513
multiplexes	513
wholesales	513
hyperfine	513
acquiesce	513
alacrity	513
drawbridge	512
geographics	512
overhauling	512
quizzed	512
locative	512
zimbabweans	512
peninsulas	512
pulverized	512
biochemicals	512
cutoffs	512
overstocked	512
hypodermic	512
segmenting	512
nonequilibrium	512
heathers	512
mugging	512
wirehaired	512
uncivil	512
puppeteer	512
nondescript	512
checkoff	512
temperaments	512
consulter	512
simpleton	512
howsoever	512
geneticists	512
nystagmus	512
nelsons	512
unsympathetic	512
pegging	512
boggles	512
expectancies	512
commies	512
jointer	512
woodcuts	512
multipole	512
rejoinder	512
nationhood	512
differentiator	512
condescension	512
chugging	512
cellulitis	512
troublemakers	512
conservators	512
cephalopods	512
nucleosides	512
otherness	512
ironworks	512
goalkeepers	512
skipjack	512
protrude	512
fadeaway	512
scrapper	512
plurals	512
uncertified	512
psychotherapeutic	512
phosphoprotein	512
abolitionists	512
pointwise	512
flustered	512
photolysis	512
penfold	512
poisonings	512
starships	512
tandems	512
regressed	512
algebraically	512
compactly	512
epigenetic	512
corsage	512
laboured	512
enumerates	512
sterilize	512
unreliability	512
collimation	512
interventionist	512
relinquishment	512
clothier	512
cession	512
expunged	512
impoverishment	512
forfeits	512
unrecognizable	512
heeding	512
recurse	512
stylistically	512
congeners	512
magmatic	512
plication	512
wordless	512
replanting	512
sleepily	512
knockouts	512
prowling	512
chemiluminescence	512
dissing	512
ultrafiltration	512
lettuces	512
thresholding	512
revelry	512
surrogacy	512
chambray	512
propensities	512
retracts	512
metaphase	512
unaffordable	512
uninjured	512
hogging	512
buckthorn	512
haywire	512
storybooks	512
pastoralists	512
ligated	512
reinterpretation	512
litigious	512
perimeters	512
disheartened	512
ruinous	512
overage	512
marlies	512
bewitching	512
ponderings	512
icehouse	512
lugging	512
equalizing	512
backstop	512
leadoff	512
accusers	512
sunshade	512
synaptics	512
reorganizations	512
cuttlefish	512
roadsides	512
tactically	512
leukemias	512
furrows	512
throngs	512
sarcophagus	512
scribbler	512
toccata	512
tonality	512
likenesses	512
courtrooms	512
foodies	512
pervading	512
marionettes	512
fermenting	512
harpist	512
ruptures	512
paralyze	512
genistein	512
toxicants	512
antithetical	512
tilling	512
crimped	512
hereunto	512
stadion	512
quickstep	512
shastri	512
languish	512
feathery	512
reasoner	512
adorning	512
amateurish	512
interspecific	512
sidings	512
varietals	512
craniosacral	512
salukis	512
drumbeat	512
jubilation	512
clinching	512
washcloths	512
zeroing	512
tropicals	512
pastiche	512
sandpipers	512
dosimeter	512
abeyance	512
liberators	512
trellises	512
seropositive	512
snagging	512
iniquities	512
incinerated	512
syntactical	512
purring	512
squinting	512
rosehill	512
invalidating	512
strolls	512
gentian	512
impressionistic	512
flagellar	512
hemoglobins	512
cicadas	512
shagged	512
phallus	512
gradations	512
indenting	512
nasties	512
websters	512
appetizing	512
foramen	512
encamped	512
intaglio	512
doorknob	512
trifles	512
ethology	512
backcourt	512
lockups	512
mesmerize	512
nutcrackers	512
extracorporeal	512
downdraft	512
glaciation	512
suiting	512
hesitates	512
intensifier	512
soundboards	512
paralytic	512
villars	512
eastwards	512
subtitling	512
asinine	512
parsimonious	512
pinafore	512
disposer	512
gethsemane	512
neuropathology	512
feverfew	512
thermogenic	512
hakka	512
necropsy	512
upriver	512
hostesses	512
southwesterly	512
subverting	512
foreknowledge	512
galleys	512
godfathers	512
chapped	512
bodegas	512
sunning	512
farcical	512
tweenies	512
indents	512
professorships	512
semiclassical	512
reprocessed	511
placebos	511
equitation	511
incited	511
superyacht	511
formating	511
shebang	511
dilutive	511
colorants	511
unobligated	511
knowledges	511
rhythmical	511
rippled	511
cystine	511
hydrazine	511
tresses	511
collides	511
agitating	511
escapist	511
gunshots	511
electorates	511
frankness	511
cheeked	511
travails	511
shapeshifter	511
tercentenary	511
linesman	511
homoeopathic	511
granddaughters	511
ptarmigan	511
outlived	511
curfews	511
penicillins	511
repulse	511
basaltic	511
sievers	511
sensorimotor	511
dogfight	511
governorate	511
middling	511
metamorphoses	511
inactivate	511
challah	511
ureteral	511
diacritics	511
antihero	511
moorman	511
freewill	511
minstrels	511
administrate	511
proximately	511
fourthly	511
skullcap	511
spirometry	511
knighted	511
malcontent	511
torchlight	511
embarrassingly	511
formals	511
emanated	511
glassworks	511
southerner	511
glossed	511
persevered	511
homilies	511
serviceman	511
moonbeam	511
unelected	511
baguettes	511
hounded	511
orifices	511
exclaiming	511
cluttering	511
northeasterly	511
longings	511
thresher	511
dominicans	511
alleyway	511
overcharge	511
evangel	511
helmsman	511
institutionalize	511
meditated	511
robustly	511
chordal	511
shuddering	511
homesteads	511
abrogation	511
spatiotemporal	511
jutting	511
recoding	511
deliverer	511
yttrium	511
interuniversity	511
allopathic	511
hedgerow	511
embalming	511
histochemical	511
extradite	511
vehemence	511
immanent	511
unfunny	511
dipolar	511
woodworks	511
sneered	511
chattels	511
vacuole	511
pincher	511
sulfoxide	511
brambles	511
imperiled	511
vitiligo	511
gambles	511
disembark	511
ecclesiology	511
potentiality	511
unmixed	511
resettled	511
grieves	511
doggies	511
irreversibly	511
recuperate	511
striated	511
tumbles	511
bronzing	511
mangling	511
elucidating	511
unlockable	511
snuggling	511
frogman	511
angelfish	511
extragalactic	511
filtrate	511
debarred	511
flyaway	511
dandelions	511
gristmill	511
repositioned	511
bulgarians	511
lammers	511
apologia	511
nationalization	511
provincially	511
rocketed	511
coaxing	511
protectorates	511
punditry	511
navigates	511
preying	511
straightaway	511
kosovar	511
cryostat	511
spatulas	511
subsisting	511
melcher	511
strived	511
metamorphism	511
dialectics	511
secondaries	511
bladders	511
overexpressed	511
oxidizers	511
railroader	511
olefins	511
shuttered	511
alchemists	511
beetroot	511
regretfully	511
sandblasted	511
interlocks	511
overhangs	511
praline	511
agitate	511
abdication	511
discontents	511
shindig	511
quartzite	511
underestimation	511
botanists	511
aligner	511
rattler	511
ballade	511
foreheads	511
replacer	511
narrating	511
conceptualizing	511
rerouting	511
stubbornness	511
extensor	511
lacerations	511
eyesore	511
cesspool	511
stirrers	511
dyeable	511
banality	511
questing	511
piggies	511
nationalized	511
distantly	511
samarra	511
averting	511
tapeworm	511
shallot	511
paralleling	511
regionalization	511
centromere	511
chemotactic	511
sarcomas	511
combatting	511
teamster	511
beached	511
fringing	511
multinomial	511
thousandth	511
interlocal	511
bendable	511
resonating	511
regrouping	511
segregating	511
flexure	511
solutes	511
sacrilege	511
demagogue	511
changement	511
whitewood	511
forebears	511
stipulating	511
glyceraldehyde	510
propping	510
bartering	510
propanol	510
storable	510
expanders	510
straighter	510
weirdly	510
arounds	510
underminer	510
overstocks	510
cryogenics	510
adipocytes	510
skintight	510
cyclamen	510
rejoices	510
stilettos	510
spotlighted	510
hematological	510
summery	510
panniers	510
convertors	510
carapace	510
ventilate	510
eardrum	510
resells	510
telegraphy	510
herpetology	510
refocusing	510
northwesterly	510
bedazzled	510
psychophysiology	510
elastics	510
necrotizing	510
spieler	510
birdland	510
monasticism	510
golders	510
strangler	510
legalistic	510
respirable	510
musicality	510
chameleons	510
waistcoats	510
transitivity	510
montages	510
patisserie	510
chalked	510
marvelously	510
strangulation	510
crossbones	510
bailiffs	510
singling	510
infirmities	510
basalts	510
baddies	510
denigrate	510
pericarditis	510
diphenyl	510
jointing	510
freckled	510
plenipotentiary	510
gambled	510
marooned	510
inverts	510
unimaginative	510
swashbuckling	510
gratify	510
hydraulically	510
dauphine	510
conjunct	510
alkanes	510
proofreaders	510
certainties	510
overprint	510
fittingly	510
biotite	510
trinitarian	510
exercisers	510
indictable	510
starlings	510
carding	510
periodontitis	510
coffeehouses	510
shortsighted	510
operant	510
infringer	510
goshawk	510
indemnities	510
possums	510
parenchyma	510
electioneering	510
saddlebag	510
moisten	510
bricklayer	510
loggerheads	510
forints	510
centralizing	510
dildoing	510
thrombus	510
demoralized	510
peopled	510
maracas	510
instantiating	510
swooped	510
doctored	510
heterozygosity	510
blockades	510
folkloric	510
leathercraft	510
deterrents	510
sludges	510
modernists	510
flanger	510
quieted	510
lifesavers	510
albumen	510
stemmer	510
widowers	510
angiogenic	510
penthouses	510
encircle	510
photoreceptors	510
mustards	510
jujitsu	510
peepers	510
voyagers	510
tendrils	510
weevils	510
retouch	510
ratchets	510
nullification	510
chinchillas	510
lection	510
supportable	510
ostensible	510
burgoyne	510
exacerbates	510
malarial	510
senates	510
dioramas	510
exasperation	510
fourche	510
ventilatory	510
liveness	510
whereon	510
entente	510
metatarsal	510
somersault	510
simmered	510
unsubscribed	510
mainsail	510
cresson	510
hodgepodge	510
promptness	510
falters	510
resuscitate	510
excommunicated	510
circulations	510
playmaker	510
spooling	510
distracts	510
scalding	510
storekeeper	510
muskets	510
witchery	510
wingless	510
predilection	510
gibbous	510
wavered	510
floodlights	510
educative	510
laparotomy	510
cantonal	510
combustor	510
firelight	510
dreamlike	510
contrivance	510
anesthetist	510
bushies	510
hayseed	510
unobservable	510
localizer	510
unclassifiable	510
scatters	510
escapism	510
overhauls	510
wallowing	510
sandbags	510
forecourt	510
hindrances	510
erythroid	510
repartee	510
hackberry	510
crossway	510
eluting	510
revealer	510
chiming	510
dissonant	510
gayatri	510
northerners	510
modulations	510
synthesised	510
philanthropists	510
micelles	510
retaliated	510
poplars	510
deflections	510
knightly	510
debater	510
millinery	510
endeavoring	510
irresistibly	510
ethicist	510
comically	510
substratum	510
porpoises	510
orangutans	510
mousses	510
persuades	510
ousting	510
rapports	510
foreshadowed	510
nibblers	510
meekness	510
intransitive	510
audibly	510
invincibility	510
pinochle	510
curcumin	510
polonaise	510
salvaging	510
obliquely	510
uneasily	510
lamellar	510
dischargers	510
bifurcations	510
wrestles	509
dissipates	509
stoppages	509
climaxes	509
starchy	509
squeamish	509
arboriculture	509
toboggan	509
zoologist	509
bronchi	509
eccentricities	509
drainages	509
deflecting	509
bleeder	509
baggies	509
potentialities	509
waisted	509
exacerbations	509
litigator	509
airships	509
stepchild	509
shoelaces	509
presuppose	509
cussing	509
affectation	509
flickers	509
abdicate	509
reframing	509
switchback	509
archdeacon	509
missional	509
superchargers	509
wiggling	509
toreador	509
ornithologists	509
teachable	509
spurrier	509
elasticized	509
pretension	509
descents	509
sabotaging	509
vicissitudes	509
tormentor	509
micrographs	509
postilion	509
expunge	509
externs	509
dissimilarity	509
neutralizer	509
posttest	509
decoherence	509
palpation	509
plovers	509
evolutionist	509
grudges	509
myocarditis	509
perversity	509
convulsive	509
inflame	509
haphazardly	509
valeurs	509
numerators	509
blizzards	509
freighters	509
bunkhouse	509
perryman	509
pathetically	509
bluster	509
endosperm	509
snobbery	509
blastocyst	509
remedying	509
leukemic	509
erectors	509
witching	509
depreciate	509
episcopalians	509
gendarme	509
illusionist	509
resurrecting	509
eisteddfod	509
imperceptible	509
lyricism	509
fattest	509
topologically	509
commemoratives	509
stockyards	509
jessamine	509
palatial	509
estrogenic	509
prelate	509
flippant	509
contravened	509
zodiacal	509
libations	509
reversibility	509
convivial	509
unimpressive	509
plastid	509
grubbing	509
commoners	509
preform	509
spooled	509
cruncher	509
cultivates	509
thankfulness	509
vasoconstriction	509
informality	509
unturned	509
workroom	509
urogenital	509
mudguards	509
outgoings	509
undercutting	509
presupposition	509
censured	509
academician	509
hayfield	509
controler	509
relished	509
membered	509
inaccurately	509
pluralist	509
feuding	509
saviors	509
wheelwright	509
anodizing	509
commissar	509
supramolecular	509
instigation	509
mineralized	509
disorganization	509
bubbler	509
indefatigable	509
overthrowing	509
maudlin	509
abbotts	509
requesters	509
excusable	509
extricate	509
displaces	509
provocations	509
kayakers	509
distilleries	509
missteps	509
landman	509
doubters	509
deplore	509
swizzle	509
defrauded	509
multicomponent	509
tweaker	509
harting	509
hieroglyphs	509
hemolysis	509
cabbages	509
literacies	509
saboteur	509
oesophagus	509
macadam	509
agglutination	509
tickler	509
bronchoscopy	509
windstorm	509
correctable	509
plowman	509
subluxation	509
despondent	509
downturns	509
wreaking	509
cometary	509
cunningly	509
commutator	509
kurtosis	509
bathers	509
nonuniform	509
chapbook	509
buildable	509
sceptics	509
freemans	509
outpaced	509
hematologists	509
implored	509
earthing	509
digraph	509
clumping	509
teratogenic	509
constitutionalism	509
compressibility	509
recalculation	509
introvert	509
privateers	509
preoccupations	509
unaligned	509
quackery	509
villainy	509
mashing	509
feuilles	509
diverses	509
ebonite	509
shunting	509
sideburns	509
terminologies	509
mangers	509
systemically	509
hurtling	509
habituation	509
osteotomy	509
squabble	509
commercializing	509
checkbooks	509
machineries	509
laminae	509
doodlebug	509
pinpointed	509
vaccinium	509
perfectionism	509
methodism	509
bifurcated	509
expressways	509
overtakes	509
obfuscate	509
transliterated	509
predominates	509
crooner	509
standardizes	509
preparative	509
interline	509
redoing	509
startlingly	509
funneled	509
couplet	509
subclassing	509
alliteration	509
erosive	509
gutterman	509
unrefined	509
inimical	509
thyroiditis	509
mezuzah	509
geomorphic	509
adjudicative	509
imperious	509
firewalling	509
bunching	509
bedbugs	509
accredit	509
ethicality	509
remarketing	509
entitling	509
egocentric	508
arpeggios	508
reinstating	508
unpaired	508
handfuls	508
woodies	508
loaning	508
monetization	508
asphyxia	508
heterosexuality	508
oversubscribed	508
cofactors	508
collocated	508
formant	508
bashers	508
structuralism	508
smelters	508
oversold	508
demodulator	508
figurehead	508
immobility	508
lacquers	508
strother	508
obsessing	508
restaurateur	508
purifies	508
stunting	508
sparkled	508
scrimshaw	508
riffing	508
submicron	508
nonexempt	508
interchanged	508
extraterritorial	508
unravelling	508
arachnid	508
whoopee	508
equaling	508
dentate	508
disrepute	508
eigenfunctions	508
pintura	508
implacable	508
uninspiring	508
quibbles	508
employments	508
attired	508
uncalled	508
degradable	508
halitosis	508
electroacoustic	508
prankster	508
defrauding	508
metallized	508
subplots	508
reappearance	508
alluvium	508
stargaze	508
catabolic	508
emaciated	508
imidazole	508
redrawing	508
microstructural	508
platted	508
refinances	508
marsupial	508
ostriches	508
picador	508
bronzer	508
catechesis	508
intrathecal	508
entailment	508
plasterboard	508
alarmist	508
warrantee	508
implicating	508
quinidine	508
unallowable	508
squeaks	508
unknowing	508
milliliters	508
autoclaves	508
blithely	508
moderns	508
amortize	508
coeliac	508
fashionably	508
stipple	508
vasculature	508
virginal	508
phenomenally	508
colonizing	508
reputedly	508
symptomatology	508
parakeets	508
narrators	508
tallying	508
coalescing	508
ligatures	508
billfish	508
bicameral	508
chapeau	508
etheric	508
dramatized	508
obnoxiously	508
backlogs	508
micronized	508
assurant	508
broomstick	508
suffocated	508
motorcade	508
befriending	508
lobotomy	508
marauding	508
cynically	508
assuage	508
estrangement	508
handcraft	508
restauration	508
yearned	508
fondest	508
bizarrely	508
frightens	508
incontinent	508
perpetrate	508
archangels	508
streetcars	508
coining	508
fiercest	508
altimetry	508
comebacks	508
invective	508
interurban	508
meristem	508
liturgies	508
computability	508
carotenoid	508
proliferated	508
semidefinite	508
excommunication	508
republishing	508
grizzled	508
loathed	508
fatalism	508
betweens	508
granulocytes	508
photographical	508
despises	508
extinguishment	508
chanter	508
jousting	508
pinpoints	508
ferrules	508
nonunion	508
belding	508
chlordane	508
glucosidase	508
blackest	508
cathodes	508
relented	508
ridgely	508
domesday	508
heartlands	508
mudstone	508
trekkers	508
unblocked	508
solders	508
invalidates	508
precariously	508
schizoid	508
lawfulness	508
rectilinear	508
bandeau	508
physicality	508
combinational	508
antiplatelet	508
stenographer	508
disguising	508
invulnerable	508
refinished	508
flickered	508
plagiarized	508
sebaceous	508
shadowlands	508
mutating	508
vasodilation	508
sirocco	508
geocentric	508
syllabuses	508
bookworms	508
absorbable	508
warranting	508
threader	508
teacups	508
streamside	508
hideously	508
halfling	508
isotherm	508
motherly	508
reticular	508
nudging	508
savannas	508
blinder	508
cupholders	508
borderland	508
boondock	508
billowing	508
vexatious	508
recapitalization	508
girlish	508
millefiori	508
swallowers	508
shively	508
atomizer	508
reddening	508
encores	508
attentiveness	508
rhetorically	508
neuropsychiatry	508
ranchos	508
upstanding	508
yearlings	508
trifolium	508
bonehead	508
assignees	508
shamefully	508
legislatively	508
tormenting	508
disinterest	508
unexamined	508
concessionaire	508
defoliation	508
bragged	508
rubidium	508
deputation	508
oppressing	508
millward	508
nucleolus	508
solvation	508
snuggly	508
undresses	508
domineering	508
classwork	508
attender	508
riddler	508
trackable	508
connectives	508
eosinophilic	508
chirality	508
sawyers	508
obtrusive	508
paradigmatic	508
uncontaminated	508
wrinkling	508
harries	508
granites	508
labyrinths	508
tarantella	508
daylights	508
skidding	508
marquetry	508
jealously	508
hemorrhoid	508
footman	508
tailers	508
saddler	507
optioned	507
prepped	507
allover	507
presidium	507
schoolboys	507
sinless	507
moulder	507
absolutism	507
astrometry	507
anaphylactic	507
apparatuses	507
ballrooms	507
flirtatious	507
parathion	507
polyposis	507
delimit	507
freewheeling	507
grosser	507
crybaby	507
mortalities	507
amassing	507
perihelion	507
wilting	507
thunderball	507
confidences	507
wakefulness	507
militarization	507
monopolize	507
paraguayan	507
sabotaged	507
consoled	507
subleases	507
saturating	507
contrition	507
spermatogenesis	507
navigations	507
balancers	507
resound	507
snakeskin	507
unsuspected	507
archbishops	507
pharmacopoeia	507
tarpaulin	507
strategize	507
rearward	507
collegiality	507
jaspers	507
capriccio	507
peaceably	507
exacted	507
doughboy	507
purposed	507
hornpipe	507
goalkeeping	507
sugarbush	507
templated	507
cinerea	507
innovated	507
candlewick	507
tuckahoe	507
schoolmates	507
comparables	507
berthing	507
breathlessly	507
laterals	507
crasher	507
dimensioned	507
hoarded	507
sparsity	507
naturalness	507
enteritis	507
valedictorian	507
irritably	507
montenegrin	507
gorgeously	507
peekaboo	507
chromatograph	507
unsatisfying	507
noonday	507
courteously	507
limehouse	507
sinuous	507
availing	507
maneuvered	507
accordions	507
anthropometric	507
romanians	507
clarifier	507
disenchantment	507
saccharin	507
transposable	507
wilders	507
briefer	507
clitorises	507
overtone	507
proficiencies	507
effendi	507
insubstantial	507
categorizes	507
tuberculous	507
moriches	507
revokes	507
handshaking	507
frazzled	507
repurchases	507
differencing	507
thunderbolts	507
gruelling	507
hustling	507
cadavers	507
pollinators	507
tailpiece	507
shamrocks	507
adjoins	507
champagnes	507
gravimetric	507
galvanize	507
straightforwardly	507
crusading	507
influencers	507
slatted	507
bloomed	507
gigging	507
rhombus	507
readjust	507
chymotrypsin	507
apostolate	507
settable	507
seafarer	507
nonacademic	507
repeller	507
docketed	507
markdowns	507
forbear	507
refectory	507
butchering	507
rebalance	507
unaccustomed	507
platoons	507
hamstrings	507
unbelieving	507
luminary	507
congressionally	507
quitter	507
pratiques	507
ignitor	507
paraplegic	507
furtive	507
mutuality	507
renouncing	507
accosted	507
conning	507
dippers	507
incantations	507
leathernecks	507
litigators	507
enchantress	507
parallelogram	507
umpiring	507
disenfranchisement	507
igniter	507
pruritus	507
wonderment	507
stoneman	507
demersal	507
morbidly	507
stagecraft	507
futurists	507
palfrey	507
wobbler	507
cryptanalysis	507
fibrinolytic	507
persecuting	507
infantryman	507
jawbone	507
jejunum	507
corroborating	507
bellinger	507
swooping	507
latitudinal	507
jackals	507
niceties	507
leptospirosis	507
outlive	507
dereliction	507
bollard	507
disfigurement	507
vaporizers	507
airfreight	507
clubman	507
signaler	507
synthesizes	507
exactness	507
hypnotists	507
divertor	507
monotheistic	507
diversionary	507
networkers	507
detaching	507
evacuee	507
sunburned	507
overvoltage	507
spasmodic	507
interlacing	507
concretes	507
augmentative	507
quietude	507
roundly	507
monarchies	507
miscalculation	507
adjudicators	507
interprofessional	507
atrioventricular	507
mollusk	507
wildfowl	507
constipated	507
syntaxes	507
heartened	507
rhododendrons	507
pronghorn	507
flirted	507
unilateralism	507
acolytes	507
fretless	507
royalist	507
untroubled	507
unassembled	507
aspirants	507
cryptococcus	507
sheepishly	507
hierarch	507
shuffler	507
psychophysical	507
toggled	507
pharyngitis	507
whiteface	506
implementer	506
synching	506
cantonment	506
phonetically	506
nominator	506
tripling	506
scuffed	506
resected	506
windlass	506
absolutist	506
studious	506
patellar	506
fineness	506
salicylates	506
collectivism	506
alveoli	506
fluorinated	506
pharisee	506
wellies	506
amicably	506
porphyrin	506
ecologic	506
photogrammetric	506
procedurally	506
nuptials	506
munchers	506
satirist	506
awesomeness	506
visiter	506
outliner	506
nihilistic	506
devalue	506
lawyering	506
gleeful	506
vignetting	506
sprightly	506
grindstone	506
hydroquinone	506
registrable	506
replaying	506
cobbles	506
quinone	506
sacredness	506
petticoats	506
raincoats	506
wobbling	506
intermarriage	506
demodulation	506
horseheads	506
proffer	506
chondrocytes	506
fussing	506
pronounces	506
shoping	506
palindrome	506
expensing	506
motorcars	506
stragglers	506
backfield	506
neuroma	506
omniscience	506
shakily	506
teahouse	506
dressmakers	506
allegiances	506
pizzicato	506
advantageously	506
masochistic	506
secreto	506
pounced	506
famines	506
carpetbagger	506
carrizo	506
xanthine	506
liposome	506
halbert	506
chauvinism	506
fastidious	506
oxidize	506
ensconced	506
flabbergasted	506
truckloads	506
policed	506
spectrometric	506
sagacity	506
tonsillitis	506
nipping	506
fillable	506
polychrome	506
graphed	506
trifold	506
sessile	506
bannerman	506
subdistrict	506
pinelands	506
misperceptions	506
protestations	506
agitprop	506
trickled	506
canyoning	506
nighter	506
redisplay	506
cytopathology	506
fondled	506
wistfully	506
abounded	506
evangelize	506
disloyal	506
paralyzing	506
staggers	506
contorted	506
polemical	506
walthers	506
neighborly	506
sporran	506
culebra	506
defector	506
supercharge	506
wrinkly	506
parsnip	506
yeomans	506
toughen	506
longleaf	506
intraepithelial	506
radiotelephone	506
paginated	506
attunement	506
wracked	506
dabbled	506
honeybees	506
contributer	506
consultees	506
evaporators	506
hemodynamics	506
piteous	506
perfunctory	506
pervaded	506
performative	506
doorsteps	506
falsetto	506
intranasal	506
inching	506
foxhound	506
extraterrestrials	506
bullfighting	506
tatters	506
substituents	506
puissance	506
protrusions	506
percept	506
gloating	506
dismembered	506
contraptions	506
perfidy	506
denaturing	506
psalter	506
regularized	506
propounded	506
florescent	506
insubordination	506
maquette	506
reimbursing	506
impious	506
absolved	506
intercomparison	506
dishonored	506
hydrogel	506
snappers	506
washbasin	506
stilted	506
hastening	506
coextensive	506
cliched	506
outperforming	506
fusiliers	506
intersession	506
monetize	506
stiffly	506
chronologies	506
nastiness	506
slumberland	506
festivity	506
blading	506
metallics	506
processional	506
energizes	506
autopilots	506
footlocker	506
uppercut	506
backfires	506
syndications	506
ticklers	506
sabertooth	506
overnights	506
entanglements	506
clawing	506
luthier	506
condensates	506
wrangle	506
immensity	506
newsreels	506
squabbling	506
acquiesced	506
fascinates	505
butyrate	505
morpheme	505
concordances	505
hogwash	505
liberalize	505
consecrate	505
acreages	505
subsidization	505
pursuers	505
hideaways	505
predestined	505
therapeutically	505
creamware	505
charterhouse	505
disobeyed	505
renegotiated	505
hesitantly	505
seminarians	505
interreligious	505
lavished	505
courtesan	505
unkempt	505
healings	505
unappealing	505
heartaches	505
defacing	505
oligarchs	505
hauntingly	505
interjected	505
humorously	505
adjudications	505
victoriously	505
legitimation	505
jotting	505
stalwarts	505
hangouts	505
ascents	505
sterilizing	505
overstuffed	505
technicals	505
reclassify	505
trioxide	505
draping	505
acceptably	505
meerkat	505
retarding	505
indiscretion	505
undertone	505
microcrystalline	505
polyesters	505
hermeneutic	505
engenders	505
paternalistic	505
ventriloquist	505
bushmaster	505
undernourished	505
drumline	505
promotor	505
hallows	505
decease	505
stigmatized	505
pruners	505
tactful	505
friable	505
flywheels	505
nutting	505
cytological	505
palatinate	505
directorships	505
antitrypsin	505
monadic	505
steganography	505
endocrinologist	505
scoutmaster	505
positioners	505
yanking	505
fawning	505
bhutanese	505
zoonotic	505
huggers	505
abolishes	505
littler	505
southeasterly	505
funnily	505
decoction	505
resents	505
orientals	505
squeaking	505
tinkling	505
barringer	505
nostrum	505
masterly	505
butchery	505
wresting	505
entrained	505
trespassers	505
epitomizes	505
torques	505
treacle	505
variably	505
subtractive	505
happenstance	505
reinvigorate	505
heralding	505
uncollectible	505
misconfiguration	505
preregistration	505
corrode	505
blooper	505
amphora	505
parasympathetic	505
bourses	505
unconstitutionally	505
macrame	505
foolhardy	505
sprinters	505
strathspey	505
fannies	505
diaphragmatic	505
unflattering	505
bristling	505
filbert	505
blackheads	505
stoping	505
cherubim	505
thoroughbreds	505
gastrin	505
nightcap	505
consoling	505
antidotes	505
sensationalism	505
cutlets	505
condors	505
unconfined	505
acclimated	505
unmasking	505
constrictor	505
leaguer	505
granulomatous	505
equational	505
clearinghouses	505
scandia	505
toggling	505
collyer	505
analogical	505
polyglot	505
plumbed	505
drainer	505
dainties	505
leghorn	505
sketchbooks	505
directness	505
glutton	505
neurotoxic	505
bluebook	505
unnaturally	505
furries	505
elementals	505
disquiet	505
unsanitary	505
dissociate	505
graying	505
deerskin	505
midbrain	505
sufficed	505
spotlighting	505
corsages	505
disallowing	505
extolling	505
wearied	505
dimeric	505
rebutted	505
wastelands	505
sesquicentennial	505
pervasiveness	505
pickings	505
acclamation	505
exegetical	505
nuclides	505
unexposed	505
cisterns	505
headwater	505
sociopolitical	505
panoply	505
credulity	505
immobilizer	505
nitrites	505
powerhouses	505
astound	505
coiling	505
oversupply	505
capuchin	505
longitudes	505
breadmaker	505
frictions	505
glassfish	505
precancerous	505
monoculture	505
shiping	505
reclassifications	505
hematuria	505
minuses	505
incoherence	505
stuffings	505
narwhal	505
germinating	505
calamus	505
nonessential	505
rightness	505
whiners	505
pitying	505
twitched	505
medicinals	505
reticule	505
pervious	505
barnacles	505
punctuate	505
easting	505
midshipman	505
longhair	505
exothermic	505
isolationism	505
overman	505
gondolas	505
swiftness	505
spenders	505
diplomatically	505
necessaries	505
quintessentially	505
androgynous	505
westernmost	505
nullity	505
discriminative	505
jottings	505
misconstrued	505
relishing	505
renderers	505
unsuited	505
singletons	505
spectaculars	505
hawkers	505
deltoid	505
hydroxylation	505
gurgling	505
celebrants	505
waratah	505
boatswain	505
breadwinner	505
hearthstone	505
cuddled	505
crystallize	505
geologically	505
superintendence	505
lumines	504
fending	504
nematic	504
heavies	504
extruding	504
betters	504
isolationist	504
imperials	504
sustainer	504
corruptions	504
persevering	504
transversely	504
remarry	504
nitrification	504
inaugurates	504
unperturbed	504
degreasing	504
featureless	504
pesetas	504
pasteurization	504
plications	504
antimalarial	504
permittivity	504
porterhouse	504
illusive	504
chucking	504
delicates	504
warmonger	504
disquieting	504
petiole	504
conjugating	504
contractility	504
ripeness	504
veering	504
tabbing	504
sinkhole	504
streaky	504
rutting	504
bourdon	504
neurophysiological	504
debaters	504
adulteration	504
unremitting	504
clenching	504
primula	504
interoffice	504
cordials	504
bandaged	504
evanescent	504
overshoes	504
atavistic	504
bremsstrahlung	504
fevered	504
indignity	504
pinches	504
semiautomatic	504
copepods	504
generalists	504
chippers	504
eschatological	504
nicotinamide	504
irregulars	504
slimmers	504
karyotype	504
dachshunds	504
electroluminescent	504
erratically	504
unapologetic	504
bullocks	504
achromatic	504
inebriated	504
teleological	504
moyenne	504
nocturnes	504
chucked	504
ransacked	504
caroling	504
bugbear	504
wreaked	504
hogshead	504
masques	504
gravels	504
halfpenny	504
lanceolate	504
stereochemistry	504
reticence	504
passives	504
provably	504
rondeau	504
camshafts	504
treetop	504
condoning	504
maremma	504
proselytizing	504
inedible	504
falsework	504
deplored	504
tethers	504
subalpine	504
hairbrush	504
untangling	504
tunneled	504
vilification	504
unfashionable	504
pringles	504
metabolizing	504
sceptic	504
redetermination	504
untransformed	504
realigned	504
noncurrent	504
milliliter	504
subsumption	504
fibrils	504
velodrome	504
vociferous	504
outbuilding	504
eunuchs	504
headfirst	504
wagered	504
observability	504
wallies	504
languished	504
sneering	504
spiritualist	504
churchman	504
scrappers	504
originations	504
cocoons	504
deserters	504
huggable	504
shaming	504
separability	504
neuritis	504
pharmaceutics	504
dentition	504
understaffed	504
smallness	504
eliminators	504
cutback	504
perineal	504
remotest	504
retorts	504
housekeepers	504
farewells	504
unforeseeable	504
conscript	504
counteroffer	504
sensitizing	504
moorlands	504
mappers	504
uncompleted	504
troupes	504
sociability	504
idealists	504
dissented	504
volcanology	504
bungled	504
crowing	504
fixative	504
thankless	504
exfoliate	504
ultimates	504
amblyopia	504
shipowners	504
stringency	504
controled	504
livability	504
sublimity	504
misbehave	504
birches	504
crunched	504
officeholders	504
ratifications	504
ringleader	504
thundered	504
generales	504
subtracts	504
conservatoire	504
returner	504
patency	504
groundnut	504
thereunto	504
bronchodilator	504
compatriot	504
discontented	504
reflexivity	504
droning	504
reductionism	504
scuttled	504
nonsurgical	504
remanufacturing	504
discolor	504
holistically	504
gallaher	504
dehumidification	504
inoffensive	504
erudition	504
masonite	504
bedsteads	504
factional	504
imprimatur	504
revalidation	504
junkers	504
tarpaulins	504
rebranded	504
peritoneum	504
impresa	504
evildoers	504
turpitude	504
strictness	504
yorkies	504
egalitarianism	504
retroperitoneal	504
humanitarianism	504
spectrophotometric	504
aspergillosis	504
bivalves	504
frivolity	504
thermistors	504
deviled	504
subtler	504
keeshond	504
truncating	504
dungarees	504
inviolable	504
herniation	504
outsmart	504
nauseating	504
mitigates	504
ephemerides	504
thymine	504
unraveled	504
insufferable	504
blinders	504
clasping	504
predate	504
interjections	504
mullets	504
lusting	504
petroglyph	504
usurpation	504
brimmed	504
subjugated	504
unlearned	504
thrifts	504
unstated	504
prostrated	504
germicidal	504
occlusal	504
excusing	504
rejoining	504
anaplastic	504
candlelit	504
tensioners	504
microflora	504
dihydroxy	504
tardive	504
uplander	504
automorphisms	504
passivation	504
slanting	504
feathering	503
podiums	503
bibliotheca	503
salting	503
waterlogged	503
penfolds	503
staunchly	503
detested	503
slashers	503
auricular	503
overexpressing	503
scrawny	503
peppery	503
vivisection	503
splodge	503
dauntless	503
unplugging	503
immunize	503
pulsations	503
doctoring	503
perlite	503
scuttlebutt	503
frugality	503
nymphet	503
unsurprising	503
apprenticed	503
hernias	503
rotorcraft	503
vomited	503
misinterpret	503
undisciplined	503
handcrafts	503
signalized	503
stricture	503
idempotent	503
disappointingly	503
alleyways	503
kickoffs	503
denotation	503
dunking	503
pouting	503
dimensionally	503
syndicator	503
arbitrated	503
squalene	503
springy	503
perplex	503
lamentable	503
influencer	503
uncountable	503
chanticleer	503
countersunk	503
tenures	503
rebelling	503
destitution	503
microfilms	503
rummaging	503
mesolithic	503
reinsurer	503
ammeter	503
gladiolus	503
redesigns	503
uncoupling	503
carbonation	503
broached	503
heliocentric	503
reconfirm	503
puckered	503
squalid	503
hippest	503
readmitted	503
breadman	503
shunning	503
cinders	503
cytokinesis	503
smudges	503
interrogatory	503
nilpotent	503
nephrectomy	503
cleaving	503
autobus	503
semicircular	503
vocalizations	503
preachy	503
overwork	503
belching	503
pilings	503
estadio	503
blitzed	503
photoemission	503
hypercalcemia	503
hauliers	503
masochist	503
wishers	503
dramatization	503
indentations	503
attenuates	503
sissies	503
boomerangs	503
gutting	503
intermixed	503
emigrating	503
thumbprint	503
engendering	503
duopoly	503
heightening	503
chimaera	503
bellowed	503
ferociously	503
moieties	503
butanol	503
unbearably	503
tonights	503
stretchable	503
shiller	503
uprooting	503
anchorages	503
arterials	503
resisters	503
panchayats	503
sulfhydryl	503
relocates	503
skylarking	503
laryngitis	503
extrication	503
digraphs	503
interrelations	503
timbered	503
gobbling	503
analogic	503
implanting	503
intertwining	503
trabecular	503
moulders	503
conservatorship	503
sigmoidoscopy	503
unrighteousness	503
shrilly	503
thunderhead	503
subregions	503
befuddled	503
valeting	503
interweave	503
interlocutor	503
ancillaries	503
everythings	503
straddled	503
basilar	503
insecticidal	503
caretaking	503
agronomist	503
bridgehead	503
sainthood	503
laceration	503
hepatoma	503
turbans	503
slickers	503
contracture	503
electrocuted	503
pertinence	503
christenings	503
harping	503
inflexibility	503
snowballing	503
reticulated	503
beeches	503
revelatory	503
thwaites	503
chunking	503
gaucher	503
particularities	503
hieroglyphic	503
yourselfers	503
banishing	503
tensely	503
labradorite	503
unicameral	503
deuteron	503
marshland	503
exportable	503
plagiarize	503
slivers	503
snapdragons	503
unravels	503
electret	503
doering	503
barrettes	503
concoctions	503
flossing	503
vacuoles	503
ghoulish	503
unadorned	503
pelling	503
prefaced	503
arbitrariness	503
copyrightable	503
photoluminescence	503
jackhammer	503
wampler	503
yellowed	503
majesties	503
retractor	503
endearment	503
disputation	503
dendrite	503
rebuttals	503
tricuspid	503
lightroom	503
sanitizers	503
soother	503
forerunners	503
exhalation	503
radials	503
calluses	503
sunstone	503
sealine	503
souther	503
investiture	503
paleontologist	503
colorist	503
elastica	503
beatitudes	503
animates	503
ruffian	503
undeterred	503
newsman	503
borosilicate	503
affixing	503
ourself	503
aerators	503
efferent	503
orchestrations	503
clubber	503
invariable	503
inclines	503
aspirate	503
chowders	503
ciliate	502
mishandled	502
squeegees	502
deciphered	502
shudders	502
ardently	502
bubonic	502
turnstiles	502
crumbly	502
granitic	502
rattlesnakes	502
untried	502
begonias	502
clouding	502
ruggedness	502
guideposts	502
spaying	502
bronchus	502
intruded	502
scrying	502
borings	502
terminological	502
destructors	502
handshakes	502
asphyxiation	502
coppice	502
silverwood	502
autocracy	502
nestles	502
backwardness	502
jammies	502
bookbinders	502
undiminished	502
disapproves	502
unforced	502
boppers	502
discomforts	502
sleepwalking	502
discussants	502
hominids	502
misdirection	502
cholecystitis	502
slayings	502
goofing	502
captained	502
reification	502
indisputably	502
fluoroscopy	502
withholds	502
cancelable	502
desiccation	502
defusing	502
acerbic	502
bitartrate	502
bonners	502
overcharges	502
survivable	502
phenology	502
withing	502
pragmatist	502
latterly	502
saucepans	502
drizzled	502
disadvantageous	502
flogged	502
outfalls	502
drabble	502
bookkeepers	502
dispels	502
prefering	502
hemangioma	502
philological	502
wagtail	502
ruminate	502
unpalatable	502
moneysaving	502
shrugging	502
someway	502
neutralizes	502
persistency	502
biracial	502
conscripts	502
propagandist	502
leatherworking	502
chimeras	502
cattail	502
humidification	502
flutist	502
dualistic	502
mandalas	502
instants	502
whoppers	502
denunciations	502
decrements	502
pervade	502
contextually	502
subcutaneously	502
scalers	502
entrapped	502
versicolor	502
shoptalk	502
colloque	502
apaches	502
anaphase	502
aperiodic	502
archduke	502
redistributive	502
myriads	502
physiologists	502
wenders	502
trombonist	502
succumbs	502
bronchiolitis	502
diarist	502
egotism	502
wapping	502
hatchlings	502
nonconformity	502
servicers	502
motherless	502
superfluid	502
foghorn	502
keratitis	502
affixes	502
smasher	502
wallops	502
longish	502
somalis	502
flatwoods	502
varices	502
headmistress	502
showpiece	502
confectioner	502
katatonia	502
reciprocated	502
sweatband	502
eosinophilia	502
squabbles	502
buffoon	502
materializes	502
recoupment	502
seductively	502
representable	502
antiquing	502
rumbled	502
unalienable	502
disobeying	502
psychophysics	502
heartstrings	502
bhandari	502
honeypots	502
uninhabitable	502
nonstructural	502
rebreather	502
trespasses	502
quartiles	502
conversed	502
understate	502
ingeniously	502
relicensing	502
rootstock	502
imprecision	502
focuser	502
communitarian	502
osteoblasts	502
counterbalanced	502
undertakers	502
pricked	502
morella	502
northing	502
coppers	502
discounter	502
derails	502
procreate	502
hardener	502
paternalism	502
reddened	502
surrealistic	502
superclasses	502
measurably	502
exhortations	502
hawkish	502
subband	502
obstructs	502
blinkers	502
lollies	502
legionnaire	502
granulosa	502
encaustic	502
plummets	502
holdover	502
sarcoplasmic	502
microanalysis	502
deckers	502
bankside	502
rebuilder	502
degenerates	502
hemispherical	502
broadsides	502
misogyny	502
articulatory	502
closeted	502
notching	502
sulfonic	502
excruciatingly	502
indoctrinated	502
schelling	502
unceremoniously	502
euphemisms	502
multiplications	502
genuineness	502
impotency	502
monomial	502
vestibulum	502
glycols	502
demitasse	502
wheaties	502
frictionless	502
turnouts	502
crannies	502
tankards	502
prospering	502
impulsivity	502
risques	502
inspiratory	502
minutely	502
seditious	502
delamination	502
timbres	502
inarticulate	502
strudel	502
publishable	502
disassembler	502
pontoons	502
silvered	502
hyperventilation	502
coruscant	502
dairying	502
labyrinthine	502
subgenus	502
toxicologist	502
grassed	502
pantries	502
ecclesial	502
francisca	502
gunboat	502
saddens	502
theorize	502
triangulated	502
drippings	502
scapegoats	502
landauer	502
eruptive	502
sanatorium	502
cholecystokinin	502
messager	502
asceticism	502
slotting	502
reconciles	502
disentangle	502
inflates	502
bestowing	502
administrating	502
simultaneity	502
divining	502
facultative	502
balustrade	502
biodynamic	502
fortieth	502
adulterous	501
spangle	501
dispositional	501
demarcated	501
premixed	501
scalpers	501
osteogenesis	501
malting	501
slaughterhouses	501
haberdashery	501
commiting	501
scopolamine	501
plantains	501
figuration	501
moleskin	501
deferential	501
stomatal	501
enlivened	501
shriner	501
browner	501
unbalance	501
packman	501
coterie	501
puffins	501
stanger	501
ambushes	501
cabarets	501
caudate	501
jailing	501
freemason	501
magnanimous	501
satanist	501
guttural	501
levelers	501
carting	501
calcified	501
caramels	501
electrostatics	501
inverses	501
flavouring	501
rewiring	501
endodontic	501
durning	501
barreled	501
canadas	501
uncharacteristic	501
accumulative	501
capsized	501
shearman	501
rhabdomyosarcoma	501
obligates	501
blanketed	501
triaxial	501
proxying	501
unreality	501
ejecting	501
typologies	501
extruders	501
antithrombin	501
matinees	501
tubeless	501
encampments	501
derniers	501
haemorrhagic	501
benzine	501
rhodamine	501
spriggs	501
populates	501
hailstorm	501
remarque	501
lymphadenopathy	501
monkfish	501
perused	501
phthalates	501
rappelling	501
refrains	501
activin	501
furrowed	501
replicative	501
hedonist	501
metaphoric	501
manures	501
epitomized	501
hogmanay	501
tabernacles	501
washboard	501
poignancy	501
uniaxial	501
visibilities	501
sizzler	501
joinder	501
polarities	501
solidifies	501
detestable	501
pirating	501
nonnative	501
parishioner	501
stinker	501
mystifying	501
satanists	501
hoarseness	501
shareable	501
honoraria	501
centurions	501
redbone	501
sclerotic	501
quivers	501
costings	501
flaunting	501
lovebirds	501
mulches	501
fraying	501
eduction	501
alkylation	501
thumbing	501
hexavalent	501
disassembling	501
cockles	501
shimmers	501
debonair	501
transportations	501
retinoid	501
indignantly	501
sheerness	501
invigorated	501
awesomely	501
bucolic	501
pentobarbital	501
disaffection	501
grappled	501
executioners	501
flocculation	501
infuses	501
morphologies	501
finalizes	501
unaddressed	501
impaler	501
blessedness	501
courtesies	501
decries	501
quizzing	501
apotheosis	501
phytopathology	501
imbroglio	501
absorbency	501
microclimate	501
neurogenesis	501
ovations	501
hypnotics	501
bettering	501
tigress	501
girlies	501
illiquid	501
bleating	501
stratagem	501
squatted	501
coastside	501
hummels	501
countrys	501
substituent	501
underemployment	501
prepositional	501
reassert	501
lancets	501
intracerebral	501
conniving	501
subphylum	501
authoritatively	501
preselected	501
penalities	501
unpleasantness	501
bettered	501
imbecile	501
gravest	501
defilement	501
alloying	501
butting	501
gobbled	501
pickerel	501
minaret	501
postprandial	501
sargasso	501
syndicating	501
zapatero	501
beasties	501
irrigators	501
cleanings	501
conceives	501
townsfolk	501
denarius	501
afflicts	501
thinness	501
cupolas	501
skewing	501
uploaders	501
counteracting	501
demilitarization	501
ramshackle	501
dullness	501
syllogism	501
wrenched	501
usurping	501
arouses	501
subassemblies	501
foxholes	501
foliation	501
heliotrope	501
revelers	501
aquiline	501
fiddled	501
undecidable	501
saturates	501
hatchling	501
reapers	501
molders	501
uncouth	501
captaincy	501
whimpering	501
geodesics	501
relaxations	501
stenciled	501
grippers	501
intensives	501
turtledove	501
portent	501
shorthanded	501
lockouts	501
crossly	501
stagnated	501
blabber	501
prefinished	501
polytechnics	501
wristlet	501
bodacious	501
admonish	501
coauthored	501
functionalized	501
incumbency	501
gribble	501
connotes	501
paleontologists	501
espousing	501
tropopause	501
battlements	501
curvaceous	501
transgress	501
exponentiation	501
blowhards	501
vaporized	501
governorship	501
blackfin	501
regressors	501
zealously	501
repatriate	501
pneumonitis	501
dowager	501
smudging	501
squealed	501
thematics	501
neurosurgeons	501
townland	501
convents	501
eulalia	501
bisection	501
siskind	501
trypanosomiasis	501
workability	501
usurper	501
trivalent	501
phosphoglycerate	501
recitations	501
inculcate	501
encumber	501
sentience	501
impetigo	501
grahams	500
torturers	500
diatomaceous	500
drachmas	500
indemnifying	500
misclassification	500
norwest	500
reimburses	500
decisional	500
opportunists	500
undesignated	500
unimpaired	500
baptizing	500
keratosis	500
bindweed	500
resample	500
heedless	500
providential	500
gladius	500
boilermaker	500
extrapolations	500
hollandaise	500
daresay	500
easterling	500
liberality	500
turnbuckle	500
knurled	500
principes	500
instate	500
ossification	500
featherbed	500
indulges	500
unthinking	500
indexers	500
dimorphism	500
bettors	500
pergolas	500
inestimable	500
concatenating	500
inconvenienced	500
microsecond	500
turnstile	500
inductee	500
distrusted	500
quadrennial	500
schoolbook	500
regrouped	500
gutless	500
pulping	500
bricklayers	500
scriptorium	500
capulet	500
odorant	500
crucibles	500
ignoble	500
hobgoblin	500
chelated	500
subalgebra	500
doppelganger	500
rightist	500
timidly	500
imitative	500
concordant	500
grimmer	500
reductionist	500
lookers	500
pagodas	500
bibliomania	500
repentant	500
chopstick	500
dissections	500
iconoclastic	500
meanness	500
arboreal	500
roughriders	500
willies	500
sickles	500
inhalant	500
unassailable	500
clerkships	500
disharmony	500
coercing	500
overstatement	500
policewoman	500
mutters	500
presences	500
adenomatous	500
airlifted	500
bolivars	500
orthostatic	500
squeals	500
discoverable	500
atrophic	500
excipients	500
panhead	500
untangle	500
afflicting	500
biographers	500
wheelhouse	500
angiosperms	500
thymocytes	500
wizarding	500
recency	500
kidnapper	500
hyacinths	500
cloudscape	500
manometry	500
backfilling	500
pfennig	500
rustler	500
jetties	500
freeholders	500
pieters	500
facetious	500
ligases	500
dressmaking	500
blithering	500
geophysicists	500
lavatories	500
engorged	500
civilly	500
inquisitively	500
crossrail	500
tautology	500
incredulity	500
pharmacodynamic	500
untaxed	500
minimus	500
epididymis	500
interlayer	500
menstruating	500
obligee	500
instinctual	500
proscription	500
foretell	500
whimpered	500
colorize	500
businesslike	500
intrahepatic	500
attachable	500
megaton	500
diacritical	500
mobilizes	500
landward	500
notarial	500
physiographic	500
cripples	500
amusingly	500
cornices	500
ostentatious	500
renounces	500
yohimbine	500
temping	500
pocketing	500
penciled	500
antiphon	500
transposing	500
rerouted	500
retested	500
subdural	500
downspouts	500
hoovers	500
ratifies	500
handers	500
theming	500
apheresis	500
neurotoxin	500
spherically	500
paymaster	500
epithelia	500
magnetron	500
ratepayer	500
releaser	500
interprovincial	500
gnarled	500
gnashing	500
bombarding	500
splayed	500
barneys	500
earthling	500
issuable	500
transpire	500
nontaxable	500
accentuates	500
covetousness	500
barracudas	500
piebald	500
unawares	500
scornful	500
vitriolic	500
earthlings	500
newfangled	500
overwintering	500
crosswise	500
birefringence	500
tuneful	500
violinists	500
leatherback	500
interpretable	500
atomically	500
ablative	500
cyclically	500
parolees	500
lecterns	500
rosella	500
mescaline	500
sailplanes	500
timberlands	500
humdrum	500
distended	500
solidago	500
bottlers	500
shepherding	500
commonweal	500
masseur	500
rivaled	500
microfilming	500
siphoned	500
dominantly	500
rentable	499
hypoplasia	499
fatness	499
percussions	499
coalesced	499
bookbinder	499
dangled	499
presumptively	499
arsenide	499
broadhead	499
fixedly	499
claudication	499
prurient	499
melanomas	499
panopticon	499
myositis	499
subframe	499
redesignation	499
vexation	499
indentures	499
bastions	499
defecation	499
melling	499
threadbare	499
emissaries	499
pallone	499
subsiding	499
orderable	499
envelops	499
uneconomic	499
contingents	499
squirmed	499
microglia	499
worming	499
constructional	499
ostracized	499
excreta	499
imbalanced	499
serializing	499
homomorphisms	499
theologies	499
cringing	499
reinstallation	499
interrelation	499
peephole	499
mellons	499
riveter	499
restating	499
echidna	499
demonize	499
monobloc	499
bullfight	499
demographically	499
trowels	499
wracking	499
airbrushes	499
townsite	499
introducer	499
mauritian	499
myalgia	499
concanavalin	499
outstrip	499
demerits	499
insurability	499
reefing	499
highwayman	499
clobbered	499
fatherly	499
hussars	499
saphenous	499
clavicle	499
isomorphisms	499
southwards	499
quantic	499
swerved	499
psychometrics	499
unfeasible	499
recurred	499
fedders	499
hollering	499
palatal	499
gobbler	499
chrismas	499
calcined	499
dunster	499
reoccurring	499
ductility	499
existentialist	499
colombians	499
terrify	499
integrand	499
organists	499
licentiate	499
inflammable	499
antonym	499
forgoing	499
bunions	499
inerrancy	499
disowned	499
undercuts	499
sleuthing	499
sheldrake	499
medalists	499
unearthing	499
springboks	499
surmount	499
psychopaths	499
headship	499
multifactorial	499
outstrips	499
newscaster	499
unheeded	499
nihilist	499
reviser	499
metabolize	499
decompressed	499
zoophile	499
fictionalized	499
proclaimers	499
satchels	499
polymorphonuclear	499
recoded	499
cahoots	499
stagnate	499
reclaims	499
mantissa	499
skittish	499
sacrosanct	499
pocketbooks	499
agnostics	499
birthed	499
legalism	499
equilibrated	499
chromatid	499
savored	499
rectors	499
compulsions	499
bevelled	499
hankies	499
variate	499
habitations	499
crematories	499
underbody	499
cowering	499
pyelonephritis	499
overhear	499
tramways	499
arachnids	499
doublets	499
turnabout	499
camomile	499
jettison	499
nucleons	499
intellectualism	499
canonized	499
orchestrator	499
solicitous	499
mullein	499
cattleya	499
emulations	499
hulking	499
personaly	499
loosestrife	499
seconde	499
coneflower	499
beauticians	499
chitchat	499
unwound	499
mezzanines	499
siphoning	499
loblolly	499
spidering	499
photoperiod	499
pincushion	499
referents	499
snapdragon	499
venezuelans	499
strychnine	499
perforating	499
unappreciated	499
sprinted	499
psychoses	499
reveille	499
garrisons	499
carolin	499
unplayable	499
splashy	499
proteas	499
derringer	499
dilator	499
ordinaries	499
germinated	499
predominated	499
colorfully	499
subcortical	499
costumers	499
perineum	499
pittance	499
brecker	499
snatcher	499
salacious	499
criminologist	499
escutcheon	499
winging	499
sapient	499
griping	499
dichloromethane	499
recapitulation	499
sinfulness	499
trudged	499
ponding	499
restocked	499
bookselling	499
microbicides	499
convalescence	499
unceasing	499
disdainful	499
unloads	499
martinet	499
matanzas	499
backbencher	499
cackling	499
carbonless	499
facking	499
hinterlands	499
nonsingular	499
probationers	499
parsnips	499
trembles	499
capitalizes	499
positrons	499
gracing	499
ellipsoidal	499
strickler	499
ingratitude	499
gnostics	499
pandemics	499
premonitions	499
sneezes	499
parasitoid	499
prescribers	499
preliminarily	499
overdosage	499
disbanding	499
tumescent	499
mycelium	499
palates	499
splenectomy	499
bridals	499
rebranding	499
rowboat	499
perfections	499
mozambican	499
creamers	498
restive	498
melodia	498
hackneyed	498
flagellum	498
canticle	498
naivete	498
trumpeted	498
circuitous	498
plateaux	498
rambunctious	498
choreographic	498
scavenge	498
unmotivated	498
imploring	498
engulfing	498
scallion	498
positivist	498
ouabain	498
abridge	498
squished	498
spindler	498
borscht	498
saccharine	498
riggers	498
holograph	498
roominess	498
stander	498
kennelly	498
charette	498
pastrami	498
boatwright	498
lactase	498
glisten	498
delinquencies	498
ocotillo	498
freewheel	498
microfilmed	498
clubbed	498
turnings	498
hassler	498
freeboard	498
astrolabe	498
unblemished	498
trenchant	498
bamboozled	498
windowless	498
conjunctiva	498
parturition	498
pillbox	498
histopathologic	498
cascara	498
schwarzer	498
osteopath	498
concealers	498
automaticly	498
medicate	498
leached	498
buzzers	498
marsupials	498
aversive	498
volleys	498
bloodletting	498
snowplow	498
condenses	498
skewered	498
girlhood	498
freshening	498
chomping	498
quartermasters	498
psychoanalyst	498
norther	498
lodgment	498
clumsiness	498
microporous	498
translocations	498
ascertainable	498
witless	498
imposters	498
excelente	498
debunks	498
amethysts	498
unstuck	498
eschewing	498
sulfonate	498
compressions	498
overpay	498
carolus	498
centage	498
ethnobotany	498
decontaminated	498
localizations	498
slurries	498
ichthyology	498
feministing	498
porcher	498
trencher	498
carbamate	498
swashbuckler	498
exculpatory	498
unwholesome	498
entailing	498
antagonize	498
phosphine	498
galling	498
neuroses	498
nontechnical	498
pharmacodynamics	498
actuarially	498
quitted	498
sarsaparilla	498
beefing	498
facepiece	498
bobwhite	498
clastic	498
recasting	498
irrigating	498
interwar	498
barberry	498
covariances	498
scandium	498
historicity	498
flyweight	498
prattle	498
partakers	498
incorruptible	498
mottling	498
puritanism	498
secularists	498
rotators	498
bandannas	498
chapbooks	498
splinting	498
optimistically	498
cingulate	498
unblocking	498
assiduously	498
cognizable	498
eggheads	498
nibbled	498
dialled	498
bowmans	498
enamelware	498
appeasing	498
saboteurs	498
boozing	498
piquant	498
painterly	498
tularemia	498
cringed	498
torturous	498
unserved	498
allergists	498
unreservedly	498
nonagricultural	498
eclecticism	498
concoct	498
stricker	498
oocysts	498
cockpits	498
inseparably	498
timetabled	498
anthers	498
interchangeability	498
sauternes	498
ginning	498
canonization	498
coronas	498
shastra	498
unsinkable	498
twinkies	498
buttonhole	498
foiling	498
uncivilized	498
cartage	498
insensible	498
impeachable	498
cockatoos	498
muggles	498
seasick	498
evensong	498
cowbird	498
redouble	498
fenestration	498
derivable	498
rostrum	498
ejaculated	498
adsorbent	498
nippers	498
smallholders	498
guideway	498
undercurrents	498
admonitions	498
giftedness	498
scrotal	498
overgrazing	498
easternmost	498
shanker	498
ambassade	498
inferiors	498
chequer	498
probationer	498
heterotrophic	498
syncopated	498
nectarines	498
brining	498
reorganizes	498
trehalose	498
preceptors	498
atomics	498
galatea	498
pierces	498
mismanaged	498
solicitude	498
lightings	498
pawnbroker	498
reverently	498
terephthalate	498
thesauruses	498
lacustrine	498
parison	498
leaseholders	498
flycatchers	498
phototherapy	498
charest	498
simular	498
convertibility	498
whittled	498
blistered	498
marbling	498
stepparent	498
neurochemistry	498
discrediting	498
glittered	498
quadrate	498
hypertonic	498
unpowered	498
recognizance	498
impinging	498
pestered	498
matsuri	498
emulsifier	498
metaplasia	498
mindlessly	498
billows	498
fingerprinted	498
unconditioned	498
walleyes	498
louvered	498
clovers	498
anticholinergic	498
mutilate	498
despots	498
ivorian	498
stumpage	498
motorcar	498
bandied	498
pipetting	498
inducers	498
spatter	498
collimated	498
guardrails	498
perversely	498
chromic	498
rebuttable	498
stabler	498
transfigured	497
excretory	497
typifies	497
felonious	497
masseurs	497
chickadees	497
thermophilic	497
brander	497
smithereens	497
transpires	497
quizzical	497
maxilla	497
informers	497
diarrheal	497
resentments	497
weatherhead	497
monochromator	497
kumquat	497
internationalize	497
patcher	497
daltons	497
sensitize	497
bartered	497
sugared	497
circumspect	497
spittle	497
demerit	497
equivalencies	497
reorders	497
behaviorally	497
liberalizing	497
stifles	497
roundness	497
catechetical	497
pyroclastic	497
incisors	497
pulpwood	497
acrimonious	497
scuffing	497
pulpits	497
annuitants	497
fallows	497
warding	497
unbuttoned	497
gestural	497
helminth	497
perfumers	497
adrenocortical	497
nonalcoholic	497
purposive	497
frolics	497
commodes	497
doorstop	497
galloped	497
windowpane	497
brawler	497
intuitionistic	497
boastfully	497
fencers	497
pawling	497
bellowing	497
aborigine	497
depresses	497
abhorrence	497
bravura	497
retesting	497
bulldozed	497
fathead	497
needleman	497
lawmaking	497
enuresis	497
revalued	497
contemporaneously	497
androgenic	497
sweetening	497
croaker	497
trialled	497
staphylococci	497
blackish	497
apraxia	497
graffito	497
aphorism	497
emanation	497
inoculate	497
miscreants	497
unction	497
nonmedical	497
misfire	497
hemagglutinin	497
molting	497
parenchymal	497
talbots	497
stealers	497
doggone	497
loosens	497
rigidities	497
pragmatically	497
plasterer	497
aspergers	497
spoonbill	497
redeploy	497
commemorations	497
houseman	497
southard	497
straker	497
bastide	497
pounders	497
pitiless	497
directionally	497
replant	497
sieving	497
beauteous	497
convicting	497
deathwatch	497
plopped	497
contrive	497
releasable	497
concavity	497
estimable	497
scowled	497
ministration	497
bifocals	497
rostered	497
summations	497
tussock	497
wriggle	497
sclerosing	497
ascertainment	497
impudent	497
volatilization	497
triazine	497
keelboat	497
shuttling	497
archdiocesan	497
heritages	497
philomath	497
cartographers	497
tasters	497
armless	497
acquirers	497
podesta	497
heroically	497
enjoining	497
kayaker	497
photographics	497
hustled	497
isocyanate	497
surreptitious	497
petulant	497
unfurled	497
paraclete	497
integrability	497
underhanded	497
hypothyroid	497
stylistics	497
hibernating	497
biometry	497
fortescue	497
nonchalant	497
disloyalty	497
laconic	497
dissents	497
westwards	497
guinean	497
askance	497
recouped	497
naturopath	497
pedagogies	497
carping	497
trivets	497
baronial	497
ammonite	497
denouement	497
obliquity	497
consonance	497
stickies	497
cadenza	497
excludable	497
cyclohexane	497
quivered	497
satiric	497
redstart	497
budgies	497
rejoins	497
sanctimonious	497
hanbury	497
recuperating	497
toadstool	497
whelping	497
schnauzers	497
missives	497
stammering	497
rodenticides	497
isoflavone	497
magnifies	497
adverbial	497
ghostwriter	497
cellulosic	497
foolscap	497
schizophrenics	497
evangelizing	497
fibrinolysis	497
rightward	497
cleavers	497
specialisms	497
paddies	497
unmeasured	497
atomicity	497
statuettes	497
footstools	497
propagators	497
coplanar	497
deflationary	497
lumping	497
catalyzing	497
washings	497
floristry	497
weightlessness	497
involvements	497
ampoule	497
cravens	497
tabulating	497
tellurium	497
contortionist	497
trudging	497
limestones	497
memorialize	497
distillates	497
cantankerous	497
lovesick	497
feasted	497
reassessing	497
rebukes	497
bluebells	497
carafes	497
quadrille	497
inconnu	497
unsportsmanlike	497
granddad	497
nullable	497
moralistic	497
clinches	497
whitlow	497
outstandingly	497
disconnections	496
veneered	496
undercoat	496
bronchoalveolar	496
deactivating	496
repressing	496
hematopoiesis	496
photolithography	496
enmeshed	496
prothonotary	496
impedances	496
uncritically	496
mishmash	496
functionalism	496
nonstationary	496
icebreakers	496
healthily	496
eschewed	496
utopias	496
embroideries	496
buntings	496
unrolling	496
intellects	496
brawling	496
gelatinous	496
ironmongery	496
heterochromatin	496
gentlemanly	496
underbrush	496
histochemistry	496
asthenic	496
shunted	496
forsaking	496
logistically	496
centripetal	496
cerebrum	496
defections	496
arcuate	496
anaphora	496
diversities	496
flatfish	496
unintelligent	496
crackles	496
detonating	496
annexing	496
remount	496
granddaddy	496
designators	496
fundies	496
asylums	496
satires	496
ravaging	496
depreciating	496
initialed	496
vestment	496
diaeresis	496
unburned	496
deprecate	496
multiplicities	496
annotator	496
furling	496
explosively	496
partials	496
chivalrous	496
scribblings	496
rationalizations	496
overruling	496
burdening	496
cumulated	496
transonic	496
laminations	496
underpowered	496
obstinacy	496
propagandists	496
collards	496
landsman	496
spurling	496
bootstrapped	496
towners	496
luminosities	496
contrastive	496
refocused	496
jeopardizes	496
reassures	496
similes	496
colorings	496
theatrically	496
wheelbarrows	496
liberians	496
recedes	496
divestments	496
phagocytic	496
longhaired	496
starbright	496
gabardine	496
contraindication	496
seaweeds	496
dutcher	496
structuralist	496
calligrapher	496
steamboats	496
psychodrama	496
substantiating	496
volcanos	496
towered	496
cobblestones	496
nosebleeds	496
tubercle	496
salesmanship	496
fastness	496
unguided	496
centroids	496
combinable	496
misquoted	496
filariasis	496
mousing	496
polytopes	496
palindromes	496
unrighteous	496
nanning	496
impugned	496
desecrated	496
transgressed	496
undercooked	496
misanthrope	496
scapula	496
sinfonietta	496
paternoster	496
nesters	496
subarctic	496
salivating	496
kalashnikov	496
endeared	496
disunity	496
touchline	496
abattoirs	496
outstripped	496
outpacing	496
armagnac	496
snaking	496
decommission	496
atomistic	496
postmarks	496
triangulations	496
shrubland	496
cambodians	496
majestically	496
shapeless	496
quaternions	496
contrite	496
predated	496
reflexively	496
tootsies	496
beachhead	496
abstractly	496
homoerotic	496
conjunctival	496
nonsignificant	496
lightens	496
twitches	496
stylebook	496
snuggles	496
abutments	496
claustrophobia	496
vacuumed	496
impresario	496
technocrats	496
audiometry	496
entreated	496
marginalize	496
aggravates	496
smocking	496
righteously	496
marvelled	496
resizes	496
nephron	496
preening	496
screeds	496
cryptographically	496
seductions	496
cosmetologist	496
propitious	496
domesticity	496
alkenes	496
inputted	496
chastise	496
brominated	496
inveterate	496
preconditioner	496
trimethyl	496
penetrator	496
apomorphine	496
peacefulness	496
extolled	496
isomerization	496
marigolds	496
absently	496
roadsters	496
twinned	496
erotics	496
proffers	496
reorient	496
fritillary	496
orators	496
incorrigible	496
gurdwara	496
anteater	496
abating	496
levellers	496
moonraker	496
feigning	496
ballplayers	496
passant	496
disruptor	496
gleanings	496
silverleaf	496
antlerless	496
sodalite	496
municipally	496
circularly	496
unwrapping	496
pessimists	496
ordonnance	496
blackmailed	496
tollbooth	496
sixtieth	496
reproof	496
secularization	496
alkylating	496
smokestack	496
universalists	496
treasonous	496
misprint	496
diverticulosis	496
hobnail	496
tarnishing	496
unicellular	496
propionic	496
conspiratorial	496
tambourines	496
nonconformist	496
retinoids	496
eucalypt	496
halogens	496
levitate	496
solidifying	496
credulous	496
inflections	496
puzzlement	496
fixable	496
fivefold	496
symbiont	496
junctional	496
steerable	496
benthos	496
inductions	496
dynamos	496
hereupon	496
absorbents	496
beneficence	496
hexagram	496
sailplane	495
towpath	495
impregnable	495
shoreland	495
afferents	495
profilers	495
selenite	495
etymological	495
sulfonamides	495
individuation	495
penmanship	495
revalidate	495
imperfects	495
instigating	495
unauthenticated	495
interferometers	495
manikin	495
ketosis	495
inscribe	495
castellanos	495
crazing	495
dismember	495
revocations	495
serenely	495
electroplated	495
misperception	495
decremented	495
dysphoria	495
immunogenic	495
impermanence	495
improvers	495
venturers	495
overwrought	495
vivacity	495
incontrovertible	495
forenoon	495
clotted	495
severly	495
drumstick	495
incisor	495
truthiness	495
certitude	495
marshalled	495
duplexer	495
overexposed	495
ammonites	495
senility	495
ballerinas	495
approvingly	495
sitosterol	495
unidentifiable	495
suffused	495
foxwood	495
nonmetropolitan	495
enteritidis	495
stopovers	495
bustard	495
artless	495
legenda	495
salmonellosis	495
precharge	495
regenerates	495
inaccessibility	495
reheating	495
flightless	495
monsoons	495
tympanic	495
counterfeits	495
matamoros	495
wastebaskets	495
liberates	495
brokenness	495
fluoridated	495
eightfold	495
trichomoniasis	495
woodshed	495
profiteers	495
suckered	495
escapees	495
noblesse	495
lambing	495
tranquilizer	495
jostling	495
briolette	495
kaleidoscopic	495
satiety	495
aunties	495
firetrap	495
shadowboxing	495
hallucinating	495
lynched	495
tolerably	495
consanguinity	495
breathlessness	495
convulsion	495
slumbering	495
kimberlite	495
glyceryl	495
behaviorism	495
gentlemens	495
exterminators	495
pranksters	495
semicircle	495
cinematographers	495
squinted	495
whiptail	495
exaggerations	495
progressivism	495
choroidal	495
eutectic	495
editorship	495
rapturous	495
acetates	495
eggplants	495
oscillates	495
horticulturist	495
unobtrusively	495
metallization	495
flyball	495
swiveling	495
hydrogeological	495
godparents	495
diffuses	495
vitrification	495
catalpa	495
crystallin	495
balustrades	495
choicest	495
tempestuous	495
creoles	495
foxhole	495
delimiting	495
succubus	495
knotwork	495
poulter	495
bamboos	495
grandparenting	495
humanized	495
invisibles	495
flitting	495
pericardium	495
conjugacy	495
knackered	495
stabile	495
laboriously	495
monosodium	495
seborrheic	495
pyloric	495
wordings	495
snuffed	495
halyard	495
midriff	495
millibars	495
demonology	495
slighted	495
contestable	495
cassady	495
stammer	495
inordinately	495
antifouling	495
pressboard	495
grandstanding	495
popularization	495
childhoods	495
pineland	495
comprehends	495
clothiers	495
extrovert	495
indemnitee	495
nebulizers	495
lilting	495
midheaven	495
cheeseburgers	495
newsboy	495
muzzles	495
vivaciously	495
cytochromes	495
compliancy	495
precipitously	495
sizzles	495
compulsively	495
collectivist	495
besought	495
vintner	495
unscrewing	495
rocketing	495
acrostic	495
gristle	495
refracted	495
degassing	495
deplores	495
noisemakers	495
intersystems	495
bluestem	495
pantothenate	495
softballs	495
anacondas	495
reactance	495
stoutly	495
vestigial	495
glassed	495
insinuating	495
facilitative	495
retreading	495
pennyroyal	495
trucked	495
reconfirmed	495
collarbone	495
continuities	495
unequally	495
candelabras	495
trumpeting	495
homeopaths	494
profligate	494
explants	494
repackage	494
interactional	494
apprise	494
syllabic	494
bobtail	494
deforming	494
heterozygote	494
overestimation	494
apperception	494
associational	494
abdicated	494
catatonic	494
squashes	494
reveries	494
relator	494
hauteur	494
unerring	494
wafting	494
unreached	494
refractometer	494
burling	494
redecorated	494
antiepileptic	494
belittling	494
sheepshead	494
unshakable	494
titillating	494
denizen	494
nonexistence	494
elegiac	494
lyricists	494
bivouac	494
superscripts	494
secessionist	494
riverbanks	494
doggedly	494
gainfully	494
premiering	494
rosebuds	494
lockman	494
tattood	494
brioche	494
leatherwood	494
reverberations	494
episiotomy	494
ladyship	494
kneeled	494
wappingers	494
nestlings	494
defamed	494
solubilized	494
problematical	494
fuzzies	494
simmers	494
micellar	494
lexicographic	494
crackled	494
bodhisattvas	494
uncommented	494
pricking	494
expropriated	494
colorant	494
interlocutors	494
invalids	494
rhyolite	494
unprivileged	494
lapwing	494
fastens	494
cantilevered	494
decimate	494
crewing	494
fleshly	494
flattens	494
machetes	494
shimmery	494
striven	494
blotches	494
lurched	494
reanimation	494
dazzler	494
matchmakers	494
redeems	494
stative	494
illegitimacy	494
perovskite	494
shipbuilders	494
misstep	494
roundel	494
fixations	494
apprehending	494
homeostatic	494
gritted	494
decorates	494
tarantulas	494
insinuate	494
deadening	494
desiderata	494
endogenously	494
reapportionment	494
hexagons	494
aluminized	494
scarlets	494
agreeably	494
scouted	494
marshlands	494
consistory	494
perennially	494
splendors	494
contrails	494
oxygenates	494
partite	494
telangiectasia	494
capstan	494
exudate	494
blackthorn	494
masturbator	494
muscovite	494
pursuer	494
nighthawks	494
wrappings	494
pandoras	494
isochronous	494
daunted	494
circularity	494
hookahs	494
recalibration	494
sandbag	494
westies	494
waxwing	494
thalasso	494
badland	494
hyaline	494
repertoires	494
chatelaine	494
expungement	494
standoffs	494
abolishment	494
incinerate	494
biochemists	494
bedridden	494
chancellery	494
lexicography	494
reticulation	494
cradling	494
dominants	494
neurone	494
couplets	494
socialistic	494
terrigenous	494
narrowness	494
ahluwalia	494
stitchery	494
mortuaries	494
cardiorespiratory	494
defacement	494
blackfish	494
brushwood	494
translocated	494
bookers	494
arrogantly	494
pestering	494
pronation	494
barricaded	494
laryngoscope	494
pillaging	494
theatrics	494
dredges	494
duotone	494
immunogenetics	494
cenotaph	494
manticore	494
adaptively	494
ciguatera	494
geophysicist	494
guppies	494
bungling	494
peripatetic	494
recollected	494
tribalism	494
malarkey	494
determiner	494
chromaticity	494
bookmaking	494
skidded	494
expectantly	494
mammoths	494
saccade	494
perching	494
broiling	494
gangway	494
jordanians	494
logotypes	494
presbyopia	494
rapacious	494
cultists	494
endorser	494
debased	494
percolator	494
concubines	494
polygamous	494
entangle	494
terrine	494
pygmies	494
arsenate	494
steepness	494
organizationally	494
puritanical	494
capacious	494
outfielders	494
prefects	494
constrict	494
mestizo	494
pahlavi	494
patristic	494
preventer	494
unrolled	494
alienates	494
tambour	494
candling	494
shrublands	494
overspending	494
pathobiology	494
watchword	494
puncher	494
memorably	494
manometer	494
drummed	494
cleavages	494
verging	494
reformists	494
loonies	494
acclimate	494
appurtenant	494
urethritis	494
interdict	494
adjourns	493
hydrofoil	493
rivaling	493
broomsticks	493
scamper	493
homogenates	493
phylogenetics	493
devoutly	493
transmigration	493
redoubt	493
fairings	493
revisionists	493
dysmenorrhea	493
convolutional	493
detailer	493
sinkers	493
revenant	493
boastful	493
fuzziness	493
enumerators	493
saccades	493
isoprene	493
bilious	493
mazurka	493
disposers	493
stonewalling	493
oviposition	493
despondency	493
compensators	493
disheveled	493
exclamations	493
unseasonably	493
extratropical	493
lactone	493
fragmenting	493
arpeggio	493
postmasters	493
allegories	493
abyssal	493
stevedoring	493
demilitarized	493
bullwhip	493
mincing	493
homesickness	493
directivity	493
metamorphosed	493
congregated	493
stoicism	493
covetous	493
giblets	493
melanocytes	493
exhumation	493
panfish	493
pentatonic	493
subsamples	493
instillation	493
boatload	493
innately	493
hysterics	493
pimento	493
ovalbumin	493
jockeying	493
droping	493
procures	493
alrighty	493
ameliorated	493
vocalization	493
tachibana	493
ghoulies	493
translucency	493
imperialistic	493
hypotensive	493
pleasants	493
throating	493
orchester	493
devours	493
gaskins	493
hackles	493
polarizers	493
reoperation	493
vulcanized	493
firered	493
recoverability	493
interdependency	493
potentate	493
wringer	493
grappler	493
barbarity	493
madding	493
extirpated	493
charlatan	493
electromagnet	493
fleshing	493
sectorial	493
permanganate	493
slouching	493
susceptibilities	493
plaited	493
surtout	493
agonies	493
misjudged	493
writhed	493
mealtimes	493
housemaid	493
mesilla	493
undeserving	493
condemnations	493
porcupines	493
untruth	493
fingerings	493
bullhorn	493
conveyer	493
oversimplification	493
pigeonhole	493
tonsillectomy	493
extrude	493
lithotripsy	493
spiderweb	493
consortiums	493
polymorph	493
horsehair	493
anthropic	493
gunsmithing	493
neuropathies	493
interweaving	493
disaggregate	493
trilobites	493
unadvertised	493
switchboards	493
mandarins	493
indifferently	493
panicky	493
desensitized	493
retinue	493
warrens	493
cardroom	493
vampiric	493
homeopath	493
shippable	493
roomful	493
impostors	493
flyleaf	493
subclavian	493
derangement	493
defogger	493
crisply	493
gumption	493
clambake	493
inotropic	493
splicer	493
boundedness	493
kindergartners	493
impertinent	493
eyestrain	493
isobutyl	493
dolling	493
buffeted	493
carolers	493
gasconade	493
mentalism	493
physiognomy	493
stellate	493
deflating	493
barbiturate	493
exogenously	493
behooves	493
vervain	493
amatrice	493
misshapen	493
quartic	493
scrubby	493
yachtsman	493
espouses	493
dreamworld	493
marshaling	493
myogenic	493
photoionization	493
popularize	493
motorboats	493
unpolished	493
ceaselessly	493
steadiness	493
reinvigorated	493
neurite	493
diapason	493
replanted	493
dehydrators	493
cuvette	493
porphyrins	493
dispossession	493
federate	493
shoeless	493
halfback	493
octahedral	493
measurer	493
inoculations	493
swiping	493
retread	493
viremia	493
feminized	493
attenders	493
recompilation	493
escolar	493
curettage	493
rimfire	493
unavailing	493
vagabonds	493
fistulas	493
acromegaly	493
enantiomers	493
semiconducting	493
irreverence	493
sleeker	493
unseeded	493
leftward	493
relegate	493
chaises	493
statesmanship	493
toxicant	493
volatilities	493
proprietorships	493
sablefish	493
demoralizing	493
unsolvable	493
disillusion	493
wisdoms	493
parkins	493
docents	493
runaround	493
acclimatization	493
opposable	493
cassation	493
thronged	493
puppetmaster	493
beseeching	493
wiggler	493
gussets	493
irksome	493
exocrine	493
battens	493
semiarid	493
esoterica	493
endotoxins	493
burgesses	493
oxygenate	493
quencher	493
biennially	493
roentgen	493
billingsgate	493
seronegative	493
thermocline	493
uncounted	493
effacing	493
geodynamics	493
squirted	493
yourselfer	493
schoolroom	493
intractability	493
aerogel	493
franked	493
bacteriophages	493
cruciform	493
teaspoonful	493
uyghur	493
herbivorous	493
rambled	493
autocar	493
clinger	493
baseboards	493
biggers	493
kneaded	493
waybill	493
irreversibility	493
semiprecious	493
prayerfully	493
oxymorons	493
prophesies	492
contaminates	492
defused	492
diatribes	492
morphemes	492
crabbing	492
antivirals	492
emanations	492
kingbird	492
veiling	492
altimeters	492
squandering	492
counterclaims	492
hornbill	492
quiescence	492
penalizing	492
resolvers	492
widowhood	492
swarthy	492
chrysotile	492
palimpsest	492
fangled	492
wiggled	492
arbiters	492
isosceles	492
poetically	492
sparkler	492
virological	492
durance	492
photosphere	492
riposte	492
molehill	492
vectorial	492
menaces	492
secretin	492
ambling	492
extraversion	492
perilously	492
electrotherapy	492
imaginal	492
cremorne	492
cheyney	492
linchpin	492
huffing	492
channelization	492
dosimeters	492
vaccinating	492
obviousness	492
pyroxene	492
archies	492
portholes	492
mentalist	492
deerhound	492
unicycles	492
dogmatism	492
immigrating	492
maneuverable	492
parasitoids	492
rostral	492
chasseur	492
angelico	492
grudging	492
reciprocally	492
inheritable	492
paraphrases	492
footballing	492
authorial	492
benched	492
spaciousness	492
egghead	492
effusions	492
masterminded	492
topnotch	492
omnivorous	492
gravies	492
intraventricular	492
attenuating	492
reacher	492
subfloor	492
burping	492
squeaked	492
spectrally	492
overreaching	492
puffiness	492
stilled	492
flowerpot	492
asphaltic	492
sorbents	492
cheekbones	492
reframe	492
fizzled	492
bygones	492
semolina	492
finiteness	492
transborder	492
contentedly	492
festuca	492
perfumer	492
institutionalizing	492
misrepresents	492
incognita	492
roughest	492
stepsons	492
emulsifiers	492
entreaties	492
ridiculing	492
daylong	492
alternations	492
horologium	492
penitence	492
conidia	492
philosophizing	492
meditator	492
velvets	492
spallation	492
concordat	492
batterer	492
completer	492
crowfoot	492
tactfully	492
defrosting	492
anesthetists	492
reproached	492
trilingual	492
roundtree	492
mycological	492
eelgrass	492
slusher	492
edgewise	492
plungers	492
safeties	492
chauvinist	492
drunkards	492
pegboard	492
normotensive	492
elkhound	492
hurries	492
amalgamate	492
antipersonnel	492
pneumoconiosis	492
twosome	492
parenthesized	492
bamboozle	492
substructures	492
lagniappe	492
divulging	492
duchesse	492
abductors	492
paratuberculosis	492
cheerio	492
expressible	492
abdominals	492
excrete	492
blowdown	492
mingles	492
interning	492
helpings	492
maltodextrin	492
undershirt	492
dismantlers	492
rodenticide	492
corrals	492
rectitude	492
resolvable	492
orthophosphate	492
umlauts	492
polarizations	492
abductor	492
reconstructionist	492
jadeite	492
deniers	492
encircles	492
interject	492
cuticles	492
torpedoed	492
meconium	492
misuses	492
narrations	492
recomputed	492
uncleanness	492
slimmed	492
isometry	492
whipper	492
supplications	492
concurso	492
pollinator	492
connecter	492
deportment	492
quotidian	492
bibliophile	492
polymerized	492
steelwork	492
myoclonus	492
freeholder	492
invidious	492
abortus	492
molluscan	492
searchlights	492
seraphic	492
transience	492
weighbridges	492
alighted	492
malevolence	492
aeronautic	492
alcalde	492
judicature	492
methodologically	492
distributer	492
shoeshine	492
nonblocking	492
organogenesis	492
exhorting	492
libation	492
instantiates	492
blatter	492
mainstays	492
angiosperm	492
bagatelle	492
conveners	492
preservers	492
smithing	492
democratizing	492
tearoom	492
governorates	492
nonchalantly	492
rimrock	492
hairpins	492
trespasser	492
handstand	492
masturbated	492
timelessness	492
typecast	492
trammel	492
irresponsibly	492
defensiveness	492
winningest	492
solderless	492
drenching	492
abatements	492
crinkled	492
rhizosphere	492
detonators	492
mounties	492
guaranties	492
refitted	492
lapsing	492
supplicant	491
edifices	491
reinterpreted	491
transgressive	491
acetylated	491
decentralize	491
doodling	491
doorbells	491
jobbers	491
exasperating	491
condones	491
underlain	491
atomization	491
grievously	491
rationed	491
chequers	491
seersucker	491
cricketing	491
perpetrating	491
knowable	491
wheelies	491
subsumes	491
collocations	491
progestins	491
entrusting	491
noncommissioned	491
hesitancy	491
hollered	491
restatements	491
washdown	491
armorer	491
seaming	491
interposition	491
callings	491
distrustful	491
satisfactions	491
lodestar	491
reconstructs	491
armadillos	491
jettisoned	491
schiavone	491
heartthrob	491
microbiologists	491
incredulously	491
inefficiently	491
obsequious	491
intertwine	491
leprechauns	491
ailerons	491
dissolute	491
betrayals	491
heliports	491
jaundiced	491
astoundingly	491
procaine	491
briefest	491
lamplight	491
mistrustful	491
sharpshooters	491
schnitzel	491
intervener	491
buttressed	491
semiannually	491
druggist	491
locater	491
preapproved	491
unprincipled	491
sweated	491
formular	491
sloughs	491
backspin	491
bellhop	491
retarder	491
spearfishing	491
flinched	491
popliteal	491
humeral	491
graters	491
quantizer	491
licensable	491
uncompetitive	491
blemished	491
juggles	491
pacification	491
nitrogenous	491
winterizing	491
destructiveness	491
sackcloth	491
apostates	491
recommendable	491
dispensaries	491
pathologically	491
pelleted	491
reservable	491
breathers	491
enraptured	491
nearsightedness	491
overstating	491
overcapacity	491
geldings	491
resuspension	491
trottier	491
sprenger	491
vanadyl	491
colliculus	491
fidgety	491
barroom	491
thrombophlebitis	491
extinguishes	491
bacitracin	491
spigots	491
intriguingly	491
pogroms	491
spermidine	491
schoolteachers	491
humanitarians	491
militarized	491
recordist	491
cosmetically	491
sophistry	491
buffoons	491
stagnating	491
illumined	491
fielders	491
amoroso	491
disallows	491
agonized	491
herbaria	491
decontaminate	491
brazenly	491
overextended	491
retrospectives	491
grantors	491
restrains	491
overspend	491
catechol	491
pickpocket	491
treaters	491
unappropriated	491
warbling	491
shriveled	491
unhurried	491
anthracnose	491
fractious	491
disruptors	491
conformable	491
predication	491
cheesecloth	491
imprisoning	491
formularies	491
incongruity	491
osteoporotic	491
uselessly	491
gallantly	491
prejudgment	491
reformulate	491
illuminators	491
ectoderm	491
sportsmans	491
fragranced	491
quitters	491
disbelievers	491
incriminate	491
osteoclasts	491
habitus	491
collaboratives	491
droppers	491
fluoranthene	491
poignantly	491
mediumship	491
depopulation	491
untiring	491
combustibles	491
hostelry	491
slumbers	491
forfeiting	491
mechanize	491
seedbed	491
coarsening	491
numberless	491
intituled	491
intemperance	491
protoplasts	491
submergence	491
eavesdropper	491
fullers	491
strategizing	491
expansionist	491
definiteness	491
numeration	491
reproved	491
interleague	491
privation	491
eccentrics	491
forgivable	491
grimaced	491
divisiveness	491
protrudes	491
legitimized	491
peevish	491
dipeptide	491
pedagogue	491
soothsayer	491
sealable	491
uniphase	491
facings	491
multiform	491
appliqued	491
percussionists	491
unmapped	491
demonizing	491
hardwares	491
carberry	491
spurting	491
samplings	491
rescinding	491
watchmakers	491
nonfood	491
indelibly	491
overrepresented	491
aphelion	491
decrying	491
perturb	491
weavings	491
submersion	491
monopoles	491
reconfirmation	491
overpressure	491
signifier	491
traumatology	491
geezers	491
cruelties	491
uninvolved	491
picaresque	491
cadences	491
phosphide	491
throttles	491
gelling	491
slavish	491
presentence	491
bawling	491
concessionaires	491
transferees	491
felicitous	491
outgunned	491
caravel	491
suturing	491
necromancy	491
plaudits	491
schooners	491
mystify	491
remissions	491
regolith	491
pemphigus	491
positing	491
demander	491
localizes	491
springhouse	491
streaker	491
trilobite	491
sophisticate	491
mullion	491
controling	491
stigmatization	491
incapacitating	491
marginalia	491
cuniculus	491
majorly	491
remixer	491
gradings	491
soapmaking	491
monovalent	491
uncrowded	491
morphic	491
grapevines	491
osseous	491
honorific	491
underhand	491
retroactivity	491
coolants	491
taskmaster	491
leafing	491
saponins	491
idolatrous	491
slugged	491
translatable	491
tradespeople	491
polytheism	490
redaction	490
deerwood	490
ethnological	490
revellers	490
appellations	490
stokely	490
boondoggle	490
draughtsman	490
quitclaim	490
hemagglutination	490
verandas	490
ballooned	490
technocratic	490
sexualities	490
gasifier	490
gringos	490
zellers	490
otolaryngologists	490
tourister	490
naturopaths	490
expansionary	490
incidently	490
bombast	490
catbird	490
subdividing	490
wombats	490
hassocks	490
alannah	490
bateaux	490
impounding	490
impulsively	490
treader	490
offshoots	490
intraspecific	490
developable	490
charades	490
moulins	490
depredations	490
deciles	490
nonfunctional	490
baghouse	490
pedicle	490
diamine	490
temerity	490
collusive	490
understudy	490
oropharyngeal	490
brumbies	490
tryptic	490
towelling	490
eluding	490
adventitious	490
alloyed	490
interglacial	490
horehound	490
barmaid	490
potentiated	490
weenies	490
chondrites	490
deluged	490
photographies	490
insolvencies	490
quintets	490
rebounders	490
inheritances	490
pyrography	490
antelopes	490
exoskeleton	490
koinonia	490
territoriality	490
bootstraps	490
darkens	490
unanswerable	490
excellencies	490
empiric	490
lookouts	490
renormalized	490
summonses	490
intimidator	490
disorienting	490
untainted	490
redeveloping	490
scratcher	490
desiccated	490
reverberate	490
whirring	490
forevermore	490
jointers	490
dayspring	490
taxiing	490
miserly	490
sharable	490
thumbed	490
radiosonde	490
linkable	490
contemptuously	490
teakwood	490
towelettes	490
decomposable	490
differents	490
sugaring	490
mangler	490
distills	490
ideologue	490
frequenting	490
bantams	490
celerity	490
grottoes	490
winterbourne	490
thickener	490
milliner	490
brutalized	490
reinspection	490
antipodean	490
catchall	490
earlies	490
subhumans	490
dissenter	490
pornographer	490
flunked	490
exonerate	490
rickles	490
twitchy	490
familys	490
hemorrhages	490
righted	490
interlake	490
tangentially	490
drachma	490
denervation	490
ovulate	490
travailler	490
malocclusion	490
imperishable	490
swinney	490
puppeteers	490
illuminance	490
instills	490
insolation	490
auroras	490
hypersurface	490
famished	490
romping	490
separateness	490
centavos	490
deponent	490
sinfully	490
leister	490
kidnaps	490
thiocyanate	490
sexology	490
fingerlings	490
floristic	490
blackhead	490
outlands	490
arterioles	490
towable	490
bipedal	490
deodorizer	490
extendible	490
virtuality	490
tollgate	490
additivity	490
breadboard	490
roomies	490
bioluminescence	490
geomorphological	490
dispensable	490
redeployed	490
reattach	490
intermodulation	490
monopolized	490
abstruse	490
anthroposophy	490
redressing	490
embryonal	490
shakeout	490
outplayed	490
stripling	490
overshadowing	490
footway	490
beanbags	490
telekinesis	490
whizzing	490
reinvents	490
headman	490
glimmers	490
downtowns	490
disperses	490
barging	490
scooper	490
decompressing	490
protean	490
centralizes	490
eyebright	490
mellowed	490
trilling	490
monogramming	490
convector	490
mastiffs	490
kosovars	490
samaras	490
arrestees	490
contiguity	490
cattleman	490
findability	490
pretties	490
ecologies	490
presupposed	490
retracing	490
chuffed	490
similitude	490
nauseated	490
verdure	490
exclusiveness	490
misapplication	490
entrench	490
unscramble	490
reclined	490
proctors	490
spinney	490
throbbed	490
divines	490
posteriorly	490
tetragonal	490
prostration	490
wretchedness	490
festooned	490
etiological	490
steadfastness	490
cytologic	490
dwarfism	490
underarms	490
mummification	490
klystron	490
passbook	490
demigod	490
didactics	490
blinker	490
digressions	490
butterfat	490
witcher	490
schoolies	490
fellers	490
scamming	490
mulatta	490
begrudge	490
actioned	490
whinging	490
chlorate	490
dotting	490
coxswain	490
depilation	490
airframes	490
counselled	490
sentries	490
reproaches	490
pediment	490
intoxicants	490
protestor	490
simulant	489
baleful	489
notated	489
volitional	489
swifter	489
drugging	489
lightman	489
festoon	489
farriers	489
glorifies	489
bogeyman	489
glottal	489
hillock	489
dichloride	489
irrationally	489
cadaveric	489
preheating	489
fearlessness	489
willetts	489
hollyhock	489
corbels	489
incapacitation	489
palmitic	489
unalterable	489
sandblast	489
highers	489
inexpressible	489
effectivity	489
cherishing	489
mercuric	489
crooning	489
cookshop	489
tanking	489
aftereffects	489
purslane	489
alkalis	489
quarried	489
disavow	489
entrenchment	489
probated	489
abortionists	489
timbales	489
glaringly	489
ferrying	489
backsliding	489
lobular	489
whisking	489
deadhead	489
bassists	489
wantonly	489
druggists	489
nonvoting	489
transuranic	489
samovar	489
gourmets	489
detainer	489
unscaled	489
oppresses	489
eschews	489
peripherally	489
footstep	489
stewing	489
degreed	489
acrimony	489
bristly	489
herpetological	489
periodontology	489
lockjaw	489
demonized	489
knotweed	489
typological	489
dinnertime	489
tracings	489
ruefully	489
unfavorably	489
slothful	489
oculomotor	489
pentane	489
tomfoolery	489
exhorts	489
ruthlessness	489
decedents	489
dribbled	489
epigram	489
anaglyph	489
pompadour	489
unglued	489
gerrymandering	489
extroverted	489
expends	489
schillings	489
reassuringly	489
thwarts	489
tycoons	489
fulling	489
preclusion	489
hellion	489
abhorred	489
pivoted	489
grownup	489
globulins	489
nitroprusside	489
snaffle	489
miscible	489
citadels	489
reintroducing	489
estrone	489
immobilize	489
tessera	489
misleads	489
uncultured	489
conquistadors	489
pickaway	489
captivates	489
cinematographic	489
sequester	489
platting	489
constricting	489
repossess	489
calorific	489
upstage	489
fibrocystic	489
malthouse	489
estrous	489
osteoblast	489
electroshock	489
puncturing	489
zoetrope	489
stopgap	489
phosphorescent	489
adenocarcinomas	489
footrests	489
piccies	489
inchoate	489
mushrooming	489
lubbers	489
unashamedly	489
barramundi	489
foundling	489
sauntered	489
sparling	489
retrying	489
illiberal	489
deserting	489
stationer	489
ethicists	489
albinism	489
onlooker	489
firebrick	489
deathless	489
collegians	489
immerses	489
bussing	489
petrels	489
certifiers	489
dinitrate	489
assurer	489
isentropic	489
behaviorist	489
reabsorption	489
backboards	489
outfront	489
uncoupled	489
inflorescences	489
deicing	489
morpher	489
dissuaded	489
malian	489
roundwood	489
gastroenterologist	489
ascribes	489
hearths	489
tangling	489
dramatize	489
treadle	489
donator	489
subvention	489
discoverers	489
trabant	489
stupider	489
chiaroscuro	489
leavened	489
caracol	489
propulsive	489
nobodies	489
bellicose	489
preconditioned	489
cryptogram	489
ferruginous	489
standpipe	489
commissariat	489
nonsectarian	489
inactivating	489
vinifera	489
megalomaniac	489
slaughters	489
titrated	489
cornfields	489
mediastinum	489
abscissa	489
freckle	489
allergist	489
repossessions	489
prototyped	489
perceptually	489
portents	489
achingly	489
unnerved	489
participles	489
paintable	489
harmlessly	489
gizzard	489
congruency	489
nonwhite	489
scapular	489
possessors	489
percolating	489
fuertes	489
proclivity	489
rhenium	489
ampoules	489
phylogenies	489
liveliness	489
snowsuit	489
holidaying	489
normaly	489
zonation	489
conserver	489
adjectival	489
bemoaning	489
contravening	489
feckless	489
physiques	489
lamping	489
tuberose	489
stereophonic	489
hoedown	489
castanets	489
dazzles	489
unglazed	489
nightshirt	489
funicular	489
diverticulum	489
solidus	489
crankshafts	488
stationing	488
autocrat	488
shouldering	488
thymoma	488
quadrat	488
clapboard	488
dehumanizing	488
briquettes	488
neologisms	488
holdout	488
cyanosis	488
flameproof	488
muncher	488
individualization	488
spearing	488
grackle	488
screamers	488
incites	488
stirrings	488
photospheric	488
copepod	488
retentions	488
alewife	488
decider	488
rustled	488
unquenchable	488
fallers	488
stubbed	488
foreseeing	488
disulphide	488
indolence	488
comedienne	488
fishtail	488
profundity	488
contusion	488
commingling	488
underrun	488
earmarking	488
exigency	488
conjuration	488
daredevils	488
relearn	488
pebbled	488
inserter	488
internalizing	488
vivarium	488
interlinear	488
unenviable	488
radionics	488
obscenely	488
permeating	488
chosing	488
microscopical	488
unfeeling	488
bishopric	488
dichotomies	488
regurgitate	488
severest	488
catatonia	488
beautifying	488
evaluable	488
medicating	488
glistened	488
encroached	488
compressional	488
suppleness	488
irascible	488
crumple	488
defaulters	488
reprimands	488
messinger	488
feelers	488
jackknife	488
tabacum	488
cordoned	488
augmentations	488
snowdrop	488
chromatogram	488
vibrated	488
interloper	488
denuded	488
revivalist	488
smudged	488
downslope	488
rudders	488
lambasted	488
subjugate	488
seminarian	488
gazettes	488
lamplighter	488
whitecaps	488
tactician	488
histoplasmosis	488
soffits	488
collieries	488
splintering	488
incorporeal	488
cholelithiasis	488
orderlies	488
thrushes	488
titmouse	488
injectables	488
plasticizers	488
ferried	488
seances	488
wriggling	488
sagitta	488
nonperforming	488
reinsert	488
fruited	488
unashamed	488
dismantlement	488
downwardly	488
perpendicularly	488
geniculate	488
teatime	488
superimpose	488
stainer	488
expounding	488
banting	488
pushover	488
packable	488
breathy	488
swaddling	488
benighted	488
typesetter	488
frigging	488
swashbucklers	488
unlockables	488
hysteric	488
trekked	488
uninsulated	488
privity	488
lunging	488
exultation	488
selfsame	488
overcoats	488
glaucous	488
jigging	488
pummeled	488
millwright	488
soberly	488
ergometer	488
madrigals	488
occupationally	488
chalker	488
evolver	488
antiseptics	488
uncompromised	488
brewhouse	488
guardianships	488
curmudgeonly	488
fizzing	488
adjacencies	488
platten	488
schmaltz	488
hillyer	488
endosomes	488
tiffanys	488
singleness	488
scorcher	488
trounced	488
presidencies	488
dollard	488
blackface	488
cuckoos	488
indefiniteness	488
yearnings	488
berrigan	488
dependently	488
unquiet	488
herbage	488
fluorosis	488
aviaries	488
twaddle	488
tachometers	488
runnings	488
subproblems	488
gonococcal	488
lamberts	488
unitarians	488
unutterable	488
scribing	488
outshine	488
gyroscopes	488
patronized	488
iodized	488
capsize	488
clambered	488
inelegant	488
histrionic	488
subsists	488
mononitrate	488
gonadotropins	488
gooders	488
correctors	488
ownerships	488
embeded	488
intarsia	488
kingfishers	488
facially	488
misappropriated	488
poppycock	488
wormholes	488
degenerating	488
nebular	488
taciturn	488
enumerable	488
berated	488
greasing	488
eutrophic	488
bristled	488
unlearn	488
flecked	488
laterality	488
superposed	488
preplanning	488
astrophysicist	488
redesignating	488
sabbaths	488
mustering	488
matadors	488
allemande	488
betrothal	488
trestles	488
baccara	488
intrudes	488
greenest	488
pyrimidines	488
foisted	488
boorish	488
ordinals	488
eighths	488
crampon	488
glaciology	488
millpond	488
whitetails	488
squiggle	488
gullibility	488
roughed	488
adjoined	488
karakas	488
tessellation	488
indoles	488
animist	488
battler	488
vassals	488
throttled	488
tippers	488
butyric	488
bulimic	488
oestradiol	488
insulates	488
entrancing	488
meningeal	488
melancholia	488
shampooing	488
pilothouse	488
drapers	487
microinjection	487
survivalist	487
digitals	487
ramification	487
beguiled	487
salmond	487
crimpers	487
hydrofluoric	487
unrepresentative	487
arrestor	487
counterfeiters	487
mordant	487
overbought	487
rocketeer	487
torturer	487
correlational	487
slapper	487
somnolence	487
commandeered	487
curvatures	487
ascribing	487
irreparably	487
shirred	487
signposting	487
energizers	487
uplinks	487
heterozygotes	487
sweeting	487
compter	487
luckier	487
seismograph	487
diatomic	487
inaugurating	487
browses	487
gazetteers	487
declension	487
negatived	487
expedites	487
standpoints	487
ungulates	487
oddness	487
combinator	487
dormouse	487
smidgen	487
bromeliad	487
tossers	487
snobbish	487
funneling	487
yellowhead	487
fledging	487
settees	487
anodyne	487
sanctifying	487
merchantable	487
carnosine	487
reworded	487
gastropods	487
homeworkers	487
shorties	487
comeuppance	487
sundaes	487
enigmas	487
ramekins	487
humored	487
unfailingly	487
exploiters	487
hexokinase	487
sabbaticals	487
secretes	487
befalls	487
constructionist	487
disbarred	487
exemplifying	487
primeros	487
possessory	487
fenland	487
hyperopia	487
pinholes	487
orthosis	487
disembarked	487
gleaning	487
logician	487
dinmont	487
ultramodern	487
thumped	487
conjectural	487
remanufacture	487
flavoprotein	487
bolding	487
rumination	487
auscultation	487
tocopherols	487
blackmailing	487
staters	487
scripter	487
hydrosphere	487
masculinities	487
rationals	487
misogynist	487
tendance	487
phagocytes	487
quintuple	487
clickers	487
repurposing	487
psychobiology	487
hounding	487
regurgitated	487
compartmentalized	487
shrubby	487
contortions	487
racemic	487
repetitively	487
compulsorily	487
apportioning	487
cairngorms	487
arsonist	487
provers	487
effusive	487
cloistered	487
sapsucker	487
redoubled	487
choristers	487
climaxed	487
dutiable	487
otolith	487
cubical	487
flapped	487
opaques	487
supernumerary	487
aqueducts	487
photosensitivity	487
reprobate	487
cubbies	487
indiscretions	487
biaxial	487
sculpin	487
expletives	487
flintlock	487
wickens	487
alloted	487
prelates	487
catacomb	487
fricative	487
capitated	487
isotherms	487
ensigns	487
anteriorly	487
cellulase	487
unpredictably	487
hydrologist	487
diachronic	487
cattails	487
clubland	487
spendthrift	487
imidazoles	487
scoggins	487
antipodes	487
cellaring	487
religionists	487
dateless	487
dystocia	487
contributers	487
virtualized	487
normalizes	487
grossest	487
shanties	487
handwork	487
radiometrically	487
monomials	487
ploughs	487
emotionless	487
proscenium	487
restates	487
porteous	487
telesis	487
cantabile	487
persecutors	487
averred	487
thyroglobulin	487
composter	487
clemmer	487
norland	487
gasworks	487
selflessly	487
actualize	487
valueless	487
sniffles	487
imperceptibly	487
percolate	487
revetment	487
stilling	487
wielder	487
crevasse	487
hastens	487
photocell	487
chating	487
reamers	487
parlamento	487
brilliancy	487
voluntarism	487
monoclinic	487
marechal	487
equestrians	487
traitorous	487
quieting	487
tetralogy	487
penetrant	487
pollens	487
twiddle	487
joblessness	487
woodend	487
greenhorn	487
spectrogram	487
roadbed	487
goldens	487
remunerative	487
xylenes	487
intricacy	487
pendulous	487
mourner	487
gastrectomy	487
superheated	487
quested	487
troubadours	487
paupers	487
playmakers	487
bludgeon	487
inconsiderable	487
bricklaying	487
derogations	487
cotyledons	487
titanate	487
ungreased	486
reformatory	486
ostentation	486
cherishes	486
snowstorms	486
anecdotally	486
shipowner	486
enticement	486
affiant	486
parities	486
curragh	486
wrathful	486
vasoconstrictor	486
partook	486
clarinetist	486
shapeshifters	486
slaving	486
kneepads	486
familiars	486
overestimates	486
glockenspiel	486
blacken	486
possibles	486
intensional	486
congregants	486
deflects	486
annexations	486
sublimated	486
junkets	486
schemer	486
clarets	486
rodding	486
cockerel	486
spectrums	486
mummers	486
friendless	486
proboscis	486
wholehearted	486
underlings	486
inklings	486
unstressed	486
cautioning	486
refractors	486
intrust	486
overpasses	486
unquestioning	486
aquatint	486
desultory	486
disjunct	486
probally	486
anteaters	486
pitifully	486
crescents	486
escudos	486
confiscating	486
menacingly	486
ambiguously	486
torching	486
reveling	486
initializers	486
seasickness	486
disinclined	486
lackeys	486
hokkien	486
codicil	486
purines	486
floodwater	486
puerile	486
pharmacopeia	486
editorially	486
ambulation	486
tetrahydro	486
improver	486
worthlessness	486
vermicelli	486
devolving	486
oblation	486
maestros	486
westernized	486
coverlets	486
necrology	486
overconfidence	486
executory	486
combust	486
civilizing	486
communiques	486
stockyard	486
trophoblast	486
stillbirths	486
toolroom	486
multiplet	486
pirouette	486
damming	486
bagasse	486
unschooling	486
palaver	486
balalaika	486
ductless	486
geostrophic	486
antiaircraft	486
inorganics	486
grandstands	486
unvarnished	486
wretches	486
socialites	486
blusher	486
dysphoric	486
fumigant	486
hoarsely	486
eggshells	486
objectification	486
statecraft	486
synthetically	486
parkways	486
thumbscrews	486
bulldozing	486
standardbred	486
undercroft	486
terrane	486
cognitions	486
studiously	486
defeatist	486
crossbred	486
dodecahedron	486
reveled	486
colloquially	486
detectability	486
sundried	486
confounds	486
serigraphs	486
resurfaces	486
knapweed	486
saltman	486
pitiable	486
griller	486
ferrites	486
betrayers	486
neckband	486
legless	486
imploded	486
reiteration	486
unreviewed	486
vaporize	486
aliments	486
chromophore	486
corsairs	486
stuttered	486
cholangitis	486
indiscreet	486
shoelace	486
duelling	486
bronchospasm	486
pedantry	486
retinas	486
debilitated	486
motoneurons	486
marinating	486
philanthropies	486
quadriplegia	486
unobtainable	486
russells	486
reactionaries	486
seemless	486
impliedly	486
unsharp	486
geometrics	486
pastorale	486
resettle	486
impaction	486
looseness	486
jewelries	486
appendectomy	486
neglectful	486
radioed	486
reversibly	486
dementias	486
memorialized	486
pillaged	486
adrenals	486
reasonings	486
drawbar	486
chalking	486
firebirds	486
televise	486
apportionments	486
hemiplegia	486
contraventions	486
jamaicans	486
panicle	486
subsidizes	486
meetinghouse	486
umpteenth	486
paranasal	486
outshot	486
rotella	486
worthily	486
athletically	486
assaying	486
reverso	486
knicker	486
insomuch	486
expensively	486
salivation	486
macromolecule	486
mesenchyme	486
intercalated	486
pralines	486
scruple	486
uncharged	486
neurotoxins	486
unheralded	486
ordeals	486
honeyed	486
mineralogist	486
recoiled	486
trimesters	486
communalism	486
cancelation	486
benzoin	486
disliking	486
interrupter	486
bastardly	486
infuriate	486
honchos	486
hydrographs	486
armholes	486
dilutes	486
feedstuffs	486
hyperpigmentation	486
throaty	486
shipmate	486
occlusions	486
radiographer	486
imploding	486
oratorios	486
convulsed	486
orthorhombic	486
pilocarpine	486
carbides	486
silverside	486
mooning	486
resettable	486
outriggers	486
secularist	486
allgood	486
pentacles	486
skyscape	486
seagoing	486
crispness	486
lengthens	486
deferments	486
cleanness	486
predating	486
unmolested	486
insistently	486
densest	486
tilings	485
tradecraft	485
fording	485
stowers	485
dispersant	485
murrelet	485
sextants	485
glassine	485
prognostications	485
macronutrients	485
telegraphs	485
lorikeet	485
realigning	485
jiggling	485
coverts	485
yellowlegs	485
transgressors	485
redolent	485
duplexing	485
impudence	485
represses	485
gunsmiths	485
subspecialties	485
teratoma	485
macrobiotics	485
noneconomic	485
generalizable	485
daydreamer	485
eulogies	485
undershirts	485
resealed	485
weakling	485
misanthropic	485
crapper	485
dingbat	485
elementalist	485
rouleau	485
steeples	485
trophoblastic	485
overdosing	485
vergence	485
disqualifications	485
undescribed	485
collaterals	485
tremulous	485
sinkholes	485
homeomorphism	485
menarche	485
tottering	485
grossen	485
asymptote	485
landholding	485
despaired	485
satiated	485
gravitated	485
localism	485
swilling	485
recapping	485
sluggishness	485
embarrasing	485
codling	485
lightnings	485
repenting	485
grandfathering	485
cosmogony	485
invulnerability	485
manliness	485
textually	485
trainable	485
bankable	485
heckling	485
sodding	485
deodorizers	485
revolutionizes	485
phenolics	485
detracting	485
chirped	485
synergetic	485
technologic	485
reauthorized	485
lexically	485
townscape	485
humpers	485
derisive	485
imbibed	485
codifying	485
equipage	485
carnauba	485
brattle	485
nightgowns	485
waratahs	485
bailiwick	485
forestal	485
prophesying	485
savaged	485
slithering	485
tamarisk	485
karyotyping	485
geochronology	485
spouted	485
clanging	485
cinematics	485
batiste	485
assessee	485
guanidine	485
americium	485
insurgencies	485
uncontroversial	485
upcountry	485
diacetate	485
windpipe	485
noteholders	485
guiltless	485
solubilization	485
burnings	485
resampled	485
intercostal	485
waffling	485
conflation	485
distresses	485
garnishee	485
brassiere	485
transmute	485
intermingling	485
foundered	485
austenitic	485
hallucinatory	485
transfrontier	485
devilishly	485
menorrhagia	485
durometer	485
firewater	485
tattooists	485
dangerousness	485
housebound	485
dispensations	485
irretrievably	485
thralls	485
phrenology	485
overabundance	485
rompers	485
churchs	485
connivance	485
bottoming	485
sentential	485
blackboards	485
miscreant	485
tirades	485
studier	485
bitterest	485
troller	485
internees	485
adipocyte	485
arrester	485
spiritualists	485
belizean	485
shatterproof	485
uncertainly	485
wellborn	485
resenting	485
recrystallization	485
sellable	485
endothermic	485
familiarly	485
menhaden	485
scowling	485
refractometers	485
swaggering	485
intradermal	485
temporaries	485
circumnavigation	485
upslope	485
tranter	485
degreasers	485
almshouse	485
grandly	485
publicans	485
graciousness	485
fictive	485
birthmark	485
stivers	485
elaborations	485
flashings	485
foreshadow	485
vitiate	485
footlights	485
smarting	485
inhomogeneity	485
hatreds	485
purulent	485
steelmaking	485
mercerized	485
imperil	485
surfeit	485
obeisance	485
inhomogeneities	485
douches	485
equines	485
ignominious	485
unfamiliarity	485
refutations	485
sulking	485
kreutzer	485
keenest	485
smooths	485
dieback	485
nibbler	485
ungainly	485
exponentials	485
vasomotor	485
dovetails	485
biotopes	485
mimesis	485
dihydrate	485
believability	485
hydrogenase	485
circlet	485
cappers	485
whereafter	485
carborundum	485
plagiarist	485
regimented	485
reversable	485
seaworthy	485
denigrating	485
consolations	485
embosser	485
aniseed	485
enslaving	485
spellcraft	485
collates	485
optionality	485
fantail	485
harbingers	485
odorous	485
acetabular	485
elevational	485
indefinable	485
hilltops	485
caisson	485
embellishing	485
infinitives	485
ironical	485
approvable	485
sympathized	485
volcanics	485
cloying	485
uncultivated	485
functionary	485
bluebeard	485
suppositions	485
batterers	485
renovators	485
plushies	485
bangladeshis	485
elegies	485
protectants	485
exploder	485
incarnated	485
gargling	485
squiggly	485
unrevised	485
divisibility	485
corroborates	485
hornbeam	485
fibration	485
carbines	485
erosional	485
carbonite	484
diethylstilbestrol	484
hydroxides	484
overwinter	484
calibers	484
seashores	484
primality	484
corrigenda	484
grenadiers	484
denigration	484
thousandths	484
magnanimity	484
regressing	484
idolize	484
palestra	484
glomerulus	484
trickles	484
myotonic	484
samarium	484
gallops	484
matchbooks	484
compendia	484
drippers	484
matchings	484
retaking	484
retailed	484
lumbosacral	484
dexterous	484
maiming	484
faience	484
innovates	484
anthropometry	484
rotationally	484
remarries	484
chromogenic	484
misinterpretations	484
phenothiazines	484
protists	484
playpens	484
undignified	484
overfill	484
mauling	484
weanling	484
moroccans	484
classis	484
effigies	484
creeped	484
countersigned	484
heptane	484
projectionist	484
counteracted	484
aneuploidy	484
carbuncle	484
planking	484
stepsister	484
blockhouse	484
subassembly	484
airfoils	484
impeaching	484
urbanity	484
overshadows	484
lecherous	484
stonemasons	484
osteoclast	484
lawgiver	484
perspirant	484
biggies	484
privileging	484
rumpled	484
hunches	484
concussions	484
penalizes	484
bronchiectasis	484
scalded	484
blighty	484
importations	484
deportees	484
timecard	484
squeaker	484
omelettes	484
snowbound	484
confides	484
peduncle	484
pleasingly	484
bryophytes	484
portside	484
serenades	484
brickworks	484
laughingly	484
prefaces	484
busybodies	484
witched	484
easterners	484
feasibly	484
dockage	484
kaolinite	484
idolaters	484
seducer	484
masquerades	484
braeside	484
impellers	484
lightheaded	484
tenaciously	484
rootstocks	484
assumable	484
marring	484
moonbeams	484
inculcated	484
manders	484
quadrillion	484
ballista	484
dyestuffs	484
hoodlums	484
hemorrhaging	484
fungible	484
demised	484
sapwood	484
tidelands	484
insertable	484
limonene	484
rondelle	484
unmonitored	484
pumpers	484
reposed	484
molluscum	484
kinglet	484
cicerone	484
kinetochore	484
derating	484
mustaches	484
bookplates	484
mildest	484
subhuman	484
chronographs	484
restlessly	484
uselessness	484
mycoses	484
dovetailed	484
peddled	484
distributers	484
ungrounded	484
clemence	484
kneecap	484
laughably	484
ateliers	484
calcifications	484
immunizing	484
sugarless	484
sniffle	484
contestation	484
handbills	484
catamount	484
entices	484
harlots	484
scapegoating	484
trippers	484
pictographs	484
tracheotomy	484
viticultural	484
chamfer	484
rehashing	484
replenishes	484
centaurus	484
wadding	484
redraws	484
speeders	484
inadvisable	484
voltaic	484
suffragette	484
megaphones	484
palatability	484
codices	484
maraschino	484
cheapen	484
hygroscopic	484
multifarious	484
songstress	484
wobbles	484
maisonettes	484
centuria	484
minarets	484
recompute	484
nightjar	484
skippered	484
chiropodists	484
vividness	484
flagrantly	484
recapturing	484
responsivity	484
molybdate	484
manicurists	484
repricing	484
beatitude	484
woolies	484
husbandman	484
bumpkin	484
bleaches	484
retroreflective	484
prepubescent	484
expatriation	484
melodica	484
buskers	484
scientifics	484
conscripted	484
overnighter	484
committeeman	484
reneged	484
predicaments	484
copping	484
keylock	484
mutilations	484
mannerism	484
untruthful	484
crinoline	484
statism	484
subaltern	484
signalman	484
legitimizing	484
topicals	484
actualized	484
reheated	484
polymath	484
interdigital	484
longingly	484
polarimetric	484
trended	484
episcopate	484
legionary	484
synthesiser	484
intoned	484
roseate	484
talentless	484
spikelets	484
ruffians	484
blancas	484
contralto	484
ballyhoo	484
agriculturally	484
lodestone	484
quintal	484
hilltoppers	484
monotones	484
occluding	484
enshrine	484
monopolization	484
fibrosarcoma	484
invoker	483
unconverted	483
martingales	483
resuscitated	483
doorknobs	483
dysplastic	483
navigant	483
leering	483
acrolein	483
clearings	483
familiarizing	483
sidetrack	483
pleasantries	483
atoning	483
athenee	483
mucinous	483
potentiometric	483
oceanographer	483
insinuated	483
pileated	483
randoms	483
ethnics	483
giardiasis	483
counteracts	483
prodigies	483
seductress	483
clavichord	483
familiarized	483
freethinkers	483
rootworm	483
colonialist	483
radiographers	483
rekindling	483
crotches	483
cosmopolitanism	483
andesite	483
successions	483
busyness	483
billionth	483
inheritors	483
urgence	483
nonrenewable	483
pharmacologically	483
endoderm	483
devastatingly	483
monoliths	483
careening	483
divinities	483
thermosetting	483
ostracism	483
hookworm	483
ketogenic	483
collets	483
buttresses	483
gravitating	483
drovers	483
parhelia	483
atmospherics	483
obelisks	483
spheric	483
pressor	483
doggerel	483
impregnate	483
miscalculated	483
preconference	483
existences	483
emollients	483
intertribal	483
subtractions	483
mendacity	483
revitalizes	483
randers	483
neophytes	483
finales	483
buckram	483
defensor	483
pubertal	483
redirections	483
collodion	483
extravagantly	483
abortionist	483
gymkhana	483
catholicity	483
distally	483
builded	483
overshot	483
lactates	483
roadies	483
ciphering	483
imminently	483
slandered	483
demagogues	483
bantamweight	483
diuresis	483
upliftment	483
solipsism	483
metropolises	483
flighty	483
corpsman	483
opposer	483
vanguards	483
roiling	483
majorette	483
behinds	483
supervisorial	483
particularized	483
potentiate	483
lithologic	483
neutrally	483
hawsers	483
footboards	483
philander	483
destabilized	483
garnishing	483
spitfires	483
mincemeat	483
ubiquitously	483
cephalopod	483
musicologist	483
tethering	483
supraventricular	483
timesaver	483
shoveler	483
starker	483
reductases	483
polonium	483
corundum	483
amplifications	483
detaches	483
wallaroo	483
interchanging	483
astrakhan	483
echinoderms	483
serjeant	483
komondor	483
fatalistic	483
decubitus	483
shadrach	483
peelers	483
monographic	483
blathering	483
shallowness	483
verbalize	483
ruminal	483
intercessory	483
levitating	483
ensnared	483
loyally	483
discontinues	483
sneezed	483
redskin	483
mushroomed	483
noontime	483
phlebotomist	483
riskiness	483
passivated	483
darkling	483
recirculated	483
phasers	483
supportability	483
subservience	483
crackerjack	483
nightingales	483
subduing	483
apoplexy	483
rewired	483
voidable	483
rection	483
unexercised	483
poorhouse	483
splitted	483
decisiveness	483
steeves	483
backtracked	483
reintegrate	483
synched	483
previewer	483
inflectional	483
succinic	483
umpteen	483
sunbeams	483
hassled	483
selfhood	483
tellingly	483
stoners	483
brigand	483
jealousies	483
silents	483
ditties	483
chromaffin	483
abiogenesis	483
footprinting	483
stargazers	483
dignitary	483
spermine	483
wenches	483
superego	483
improbability	483
swathes	483
perishables	483
tipsters	483
shrewdly	483
provocatively	483
residental	483
tanjong	483
bloodhounds	483
vocationally	483
restocks	483
undrained	483
creches	483
menaced	483
flouting	483
measurers	483
seneschal	483
nonpolar	483
chessmen	483
deafened	483
ergotamine	483
stanchion	483
recombine	483
hooting	483
descant	483
corollaries	483
mintage	483
smartweed	483
slogging	483
uptrend	483
dejection	483
parallelizing	483
psychogenic	483
economize	483
ameliorating	483
dissects	483
ritually	483
tattler	483
greenside	483
meninges	483
prophetess	483
hatchets	483
carbonized	483
middles	483
spoonfuls	483
funereal	483
rifling	483
stallard	483
seaplanes	483
conservatorium	483
triplexes	483
pawnshop	483
wrested	483
deceives	483
ileostomy	483
tiebacks	483
humorless	483
demesne	483
windies	483
defaming	483
frizzled	483
hypoxanthine	483
calumny	483
polarimeter	483
ironsides	483
periplus	483
malfunctioned	483
ludicrously	483
trackway	483
filibustering	482
apriori	482
portend	482
autogenous	482
tenting	482
mullard	482
spattered	482
bloodstained	482
straggling	482
yapping	482
cozying	482
unfixed	482
duckies	482
overlain	482
disassociate	482
fijians	482
intramedullary	482
differentiators	482
scribal	482
hydrometer	482
catchup	482
craftwork	482
slingshots	482
chicanery	482
jailers	482
subventions	482
disastrously	482
bunkering	482
turnstone	482
intimations	482
formamide	482
acquisitive	482
explicate	482
heterodox	482
fermenter	482
phonographic	482
genocides	482
accommodative	482
barbecuing	482
bridgeway	482
dystrophies	482
stalactites	482
cameroonian	482
codfish	482
routings	482
matamata	482
mindedly	482
debility	482
improprieties	482
magnifico	482
shirking	482
rustlers	482
proprioceptive	482
frighteners	482
crapped	482
growler	482
gastrostomy	482
southerland	482
obliterating	482
victuals	482
definitives	482
mammalogy	482
exalting	482
flogger	482
trialling	482
shorthorn	482
subproblem	482
asphodel	482
likelihoods	482
minutia	482
arborists	482
transfused	482
transmissive	482
indignities	482
compassionately	482
wraiths	482
returners	482
juxtapose	482
dialler	482
arsonists	482
squiggles	482
biographic	482
depredation	482
itemization	482
taxidermist	482
insignias	482
bootleggers	482
harbord	482
outstripping	482
amazonite	482
upclose	482
stanchions	482
mignonne	482
outstate	482
depletes	482
remorseful	482
straightens	482
traditionalism	482
harasser	482
obstinately	482
pollutes	482
skirmisher	482
footages	482
straightness	482
aggrandizement	482
offensives	482
collectivity	482
explainable	482
wareing	482
hartshorn	482
impermanent	482
deluding	482
unpopularity	482
overdosed	482
agglutinin	482
royalists	482
canvassers	482
ragamuffin	482
paraformaldehyde	482
cummerbund	482
chiropody	482
dioxane	482
roughshod	482
heterodyne	482
flatlands	482
cruelest	482
beanery	482
dimethylamino	482
oncologic	482
hymnals	482
topiaries	482
pickpockets	482
pinions	482
handprint	482
nonrenewal	482
rickshaws	482
hydrogens	482
lehrman	482
skinners	482
overstepped	482
praetor	482
fingerling	482
hafnium	482
hereinabove	482
refurbishments	482
tensing	482
ebullient	482
tropism	482
elixirs	482
stormers	482
prophethood	482
schoolbooks	482
thermionic	482
untimed	482
sunburnt	482
dinoflagellates	482
overbooked	482
grotesquely	482
preoperatively	482
spheroidal	482
radiometry	482
swellings	482
pentecostals	482
thiourea	482
vacationer	482
vagrants	482
starshine	482
hydrides	482
transept	482
niceness	482
culotte	482
catechisms	482
untruths	482
encapsulations	482
expositor	482
badging	482
monarchist	482
berating	482
hydrolytic	482
prunella	482
magnifications	482
thereat	482
intermetallic	482
unchurched	482
narcissists	482
calorimeters	482
flounders	482
phalarope	482
aragonite	482
resending	482
eventualities	482
agglomerations	482
rotenone	482
galenic	482
coagulant	482
sceneries	482
argentum	482
senescent	482
albatrosses	482
intemperate	482
juvenal	482
dumpers	482
vasospasm	482
melamed	482
mechanicals	482
confiding	482
reinterpret	482
compunction	482
dualities	482
personifies	482
snickered	482
refract	482
teleology	482
microbicide	482
pollinate	482
touchback	482
bodyworks	482
unceasingly	482
herdsman	482
handgrip	482
encasing	482
frightfully	482
catalytically	482
reprises	482
fierceness	482
stovepipe	482
remodelled	482
overcooked	482
footlight	482
temporality	482
unpleasantly	482
pyridines	482
calisthenics	482
bouches	482
nephrotoxicity	482
shrinkable	482
idealization	482
gentlemans	482
aggressions	482
litigations	482
spectacled	482
habitability	481
resounded	481
telegraphed	481
softies	481
rewinds	481
sagacious	481
handprints	481
moralists	481
arachnoid	481
nasturtium	481
prompter	481
provincials	481
distaff	481
hirsutism	481
bespectacled	481
mugwort	481
ragging	481
annunciator	481
ascenders	481
aerolite	481
prefixing	481
bronchodilators	481
etymologies	481
polyneuropathy	481
monocytic	481
manikins	481
chubbies	481
appallingly	481
autoclaved	481
blackball	481
clattering	481
stepladder	481
hermeneutical	481
reverberating	481
situating	481
helmeted	481
cambium	481
penetrance	481
carrousel	481
stenographic	481
villers	481
bination	481
hairstreak	481
gallstone	481
incomparably	481
matrixes	481
estonians	481
recused	481
digesters	481
bearskin	481
sequestering	481
trappist	481
agricoles	481
romanticized	481
demurrer	481
enlightens	481
stigmas	481
destructively	481
importants	481
recitative	481
factotum	481
circuited	481
conterminous	481
nociceptive	481
makeing	481
imprese	481
leucocyte	481
homesteaders	481
stenger	481
barleycorn	481
screeched	481
diffracted	481
subbing	481
theoreticians	481
swiming	481
guzzles	481
centipedes	481
etiologies	481
anticipations	481
determinedly	481
calamitous	481
shuttled	481
condyle	481
lacunae	481
workmanlike	481
sacrilegious	481
fatuous	481
elapses	481
proteinases	481
elocution	481
snakebite	481
antagonized	481
plectrum	481
saccharum	481
bronchopulmonary	481
overplayed	481
jackasses	481
nondenominational	481
hyperplanes	481
retraced	481
sappers	481
suborbital	481
undergarment	481
judgeship	481
homogenate	481
envelopment	481
palliation	481
misanthropy	481
extemporaneous	481
holling	481
protruded	481
renovator	481
phytosterols	481
incompetency	481
repellants	481
subversions	481
irregardless	481
plainer	481
updraft	481
centrists	481
chambermaid	481
homunculus	481
leakages	481
frescos	481
sapping	481
hepatectomy	481
undigested	481
perfidious	481
humiliations	481
voyaging	481
farsightedness	481
umbrage	481
mislabeled	481
fatiguing	481
awaking	481
bicentenary	481
wattles	481
introversion	481
isotropy	481
portmanteau	481
spectrophotometers	481
rejuvenates	481
porterage	481
moralist	481
natatorium	481
leeching	481
haycock	481
toluidine	481
kibitzing	481
coumarin	481
affirmance	481
tormentors	481
distinctness	481
widgeon	481
expiation	481
fundable	481
azurite	481
ornithologist	481
insinuation	481
maunder	481
alehouse	481
spelunking	481
garaged	481
detains	481
pocketful	481
mutates	481
quilling	481
practicability	481
transcriptionally	481
swindler	481
sollers	481
bluenose	481
inquisitors	481
dreamily	481
comitatus	481
tention	481
exactitude	481
promenades	481
disbelieving	481
antiparallel	481
cognates	481
trichoptera	481
homeomorphic	481
marveling	481
pelargonium	481
amphibole	481
syndromic	481
myristate	481
epitaphs	481
exudates	481
jostled	481
entryways	481
cachexia	481
messaged	481
sleepwalker	481
unverifiable	481
globules	481
dromedary	481
reprove	481
hollers	481
opacities	481
bullous	481
charterer	481
rootless	481
inviolate	481
waterers	481
cleanable	481
booklovers	481
nasopharynx	481
obsolescent	481
orations	481
planked	481
dwelled	481
nacelle	481
cairngorm	481
gazelles	481
cardiogenic	481
howlers	481
vincents	481
overstory	481
discrepant	481
formulator	481
delenda	481
unionize	481
novelization	481
spicewood	481
potatos	481
resemblances	481
reticulocyte	481
overeat	481
pectoralis	481
intraoral	481
paradies	481
polycythemia	481
refracting	481
complexions	481
marginals	481
despising	481
eardrums	481
sympathomimetic	481
piercer	481
assiduous	481
hijacks	481
overground	481
putrescine	481
cyclization	481
epigrams	481
permuted	481
mortgaging	481
reapplication	481
hemostatic	481
inviscid	481
oversights	481
pictogram	481
thenceforth	481
neologism	481
oophorectomy	481
swastikas	481
perfects	481
swerving	481
unicycling	481
slitter	481
tampers	481
reinforcer	481
outpaces	480
worryingly	480
stockinged	480
stogies	480
homologies	480
diffractometer	480
blindingly	480
portentous	480
cystoscopy	480
factorizations	480
spectroradiometer	480
municipals	480
conjurer	480
steelworks	480
fomenting	480
algorithmics	480
wrongdoers	480
subsume	480
dervishes	480
glossing	480
democratize	480
papoose	480
disgorgement	480
absentees	480
armoring	480
cordite	480
criminological	480
fireweed	480
fletching	480
oilcloth	480
canonically	480
skyways	480
chromite	480
dullest	480
synchronic	480
unitized	480
escrowed	480
polarimetry	480
gourmand	480
leachman	480
kibitzer	480
phonograms	480
astronomically	480
reimers	480
wearisome	480
exaggerates	480
antislavery	480
humanize	480
apologetically	480
overtraining	480
refolding	480
triskele	480
lipolysis	480
blowhard	480
bombshells	480
sociality	480
docketing	480
tyrosinase	480
accusatory	480
prefilter	480
poultice	480
ministrations	480
gendarmes	480
endoscopes	480
nitrides	480
bipartisanship	480
tarnation	480
wrongness	480
untraceable	480
sublethal	480
remonstrance	480
capitulated	480
personnels	480
outhouses	480
medicaments	480
matings	480
abstinent	480
deceivers	480
empyrean	480
reparative	480
prettily	480
unsexed	480
nonreligious	480
disgustingly	480
reeking	480
phytochemistry	480
transpacific	480
penders	480
retrained	480
outclassed	480
scannable	480
persuader	480
piperazine	480
updaters	480
bemoaned	480
frizzle	480
epistolary	480
corneas	480
flutters	480
scooted	480
sunshades	480
glucoside	480
shadings	480
circuiting	480
impinges	480
cornhusker	480
historicism	480
otology	480
misleadingly	480
reappearing	480
dudgeon	480
pilasters	480
spicing	480
chewers	480
fulminant	480
twiddling	480
bisected	480
unwisely	480
reminisces	480
sexless	480
relived	480
gravedigger	480
esterification	480
horsefly	480
uncaught	480
grammarian	480
peruvians	480
haining	480
outgassing	480
buggered	480
tartaric	480
wainscoting	480
airheaded	480
reverberated	480
plenitude	480
sphingosine	480
throwbacks	480
rosebush	480
benchers	480
stratify	480
unpardonable	480
glistens	480
colanders	480
copycats	480
snoozing	480
liminal	480
premedical	480
blundering	480
hardanger	480
diaconate	480
dishevelled	480
combinators	480
embolden	480
offprint	480
exorcise	480
scurrilous	480
uncannily	480
squalls	480
tinkered	480
peroxidases	480
compellingly	480
pyromania	480
seaters	480
conferral	480
translocating	480
lactones	480
foreland	480
derricks	480
countably	480
phlebitis	480
baronetage	480
fluidic	480
winkelman	480
thromboplastin	480
gadwall	480
brunches	480
groomsman	480
toxemia	480
syncopation	480
corruptible	480
jejunal	480
teakettle	480
applicative	480
impassive	480
abasement	480
squeezer	480
uneconomical	480
globule	480
jonquil	480
pillory	480
frights	480
inquirers	480
securement	480
presbyter	480
assassinating	480
imbeciles	480
terroristic	480
medicals	480
tourettes	480
attractants	480
ballater	480
prostituted	480
quartering	480
speckles	480
regulative	480
empiricist	480
disavowed	480
redressed	480
undulations	480
mycosis	480
barbering	480
jodhpurs	480
subsequences	480
monthlies	480
subtenant	480
marketeers	480
moorage	480
tollhouse	480
dehydrating	480
magness	480
agenesis	480
detracted	480
unravelled	480
harangue	480
redwings	480
overdoing	480
benching	480
slandering	480
yeomanry	480
preservationists	480
haemorrhoids	480
stochastically	480
trackman	480
aneroid	480
divesting	480
paleobiology	480
triethanolamine	480
compliances	480
spillages	480
fixturing	480
broaching	480
orientalist	480
outsized	480
boardwalks	480
snoopers	480
verisimilitude	479
thermoregulation	479
tapeworms	479
patters	479
resentencing	479
dishonestly	479
pondweed	479
whitest	479
sculling	479
mortier	479
trumper	479
tinkers	479
handmaiden	479
pinturas	479
cosmetologists	479
bankrupted	479
grounder	479
terrifically	479
tumbleweeds	479
spooning	479
protamine	479
scholastics	479
gunboats	479
truelove	479
individualize	479
marmoset	479
comradeship	479
algerians	479
inopportune	479
rewinder	479
stoking	479
gumshoe	479
enterocolitis	479
flattop	479
exhaling	479
equalling	479
plasticizer	479
obtainment	479
europium	479
lurching	479
salinities	479
diopside	479
mitered	479
prorate	479
cheapness	479
naivety	479
misinterpreting	479
starched	479
ghanaians	479
preceptorship	479
undistinguished	479
outputted	479
eyedropper	479
connote	479
categorial	479
seceded	479
fishies	479
unmaintained	479
superwoman	479
belligerents	479
rewound	479
lackadaisical	479
multirate	479
bulrush	479
otoplasty	479
altiplano	479
salmons	479
coursed	479
omnipresence	479
shadowbox	479
poundstone	479
habitants	479
brusque	479
functionalist	479
fireproofing	479
indecipherable	479
unserviceable	479
coarctation	479
officious	479
semifinalist	479
obfuscating	479
tweedle	479
pistole	479
crystallinity	479
spawner	479
accreted	479
hasting	479
reassembling	479
unimodal	479
flannels	479
spindrift	479
untethered	479
contrivances	479
perchloroethylene	479
lithuanians	479
anisotropies	479
hydrogels	479
capitulate	479
slagging	479
vibrantly	479
periodontists	479
phthalic	479
controversially	479
wayfaring	479
eigenfunction	479
connectable	479
hellyer	479
deactivates	479
octahedron	479
cleanout	479
quarantines	479
coaters	479
disfavor	479
gearshift	479
ellipticity	479
liveries	479
teeters	479
equivocation	479
parallelized	479
papillae	479
grangers	479
gustatory	479
disrespected	479
glaciated	479
evolvement	479
engulfs	479
anatomist	479
deprivations	479
windage	479
phosphors	479
fortnights	479
prosecutes	479
decelerate	479
microwaved	479
incompletes	479
polysemy	479
plowshares	479
reassurances	479
swindlers	479
canceller	479
clandestinely	479
recombined	479
tricksters	479
kyphosis	479
hereinbefore	479
stiffeners	479
schmelzer	479
caustics	479
coolies	479
bottler	479
tainting	479
outlasted	479
unfitness	479
dialogical	479
annihilating	479
swathed	479
accreting	479
extorted	479
oleanders	479
avaricious	479
darning	479
asymmetrically	479
overstretched	479
zygotic	479
dulcimers	479
fidgeting	479
resinous	479
slappers	479
avascular	479
paramour	479
arabinose	479
enunciation	479
suburbanites	479
sanderling	479
soliloquies	479
snowmobilers	479
frailties	479
semitrailer	479
contusions	479
haunches	479
neurovascular	479
chastened	479
glycolytic	479
horrendously	479
classism	479
impositions	479
dooling	479
diagenesis	479
moonglow	479
wriggled	479
carload	479
gayness	479
marshaled	479
expounds	479
unprinted	479
colonizers	479
hydroplane	479
snuffers	479
thoracotomy	479
embroidering	479
displease	479
moneyed	479
micelle	479
discordance	479
trashes	479
caricaturist	479
dampens	479
vivisect	479
neatest	479
bloomery	479
handbill	479
drizzly	479
howitzers	479
unpolluted	479
angostura	479
castigated	479
mantelpiece	479
proclivities	479
raconteur	479
cumulation	479
imitator	479
concreting	479
garston	479
meerschaum	479
cartouches	479
mannering	479
floodgate	479
extrapyramidal	479
readopted	479
trigram	479
arrestee	479
impiety	479
hindquarters	479
caesium	479
requisitioned	479
baneful	479
suddenness	479
suppurative	478
allegiant	478
twirled	478
furtively	478
timekeepers	478
betrayer	478
terrariums	478
caliphs	478
brooking	478
lovebird	478
demographers	478
surrealists	478
homogeneously	478
tiptoes	478
centrosome	478
palindromic	478
trekkies	478
jingling	478
cutover	478
rockfall	478
defecting	478
arrowroot	478
daguerreotype	478
disintegrates	478
nucleated	478
readjusted	478
assails	478
underaged	478
priestesses	478
hygrometers	478
subbase	478
arrearages	478
densification	478
insomniacs	478
misogynistic	478
thermometry	478
admonishing	478
chickering	478
hypothesised	478
avocations	478
recanted	478
splenomegaly	478
forelimb	478
maternally	478
potties	478
humblest	478
semisimple	478
staggeringly	478
catwalks	478
evaders	478
northlands	478
desecrate	478
thyroidectomy	478
wrongdoer	478
randomizing	478
fritter	478
hydrous	478
ilmenite	478
blotchy	478
solitudes	478
disciplinarian	478
anorectal	478
fluorescents	478
donators	478
radiances	478
insurrections	478
pronominal	478
dynatron	478
lodgers	478
humanizing	478
stenographers	478
radiometers	478
reinvesting	478
cacique	478
pillion	478
reawakening	478
accenting	478
pleiotropic	478
obviates	478
composited	478
phenanthrene	478
swooning	478
stormwind	478
wincing	478
unswerving	478
theretofore	478
enjoyments	478
thirsting	478
cosmopolis	478
straightedge	478
uzbeks	478
angering	478
savants	478
vociferously	478
stomata	478
monarchical	478
tetraploid	478
pharmaceutically	478
bucarest	478
immodest	478
oviduct	478
perquisites	478
sulfonyl	478
flatters	478
bigwigs	478
shipwright	478
cabbies	478
sympatric	478
namesakes	478
freethinker	478
inadmissibility	478
communions	478
wassail	478
dinoflagellate	478
reallocating	478
occident	478
redecorate	478
beatification	478
cabinetmaker	478
showdowns	478
detuning	478
biochemically	478
oppositely	478
pseudonymous	478
composts	478
papists	478
premeditation	478
spearheads	478
isobutane	478
tearfully	478
deployer	478
leashed	478
victrola	478
pugnacious	478
sternal	478
substantiates	478
calligraphers	478
behemoths	478
bedecked	478
fluidly	478
holdback	478
birthmarks	478
semifinalists	478
niggling	478
intercalation	478
thermic	478
sandspit	478
rustproof	478
cyanogen	478
entomologists	478
postponements	478
topicality	478
pursing	478
motioning	478
oftener	478
saunter	478
truncates	478
bordure	478
retouched	478
juxtaposing	478
semantical	478
icosahedral	478
adventuresome	478
stompers	478
douching	478
versant	478
staghorn	478
stereochemical	478
breading	478
backfilled	478
precedential	478
tempter	478
vampirism	478
belittled	478
hierarchic	478
colorable	478
phonographs	478
tweakers	478
rivulets	478
appertaining	478
heterotic	478
lovelorn	478
burnishing	478
salvageable	478
unevenness	478
emissive	478
alphabetize	478
tractate	478
copybook	478
psyches	478
partridges	478
rebuilders	478
encasement	478
winnable	478
psychosexual	478
mistreating	478
foragers	478
formalist	478
brakeman	478
regretful	478
coasted	478
telecasts	478
pleasers	478
drooped	478
penistone	478
signboard	478
braising	478
marginality	478
juristic	478
opossums	478
dormers	478
saddlers	478
unmentioned	478
necklet	478
corporately	478
silanes	478
hypoplastic	478
arrestors	478
cantilevers	478
beckers	478
syncretism	478
bowline	478
perceivable	478
deducing	478
licentious	478
milfoil	478
estopped	478
accretive	478
rubbings	478
gilberts	478
intransigent	478
wheatear	478
postbag	478
bosnians	478
wallpapering	478
polyvalent	478
varicocele	478
formalizes	478
nondegenerate	478
cirrhotic	478
fusiform	478
parenthetically	478
bounder	478
mastoid	478
immunologically	478
snowfalls	478
thickeners	478
windbreaks	478
waivered	478
receipted	478
pronger	478
juxtapositions	478
millstream	478
overfished	478
anabolics	478
fletchers	478
phosgene	478
amalgams	478
osteonecrosis	477
stiches	477
nightdress	477
graining	477
habituated	477
undecorated	477
ethnocentrism	477
portends	477
bumblebees	477
brandished	477
slimmest	477
hooliganism	477
belligerence	477
splatters	477
collude	477
hammerheads	477
millionths	477
inviolability	477
realignments	477
blonder	477
resister	477
sabbats	477
ependymoma	477
rutabaga	477
soldiering	477
corralled	477
tyrannies	477
walkover	477
hydronephrosis	477
needling	477
lamppost	477
deodorizing	477
jubilate	477
evicting	477
greenbacks	477
instigators	477
epistaxis	477
clarifiers	477
salters	477
sacroiliac	477
abridging	477
medicolegal	477
wellingtons	477
incongruent	477
erogenous	477
abridgment	477
materialization	477
petioles	477
cynosure	477
frequents	477
chalcopyrite	477
expansionism	477
horseplay	477
conciliar	477
mistreat	477
pooches	477
lintels	477
weighers	477
brevets	477
comparatives	477
stiffener	477
extravasation	477
combusted	477
fiercer	477
entreaty	477
flypaper	477
creaked	477
densitometer	477
disconcerted	477
crossways	477
plutonic	477
interpose	477
chortle	477
tamping	477
residuary	477
hearkened	477
taxonomists	477
mournfully	477
infinities	477
officialdom	477
caravaning	477
cyanides	477
inanities	477
passkey	477
tenanted	477
splittings	477
ichthyosis	477
headlock	477
chevrons	477
kerchief	477
doxology	477
hyperbola	477
noodling	477
illuminant	477
infuser	477
dominators	477
corbeau	477
moralizing	477
adulterers	477
fermentations	477
phantasmagoria	477
papilla	477
orderliness	477
afterthoughts	477
quadrilaterals	477
glutinous	477
oligotrophic	477
cachers	477
pretexts	477
underling	477
trussell	477
toolmakers	477
supermarine	477
presider	477
littermates	477
closter	477
equinoxes	477
stitchers	477
primitivism	477
ethanolamine	477
hundredweight	477
hyphenate	477
snoozer	477
disbarment	477
severities	477
sobered	477
kaleidoscopes	477
volution	477
antennal	477
overemphasized	477
minting	477
coiffure	477
brassard	477
theophile	477
accentuating	477
ventless	477
appreciations	477
forasmuch	477
warmongers	477
switchbacks	477
monosaccharide	477
aliment	477
instated	477
spindly	477
scarcer	477
matriarchal	477
pupillary	477
misstated	477
overwater	477
courante	477
gavotte	477
meandered	477
recaptures	477
lofting	477
ambassadorial	477
spreaded	477
penetrative	477
papayas	477
caprices	477
kurrajong	477
leakproof	477
secondments	477
betatron	477
cartilaginous	477
reprising	477
quester	477
supplanting	477
blockaded	477
noughts	477
manship	477
ignominy	477
defecate	477
tempests	477
recriminations	477
chromatograms	477
dismally	477
unjustifiably	477
insinuations	477
postbox	477
smiting	477
nonmetal	477
stringently	477
ectodermal	477
demigods	477
federals	477
solvability	477
contrail	477
vibrance	477
superficiality	477
downland	477
spotlessly	477
estriol	477
stocktaking	477
eyedrops	477
congener	477
airheads	477
adductor	477
pragmatists	477
prospers	477
commiserate	477
permute	477
avocation	477
politicizing	477
kitting	477
misrule	477
unasked	477
farrand	477
copiously	477
isostatic	477
narthex	477
whiskered	477
preapproval	477
diapered	477
wildernesses	477
subverts	477
perpetration	477
tamarin	477
luthiers	477
kenning	477
chinaware	477
definer	477
depolarizing	477
wickers	477
transmuted	477
blaspheme	477
orthodontia	477
snapback	477
disqualifies	477
blacking	477
nudibranch	477
sheppey	477
quelled	477
threescore	477
spiraled	477
dichromate	477
polyphase	477
misidentification	476
stabling	476
polities	476
keenness	476
quickens	476
scornfully	476
puerperal	476
worldliness	476
irrigator	476
aerodromes	476
subzone	476
unpasteurized	476
croaking	476
perturbing	476
howbeit	476
ignoramus	476
atomized	476
tormenta	476
smokestacks	476
miscellanies	476
sonship	476
upscaling	476
altarpiece	476
unmissable	476
desensitizing	476
protectively	476
numinous	476
rephrased	476
bootlegging	476
sisterly	476
windbreak	476
cowherd	476
simulacrum	476
carlier	476
whittling	476
outgrowing	476
overlong	476
submersed	476
keratoconus	476
ghostwriting	476
cataloguer	476
intussusception	476
avidity	476
canvasback	476
vindicator	476
weekenders	476
accustom	476
ovulating	476
sonatina	476
dicarboxylic	476
megalomania	476
nomenclatural	476
graphology	476
granulomas	476
viciousness	476
outlanders	476
cornets	476
blucher	476
chafers	476
homonyms	476
pyrethrum	476
tyramine	476
cottonwoods	476
conjugations	476
sloshing	476
quinoline	476
unspecific	476
outcropping	476
soundproofed	476
windfalls	476
drinkability	476
molecularly	476
superintending	476
benzocaine	476
parasitics	476
kinematical	476
pantograph	476
poetess	476
bowhead	476
leguminous	476
brigands	476
quarrelsome	476
soliders	476
butylene	476
executrix	476
strandings	476
conurbations	476
refitting	476
budgerigar	476
pathing	476
terrorizer	476
isomeric	476
blowtorch	476
tamponade	476
hypochondriac	476
synoptics	476
maltings	476
sympathizer	476
freewheels	476
damnable	476
rooters	476
peroneal	476
sopping	476
toughening	476
fishmongers	476
hagiography	476
smoochy	476
necrophilia	476
reivers	476
tottered	476
myocyte	476
concierges	476
monetizing	476
proprioception	476
moodiness	476
navigability	476
volvulus	476
interregnum	476
unifier	476
antitoxin	476
righties	476
disdained	476
persimmons	476
predisposes	476
whippets	476
atomizers	476
anemometers	476
baretta	476
conciliator	476
aspectual	476
anhydrides	476
haymaker	476
fruitfully	476
indicts	476
ascidian	476
dechlorination	476
sicknesses	476
shrivel	476
homeworking	476
recruitments	476
aneurin	476
creaming	476
clairvoyants	476
quantitated	476
cosines	476
trinidadian	476
shockproof	476
noncitizens	476
barlows	476
snickering	476
subharmonic	476
lingeries	476
memorializing	476
onchocerciasis	476
saturnalia	476
syringa	476
screenies	476
neurologically	476
reinstates	476
quantize	476
uncorroborated	476
untying	476
psychopathy	476
reliquary	476
logarithmically	476
rescissions	476
boonies	476
superheros	476
contrabass	476
slights	476
breadfruit	476
infringers	476
conductivities	476
whitened	476
folliculitis	476
subcultural	476
genoese	476
unpersuasive	476
preforms	476
inclosed	476
hepatica	476
flagellation	476
audiometric	476
fishponds	476
synovitis	476
prospectives	476
reposts	476
expirations	476
venipuncture	476
embarrased	476
dismounting	476
killifish	476
spondylolisthesis	476
rationalists	476
agonistic	476
woodshop	476
inquests	476
fattened	476
substitutable	476
spawners	476
windrow	476
abducting	476
deathtrap	476
broadheads	476
lanthanide	476
farfetched	476
teether	476
toadies	476
polynomially	476
ruggedly	476
enjoins	476
insuperable	476
deadbeats	476
recapitulate	476
disfavored	476
wariness	476
scrounge	476
amalgamating	476
inventorying	476
hybridize	476
starlit	476
swingle	476
unvaccinated	476
inauspicious	476
lateralis	476
boulter	476
overhand	476
bristlecone	476
prescience	476
pepperidge	476
splattering	476
magnates	476
predilections	476
colicky	476
narcosis	476
internationalizing	476
picketed	476
repacking	476
composters	476
aconite	476
tecnology	476
busking	476
novelette	476
planarity	476
scriven	476
coagulase	476
hornblende	476
scampered	476
thalassotherapy	476
graveman	476
preoccupy	476
academical	476
monophyletic	476
nitrobenzene	476
unmentionables	476
curating	476
flatworm	476
conscientiousness	476
ultimas	476
pachyderm	476
barebacking	476
ripcord	476
roughage	476
groundnuts	476
axolotl	476
besting	476
corregidor	476
triviality	476
distention	476
crossbreed	476
thermochemical	476
goatskin	476
adrenalectomy	476
kuwaitis	476
unmoving	476
postulating	476
iconographic	476
shinned	476
brasseries	476
haptics	476
boxcars	476
crooners	476
adsorbents	476
acceptation	476
shoplifter	476
delineator	476
pluripotent	476
nativities	476
diopters	476
chromosphere	476
afghanis	475
novitiate	475
hyperthyroid	475
sidearm	475
fractionally	475
henhouse	475
dampener	475
idolized	475
offeree	475
industrializing	475
psychologic	475
bullfighter	475
birdied	475
culottes	475
pushcart	475
caboodle	475
combiners	475
chalices	475
antitank	475
tieback	475
prejudge	475
vierling	475
cremations	475
iodinated	475
nobodys	475
rivulet	475
seethed	475
aeronaut	475
districting	475
restyled	475
subagent	475
proselytize	475
scrapple	475
tenderfoot	475
shoehorn	475
revaluations	475
historiographical	475
staunchest	475
embolic	475
mandrels	475
allayed	475
frontages	475
chamfered	475
saccadic	475
recalibrate	475
gingiva	475
relinquishes	475
bourbons	475
enactors	475
antiquary	475
explainer	475
grizzle	475
muscovy	475
zealotry	475
javelina	475
chloral	475
depressingly	475
accredits	475
shoemakers	475
drunkenly	475
reallocations	475
entranceway	475
supersaturation	475
onomatopoeia	475
diggings	475
kashima	475
emancipate	475
compendiums	475
burghers	475
ignorantly	475
biostratigraphy	475
hydrologists	475
digitalization	475
armories	475
olfaction	475
deporting	475
undersides	475
jackdaw	475
ferryboat	475
diviner	475
exuding	475
memorias	475
adversities	475
gooseberries	475
exoneration	475
restyling	475
allantoin	475
intimal	475
motional	475
quarreling	475
myelinated	475
beefeater	475
illusionary	475
orthopedists	475
slanders	475
variola	475
anthranilate	475
consigning	475
laminectomy	475
barreling	475
dehydrate	475
fretwork	475
emancipatory	475
embalmed	475
whizzes	475
uprightness	475
autoignition	475
snogging	475
corporative	475
labrets	475
apposite	475
downpours	475
slaveholders	475
emplaced	475
relegating	475
hardbacks	475
diehards	475
floorings	475
excises	475
alterative	475
sloppiness	475
bridled	475
fledglings	475
hypospadias	475
tuppence	475
forecastle	475
polarize	475
calculable	475
broaches	475
statuesque	475
tetrazolium	475
unsatisfiable	475
facture	475
maladministration	475
proscribe	475
micronucleus	475
shiners	475
farsighted	475
digitalised	475
encouragingly	475
reconstituting	475
unbuilt	475
salivate	475
maleficent	475
cutthroats	475
chileans	475
anaphoric	475
evenness	475
strugglers	475
remanding	475
reversionary	475
shogunate	475
communally	475
dolorous	475
playbooks	475
benefice	475
dragline	475
plumping	475
unenlightened	475
erosions	475
orthoses	475
naphthol	475
insertional	475
croaked	475
wholesomeness	475
capably	475
flubber	475
symbolical	475
magistracy	475
alighting	475
foretaste	475
subletting	475
incoherently	475
simulacra	475
ladylike	475
actinomycin	475
terpenes	475
proofer	475
headdresses	475
clinicals	475
allured	475
delineations	475
nonaffiliated	475
classicist	475
interrelate	475
dentine	475
steeping	475
escutcheons	475
clumped	475
lovelies	475
vagrancy	475
coterminous	475
palpably	475
interatomic	475
thermogenesis	475
improbably	475
expressionless	475
bowstring	475
collimators	475
abraded	475
bandaging	475
lubricity	475
chanters	475
sickens	475
bromeliads	475
stockbroking	475
gastrulation	475
pumpernickel	475
detrimentally	475
hellhole	475
jolting	475
shipbuilder	475
overhears	475
covenantal	475
floatplane	475
arteriography	475
phycoerythrin	475
intramuscularly	475
sensitizer	475
retracement	475
transcendentalism	475
concolor	475
humanness	475
overconfident	475
soundless	475
trailside	475
upstaged	475
integumentary	475
melanocyte	475
hybridizing	475
unspeakably	475
engrossment	475
clayman	475
arresters	475
songsters	475
paintless	475
subnormal	475
colorimeter	475
unconquerable	475
contemplations	475
offertory	475
foretells	475
homozygotes	475
impregnating	475
leiomyoma	475
pasteboard	475
unbilled	475
flowable	475
sophomoric	475
catarrh	475
yodeling	475
interzone	475
anthocyanins	475
doffing	475
bromides	475
circumvents	475
gladding	475
misapprehension	475
macroevolution	475
winnowing	475
codifies	475
aspirator	475
holdouts	475
mobilities	475
reverential	475
associateship	475
toxicologists	475
sledges	475
schoolmate	475
aspartyl	474
orients	474
meaninglessness	474
esotericism	474
protist	474
cortices	474
sensationalist	474
inerrant	474
infallibly	474
violist	474
trigonal	474
unbidden	474
valency	474
crawlies	474
materialists	474
eugenic	474
presbyteries	474
renegotiating	474
sluggers	474
callousness	474
drubbing	474
bitched	474
cowpens	474
archways	474
unselfishly	474
viscosities	474
fluoroscopic	474
nontransferable	474
pentecostalism	474
harring	474
prefatory	474
extirpation	474
killingly	474
pantaloons	474
helming	474
electromagnets	474
noiselessly	474
plosive	474
breezed	474
rostering	474
cockfighting	474
ophthalmological	474
infectives	474
potently	474
synesthesia	474
slobbering	474
labelers	474
blackjacks	474
rewording	474
illogic	474
elbowing	474
finning	474
politicize	474
individualists	474
retransmitting	474
phytase	474
leaderships	474
commodious	474
disfiguring	474
pincers	474
industrialism	474
freshened	474
automatons	474
artificer	474
backhanded	474
emulsifying	474
kinders	474
peripheries	474
tourers	474
aspersions	474
nighters	474
calorimetric	474
herpetic	474
typewriting	474
wooding	474
terracing	474
loppers	474
creater	474
needled	474
entangling	474
invasives	474
headwall	474
margrave	474
quarrelling	474
systematized	474
conurbation	474
earthed	474
musicological	474
cupholder	474
venders	474
epiphytic	474
cooties	474
voicings	474
infanta	474
damascene	474
icelanders	474
earpieces	474
enameling	474
musette	474
shuttlecock	474
blackening	474
expropriate	474
passings	474
epidermolysis	474
partakes	474
reassigning	474
regaled	474
metrological	474
subsampling	474
retakes	474
relativist	474
camarilla	474
disputants	474
electrotechnology	474
slammers	474
repartition	474
handstands	474
compartmental	474
haystacks	474
ingenuous	474
arsenite	474
floundered	474
syndicalism	474
stampeders	474
coalescent	474
deregister	474
leveller	474
assignation	474
essentialism	474
ganging	474
nonplussed	474
tessellations	474
zodiacs	474
sheeted	474
gudgeon	474
beefsteak	474
keratoplasty	474
falsifiable	474
triploid	474
backbenchers	474
womanizer	474
vectored	474
undervalue	474
groupers	474
pneumatically	474
exploiter	474
gyroscopic	474
strecker	474
oratorical	474
stutters	474
chronometers	474
pustules	474
predispositions	474
fibrillary	474
sacerdotal	474
incubations	474
submerging	474
supercharging	474
tritone	474
crosshatch	474
ontogenetic	474
precipitable	474
architectonic	474
armhole	474
supercooled	474
disparaged	474
repents	474
cleverer	474
denigrated	474
journalling	474
disembarkation	474
intraperitoneally	474
forkhead	474
prolapsed	474
disproving	474
acrylates	474
demountable	474
embayments	474
puzzlers	474
pedalling	474
scorekeeper	474
plasmatics	474
phytochemical	474
unscreened	474
logicians	474
mushing	474
proctored	474
tuitions	474
everybodys	474
gigolos	474
antidiabetic	474
greying	474
outlasts	474
conciseness	474
ivories	474
breakages	474
interpolations	474
overprinted	474
unfired	474
rehashed	474
chatelain	474
decentralizing	474
greengrocers	474
croisette	474
scalpels	474
coattails	474
curdling	474
bentwood	474
babbled	474
checkable	474
gentlest	474
besiege	474
hormonally	474
swordsmanship	474
stereographic	474
blandly	474
hobbling	474
sensually	474
mutability	474
unfrozen	474
configurational	474
imperforate	474
obligors	474
mainspring	474
myelitis	474
mushers	474
burundian	474
interclub	474
sphygmomanometer	474
internecine	474
cannings	474
mountaintops	474
dimorphic	474
apophysis	474
dimethoxy	474
speared	474
oogenesis	474
polestar	474
sulphides	474
bootlegger	474
charmers	474
trilinear	474
whirligig	474
agencys	474
galleons	474
limiteds	474
sensorial	474
legation	474
electrify	474
flowage	474
strutted	474
transmissivity	474
leafless	474
demobilized	474
chauvinistic	474
dunnage	474
deigned	474
trevally	473
arbuscular	473
contortion	473
greaser	473
reminisced	473
sunstroke	473
flamers	473
photodissociation	473
recommence	473
devastator	473
hypersomnia	473
boogers	473
pedigreed	473
equilibrate	473
biotope	473
birdseed	473
crossbars	473
seamans	473
miscegenation	473
trihydrate	473
meniscal	473
myoblasts	473
merryman	473
ungrammatical	473
trawled	473
persuaders	473
scleral	473
admonishes	473
genetical	473
taconite	473
gluttonous	473
dalliance	473
youthfulness	473
pharmacologist	473
overstates	473
privations	473
monstrosities	473
lubricates	473
arrearage	473
backlogged	473
grandam	473
bonbons	473
quadrilogy	473
chroniclers	473
gritting	473
crossflow	473
decanting	473
defilements	473
slumming	473
dignities	473
hypotenuse	473
therebetween	473
subareas	473
emeraude	473
hydroperoxide	473
livings	473
sorbate	473
systole	473
catenary	473
strangles	473
ferryman	473
pledger	473
craniotomy	473
infared	473
junctures	473
devolves	473
dihydrogen	473
recondition	473
nymphomaniac	473
routeing	473
epitomize	473
metallurgist	473
decelerating	473
blotters	473
virtuosic	473
gyrating	473
panhandling	473
wobbled	473
cogently	473
studing	473
summand	473
otoscope	473
equipoise	473
nicking	473
debauched	473
precisions	473
duckweed	473
glycolipids	473
sepulcher	473
hypocalcemia	473
suctioning	473
farrowing	473
loquacious	473
rebrand	473
mercantilism	473
undiscounted	473
pastorate	473
euphemistically	473
overline	473
phthalocyanine	473
chondrite	473
pterodactyl	473
striate	473
incunabula	473
reinserted	473
ratably	473
whitesides	473
unexciting	473
displeasing	473
intrusted	473
pentagonal	473
prudish	473
confounders	473
pelting	473
dextrous	473
infantiles	473
drizzling	473
cinquefoil	473
soothingly	473
sugarplum	473
touchstones	473
wayfarers	473
shoveled	473
tristeza	473
tesseract	473
flouted	473
chillingly	473
nonprofessional	473
capercaillie	473
worthies	473
courtesans	473
heavenward	473
indoctrinate	473
barrelled	473
toucans	473
pyridyl	473
fallibility	473
cossette	473
scarification	473
discoid	473
exhilarated	473
intracardiac	473
ideographic	473
profanities	473
valedictory	473
economizer	473
heeling	473
winterize	473
latvians	473
priapism	473
visualizes	473
antimalarials	473
oatlands	473
vaginally	473
taverner	473
clanking	473
obligating	473
insulations	473
repugnance	473
demurrage	473
joyless	473
expressivity	473
fizzles	473
paintbox	473
myelopathy	473
execrable	473
encephalopathies	473
potentiates	473
cabinetmaking	473
macaroons	473
unacquainted	473
bullfinch	473
marceline	473
bastardized	473
earwigs	473
somalian	473
pontifex	473
kilojoules	473
retaliating	473
slavishly	473
queensberry	473
barilla	473
offprints	473
willets	473
pathfinding	473
mandragora	473
unachievable	473
misnamed	473
trampolining	473
dystrophic	473
leaseholder	473
chinned	473
militate	473
bedwell	473
conflated	473
isobars	473
magnums	473
bushwhacked	473
defraying	473
wackiness	473
strafing	473
paleoclimatology	473
coccidiosis	473
sketcher	473
chlorobenzene	473
concertmaster	473
poleward	473
otoliths	473
retooled	473
princeps	473
pleasance	473
epistemologies	473
leucocytes	473
monetarily	473
pulsion	473
sumptuously	473
downtrend	473
snuffer	473
illiterates	473
epigraph	473
unemotional	473
inspectorates	473
resurrects	473
swimmingly	473
usufruct	473
coarseness	473
externalizing	473
reducibility	473
fleeced	473
congruences	473
firebug	473
undernutrition	473
cookouts	473
marketeer	473
erythropoiesis	473
essentialist	473
rulership	473
nonbusiness	473
dispersible	473
conchology	473
blanketing	473
hydrophone	473
taggers	473
flitted	473
precognition	473
intermittency	473
dramaturgy	473
disproportion	473
counterpane	473
amphipod	473
truisms	473
geometer	473
surnamed	473
pontine	473
biggins	473
negations	473
cockhead	473
nullifying	473
crofters	473
eyeless	473
centricity	473
potbelly	473
omnivore	473
ricinus	473
embrittlement	473
corbeil	473
juggled	473
venerate	473
determiners	473
tomahawks	473
amphipods	473
chadian	472
psychoanalysts	472
telamon	472
sartorial	472
cathedra	472
ignitions	472
oceanographers	472
fresnos	472
tomatos	472
pivotally	472
zephyrs	472
exemplification	472
depletions	472
pleader	472
hyperalgesia	472
personify	472
chelates	472
vainglory	472
explorative	472
overlayed	472
lowermost	472
cleverest	472
arthrodesis	472
slicked	472
splendored	472
convolutions	472
inundate	472
garaging	472
quatrain	472
sundari	472
outwash	472
quiting	472
cruzeiro	472
sheller	472
pantagraph	472
radiochemical	472
squawking	472
tanneries	472
benzaldehyde	472
estrange	472
gridding	472
zoologists	472
animalistic	472
pummeling	472
lopping	472
woodworm	472
monodromy	472
foretelling	472
munched	472
expressively	472
strategi	472
euphony	472
unclipped	472
fishmonger	472
kissable	472
motored	472
alexanders	472
interventionism	472
dartboards	472
pollinating	472
quadric	472
palletized	472
notability	472
multiplets	472
balusters	472
ironworkers	472
peristalsis	472
verifiability	472
ninetieth	472
pleomorphic	472
megalopolis	472
tsering	472
spicules	472
barrages	472
somedays	472
ragwort	472
diptych	472
extortionate	472
waddling	472
asthenia	472
summarizer	472
spareribs	472
interveners	472
pencilled	472
analects	472
budworm	472
druidic	472
eponyms	472
antagonisms	472
colline	472
fetishist	472
putamen	472
vailable	472
plebeian	472
introspect	472
beneficiation	472
geosphere	472
conductances	472
dermatopathology	472
grammarians	472
phenylene	472
undefiled	472
rethinks	472
harmonically	472
macrocosm	472
hotbeds	472
grindle	472
garnishments	472
derogate	472
overhearing	472
forebay	472
campanas	472
puissant	472
egoistic	472
deleter	472
harmonizes	472
enthuse	472
overpopulated	472
blundered	472
leiomyosarcoma	472
microsphere	472
heatstroke	472
congealed	472
cloudburst	472
rainstorms	472
ethnocentric	472
roundworms	472
octogenarian	472
geeking	472
praetorians	472
trounce	472
slipway	472
blasphemies	472
fibrotic	472
nonmilitary	472
olivers	472
townies	472
covenanted	472
osteogenic	472
magnetometers	472
catoctin	472
therethrough	472
multimillionaire	472
brokenhearted	472
vagotomy	472
disparagement	472
midmorning	472
oncological	472
nonselective	472
muskies	472
fisticuffs	472
repercussion	472
combustors	472
magnesite	472
medicos	472
myosins	472
volleyballs	472
reverbs	472
unmentionable	472
unimpeachable	472
meditates	472
persuasiveness	472
creativeness	472
malleability	472
underpayments	472
bibliographer	472
cheerily	472
cavorting	472
papaverine	472
urinated	472
ziggurat	472
detonations	472
faintness	472
demarcate	472
grandpas	472
crazily	472
effaced	472
beguile	472
crossbill	472
undrafted	472
eucalypts	472
nightshirts	472
explicated	472
reoccurrence	472
heartedness	472
kunzite	472
inferencing	472
foreshadows	472
smooches	472
embezzled	472
amalgamations	472
embroiderers	472
stickleback	472
kittiwake	472
mirages	472
destructions	472
officeholder	472
inextricable	472
unemploy	472
burnouts	472
disjunctions	472
underpricing	472
signboards	472
trustful	472
lewdness	472
misguide	472
therapeutical	472
apiaries	472
breezeway	472
transvestism	472
fascicle	472
unearths	472
misspell	472
malawian	472
malingering	472
shafting	472
enantiomer	472
formulators	472
kestrels	472
pentose	472
interlinking	472
brassware	472
barings	472
intratracheal	472
achalasia	472
gabbard	472
housebroken	472
phonogram	472
satiate	472
stupefied	472
tugboats	472
popularizing	472
brasses	472
nitrosamines	472
secondes	472
embolus	472
dogbane	472
puffball	472
illuminatus	472
flytrap	472
evolvable	472
dismantles	472
ugandans	472
retractors	472
elephantine	472
measureless	472
northeastward	472
scandalized	472
ascription	472
babblings	472
blinkered	472
mutilating	472
aforetime	472
morphometry	472
cyanine	472
flagstones	472
conceptualizations	472
redesignate	472
reflectively	472
downspout	472
canapes	472
trackless	472
taxidermists	472
demographer	472
patroness	472
impossibilities	472
upgrader	472
inconsolable	472
realness	472
shouldest	472
tummies	472
microcosms	472
metaphysically	472
explicable	472
unreason	471
reincarnate	471
watersmeet	471
wreathed	471
muggers	471
sunburns	471
crepuscule	471
seismograms	471
enthusiasms	471
antiemetic	471
gastropod	471
abbasid	471
manicurist	471
buggery	471
intermingle	471
lactobacilli	471
lithographed	471
museology	471
monozygotic	471
accidentals	471
austenite	471
succinyl	471
tornillo	471
punctate	471
maldivian	471
choreograph	471
hypochondria	471
maestri	471
pottinger	471
shortchanged	471
chervil	471
beautifies	471
canting	471
disproves	471
propitiation	471
gamekeeper	471
telepathically	471
frilled	471
phylogenetically	471
colonialists	471
interlaboratory	471
worshiper	471
radiochemistry	471
polymyositis	471
uproarious	471
perianal	471
workpieces	471
penitential	471
phrenic	471
glinting	471
alkalosis	471
anothers	471
capacitances	471
condescend	471
terrifies	471
humbler	471
psychoeducational	471
terrestrials	471
burnish	471
rechecked	471
blacktail	471
keystones	471
hunkered	471
ophthalmologic	471
scotties	471
acuminate	471
telephonically	471
breakwaters	471
rhetorics	471
colorfast	471
factionalism	471
sulfonamide	471
superintendency	471
overdeveloped	471
hyoscyamine	471
mastication	471
microliters	471
pettiness	471
slackened	471
immanence	471
gallate	471
throughputs	471
buffalos	471
predominating	471
breezer	471
canoeists	471
unapproachable	471
gunstock	471
putatively	471
incapacitate	471
scatterers	471
calliper	471
stigmatize	471
vouchsafed	471
unnoticeable	471
submissives	471
rideable	471
alcoves	471
pastoralism	471
salable	471
chlorosis	471
cordiality	471
voluntariness	471
nitrophenol	471
reinterpreting	471
sarracenia	471
reinfection	471
butterball	471
thuggery	471
multimodality	471
retyping	471
saturable	471
oropharynx	471
teasingly	471
inconstant	471
cotyledon	471
pyrrole	471
storehouses	471
crestfallen	471
suchlike	471
zircons	471
multivalent	471
tangibly	471
ironbark	471
gloomily	471
hyperplastic	471
perfective	471
chondrocyte	471
schisms	471
gnatcatcher	471
pothead	471
lunching	471
billeting	471
adulterer	471
shelties	471
wakened	471
sophisticates	471
cementation	471
yardsticks	471
gyrations	471
theropod	471
incandescence	471
lucidly	471
dulling	471
planetariums	471
ellipsoids	471
tartars	471
monogenic	471
prominences	471
crunchers	471
argentines	471
conspires	471
counterflow	471
incorporators	471
metazoan	471
psychoanalytical	471
ortigas	471
occultist	471
catechist	471
resolvent	471
thermostable	471
reasserted	471
autophagy	471
freakishly	471
papules	471
electrostatically	471
dispirited	471
echinoderm	471
immiscible	471
rodders	471
disinflation	471
noncontact	471
insidiously	471
unexpanded	471
hellebore	471
egregiously	471
whizzer	471
divined	471
sulphite	471
ungulate	471
wittering	471
shipshape	471
revelling	471
tetramethyl	471
levitated	471
churchwardens	471
mobbing	471
debutant	471
conveyancer	471
axiomatization	471
valerate	471
intercessor	471
claptrap	471
seconder	471
lesioned	471
doctrinaire	471
fettered	471
siphons	471
hustings	471
complainers	471
pastured	471
rasping	471
newsies	471
dribbles	471
besotted	471
electromotive	471
mandola	471
carrels	471
aminobenzoic	471
gangways	471
charioteer	471
papered	471
rwandans	471
coadministration	471
colectomy	471
institutionalism	471
learing	471
opportunistically	471
clamber	471
brewmaster	471
hypersurfaces	471
adroitly	471
billers	471
geomancy	471
freeness	471
transubstantiation	471
quatuor	471
parroting	471
ethnobotanical	471
catastrophically	471
crumpets	471
diplopia	471
skyrockets	471
unformed	471
vasodilators	471
watchfulness	471
plagiarizing	471
empyema	471
bouillabaisse	471
inescapably	471
steamships	471
erotically	471
seismically	471
semitones	471
auctioneering	471
medially	470
sartain	470
cresting	470
jellico	470
engraftment	470
commencements	470
impulsiveness	470
juxtaposes	470
meromorphic	470
retrenched	470
muckraker	470
sticked	470
sundered	470
irretrievable	470
roguish	470
bootmaker	470
intercoolers	470
coercivity	470
autumns	470
spikelet	470
trivialize	470
springers	470
innovatively	470
muddling	470
climatologist	470
secrest	470
paleoecology	470
jelling	470
bullnose	470
morbidities	470
rapacity	470
tribally	470
undesirables	470
electromyographic	470
shoplifters	470
cosmologies	470
elopement	470
derivate	470
repaints	470
windlasses	470
harmattan	470
muzzled	470
headmasters	470
bemoans	470
rifting	470
monosyllabic	470
toodles	470
rummaged	470
autoregulation	470
incontestable	470
languor	470
frivolities	470
mantilla	470
adenoid	470
myoclonic	470
corneum	470
orality	470
journaled	470
epochal	470
hoardings	470
slovenly	470
ventriloquism	470
translucence	470
unflavored	470
hesitations	470
jabbing	470
ottinger	470
fortissimo	470
reckoner	470
monocot	470
curtained	470
foaling	470
purloined	470
lounged	470
celeriac	470
fudging	470
overestimating	470
dibasic	470
overprotected	470
tantalize	470
mandrill	470
manicuring	470
rustics	470
haircutting	470
inanity	470
striations	470
conclusory	470
embayment	470
mentalities	470
infantilism	470
purposeless	470
paintbrushes	470
skirmishers	470
visites	470
likening	470
hypotonic	470
endocardial	470
drumhead	470
avifauna	470
victimhood	470
gobbledygook	470
adduction	470
chesters	470
flinching	470
trumpeters	470
unshared	470
catechists	470
carryall	470
disbelieved	470
babbles	470
heterotopic	470
fibroma	470
sublevel	470
bivalent	470
tableland	470
huckster	470
televising	470
croquettes	470
fiefdom	470
croucher	470
disproven	470
titrations	470
unselfishness	470
esterases	470
sycophants	470
undistorted	470
sycophant	470
burrowed	470
buttercups	470
paresis	470
footfall	470
marmots	470
astrocyte	470
choosers	470
refractions	470
shuttlecocks	470
petrographic	470
homologation	470
libyans	470
devaluing	470
supplys	470
cajoled	470
understates	470
nibbana	470
phenotypically	470
riverway	470
derailing	470
neuroticism	470
astutely	470
destructible	470
sublimely	470
minuets	470
mesentery	470
sedating	470
tribunes	470
bludgeoned	470
whizzed	470
dugouts	470
geeting	470
connerly	470
defeasible	470
reloader	470
semitone	470
airings	470
gazzetta	470
avulsion	470
dorsolateral	470
multitudinous	470
javelins	470
tripler	470
fishhook	470
wardman	470
jobbing	470
foreclosing	470
subjectivism	470
blastocysts	470
mousehole	470
recompression	470
penology	470
thiophene	470
beatific	470
tolerancing	470
backings	470
prognostication	470
virtuosi	470
bigness	470
bollworm	470
artificiality	470
fortuitously	470
theobromine	470
incenses	470
pizzerias	470
overeaters	470
contractible	470
jeering	470
totalizing	470
gimme	470
photomicrographs	470
integument	470
pyrethrins	470
chaperon	470
maltreated	470
consorts	470
intervale	470
toymaker	470
faceting	470
nattering	470
embezzling	470
obviating	470
coveting	470
priester	470
octopuses	470
cosigner	470
atrophied	470
retells	470
respecter	470
bromate	470
nodulation	470
leavening	470
photomontage	470
quarantining	470
pyrolytic	470
churlish	470
lactams	470
fantasias	470
treasonable	470
saxifrage	470
stowing	470
tardies	470
anomalously	470
reflectometry	470
dysuria	470
celesta	470
warbles	470
multipolar	470
fowlers	470
transoceanic	470
twinkled	470
latecomers	470
reconnects	470
whooped	470
unladen	470
brittleness	470
baggers	470
understeer	470
swindled	470
immutability	470
remapped	470
homonym	470
conures	470
tobogganing	470
quaffing	470
ridicules	470
transgressing	470
hydroelectricity	470
drawdowns	470
hypnotizing	470
prideful	470
ureters	470
grouted	470
pegmatite	470
sporter	470
foraminiferal	470
frother	470
timorous	470
acridine	470
reciprocation	470
seminoma	470
hybridity	470
tribesman	470
cockeyed	470
trichotillomania	470
ensnare	470
blondies	470
nonpareil	470
quadrics	470
viscometer	470
unspectacular	470
spurted	470
beggarly	470
quarrelled	470
sutured	470
slithered	470
subordinating	470
boysenberry	470
recommitted	470
loathes	470
fetishists	470
toupees	470
mutineers	470
fascinations	470
overbooking	470
phantasia	470
unhesitatingly	470
infesting	470
tradesperson	470
tangiers	470
unconformity	470
treacherously	470
colluding	470
aiguille	470
diastole	470
mandibles	470
ridiculousness	470
piperidine	470
bicarbonates	469
klammer	469
skittle	469
aforethought	469
nonparticipating	469
popeyes	469
submariners	469
homeotic	469
disengaging	469
smectic	469
stonemason	469
ytterbium	469
conflate	469
cytolytic	469
chanterelle	469
amylases	469
discredits	469
disassociated	469
bacteriuria	469
titrate	469
unscrewed	469
concreteness	469
synchronism	469
cretins	469
obviated	469
kingpins	469
hassling	469
junipers	469
oligopolistic	469
lunettes	469
existentially	469
carbamates	469
fumigants	469
addendums	469
curlies	469
omnivores	469
endemics	469
sullenly	469
inflammations	469
quadrats	469
breastbone	469
bulldoze	469
stewardesses	469
oppressions	469
phytopathological	469
nuthatches	469
steadier	469
sheepskins	469
trebled	469
splanchnic	469
conciliate	469
clausal	469
hypothermic	469
subtropics	469
microcephaly	469
mosaicism	469
repatriating	469
offtake	469
deregistered	469
experimentalists	469
ransomed	469
anhydrite	469
ratcheted	469
nullifies	469
scrunched	469
bedchamber	469
footnoted	469
chevaliers	469
crackpots	469
starcher	469
theodolite	469
dowding	469
spectrograms	469
barretts	469
reprocess	469
pawnshops	469
unrounded	469
upholsterer	469
unviable	469
testings	469
intercommunication	469
coelacanth	469
defiler	469
intestacy	469
unstimulated	469
sandbanks	469
constructible	469
drawled	469
mobilizations	469
entwine	469
redistributes	469
matriarchy	469
florins	469
assimilates	469
crapping	469
unattributed	469
overlanding	469
hollowing	469
homesteader	469
dorsally	469
turlough	469
acylation	469
panoptic	469
countersink	469
pantomimes	469
overshooting	469
servies	469
blackbutt	469
clerked	469
swatter	469
debiting	469
defeatism	469
rescinds	469
genotyped	469
launderers	469
thermodynamically	469
neoclassicism	469
puranas	469
xeroderma	469
imputing	469
endowing	469
negligee	469
villous	469
degaussing	469
hypomania	469
spangles	469
pathogenetic	469
uplifts	469
caramba	469
puerperium	469
bobolink	469
redundantly	469
fireboy	469
governer	469
homophones	469
branchial	469
forager	469
androgyny	469
disunion	469
unpolarized	469
shepherdess	469
protractors	469
modulatory	469
parlayed	469
millhouse	469
infielders	469
intension	469
enrichments	469
intubated	469
cyclohexyl	469
smither	469
barranca	469
relives	469
smugness	469
rawness	469
foreseeability	469
chloramine	469
garlicky	469
cephalon	469
holmium	469
endemism	469
secateurs	469
collimating	469
exploitive	469
unbending	469
shovelhead	469
congregating	469
derivational	469
antipode	469
nonclinical	469
tapeless	469
custards	469
dignify	469
equinoctial	469
rebutting	469
urethanes	469
nondiabetic	469
railroaded	469
reshuffling	469
lobectomy	469
passerines	469
swagman	469
humidities	469
inheritor	469
tarried	469
remorseless	469
disputations	469
boardies	469
yardmaster	469
reactivating	469
numbingly	469
metalized	469
chordates	469
redoubtable	469
charterers	469
dispersants	469
scuttling	469
vanillin	469
natation	469
biplanes	469
antechamber	469
strader	469
eviscerated	469
seasonable	469
teather	469
stereotypically	469
unplaced	469
boatbuilders	469
grazers	469
comports	469
platina	469
semiquantitative	469
tucuman	469
rebinding	469
grimacing	469
aquascutum	469
frontiersman	469
gluteus	469
dubiously	469
umbilicus	469
realest	469
battlement	469
contractures	469
atelectasis	469
gamester	469
rededication	469
deliriously	469
silkwood	469
osteomalacia	469
sphalerite	469
mumblings	469
meditators	469
decelerated	469
shuttering	469
pontificating	469
requalification	469
lacerating	469
burtons	469
chouette	469
autoradiographic	469
plasmapheresis	469
cystectomy	469
referable	469
chondrosarcoma	469
jangling	469
twisties	469
undervoltage	469
costless	469
doleful	469
drooled	469
spellbinder	469
ridging	469
debasement	468
polyclinic	468
superimposition	468
ornately	468
besieging	468
peening	468
shrewdness	468
polecat	468
interstices	468
colorization	468
canvasses	468
tractability	468
elucidates	468
thumpers	468
signifiers	468
justiciable	468
bassoons	468
harling	468
monoids	468
headnote	468
anachronisms	468
bovines	468
disembarking	468
antispasmodic	468
beehives	468
elbowed	468
colorimetry	468
isogenic	468
turbofan	468
tonguing	468
hairdos	468
dualist	468
superstructures	468
nonsmoker	468
strongs	468
arthralgia	468
attunements	468
conchas	468
thermostatically	468
misconceived	468
recourses	468
perianth	468
alembic	468
inglenook	468
cabinetmakers	468
orogenic	468
deification	468
polytechnical	468
sensitiveness	468
remaindered	468
redshank	468
cultist	468
hydatid	468
polarizability	468
commutators	468
potlucks	468
crackdowns	468
mendicant	468
retreatment	468
threepenny	468
misreporting	468
charism	468
dithered	468
thermite	468
randles	468
giddiness	468
warders	468
commensal	468
overpaying	468
photochromic	468
antismoking	468
churchgoers	468
dampeners	468
retributive	468
firewalled	468
photographically	468
thoroughgoing	468
simkins	468
rhodochrosite	468
wieners	468
crisscrossed	468
tangency	468
remortgaging	468
diverticular	468
demiurge	468
barefooted	468
concomitants	468
backstretch	468
chattered	468
warmongering	468
superimposing	468
parachutist	468
clerestory	468
hanning	468
paragons	468
grifter	468
armillary	468
electrum	468
biannually	468
triadic	468
horsing	468
overhung	468
epididymal	468
demoralization	468
steerer	468
loopers	468
forefather	468
rebated	468
simulcasting	468
revelator	468
unrevealed	468
extraits	468
riskless	468
introverts	468
descender	468
stright	468
trichloroacetic	468
abashed	468
plunked	468
aurelian	468
sacristy	468
charitably	468
kindler	468
crosser	468
sojourns	468
preordained	468
torticollis	468
similars	468
offerer	468
ciliates	468
amnesic	468
embalmer	468
brooded	468
tingles	468
synonymously	468
interestingness	468
isolations	468
isometries	468
evilness	468
backtracks	468
epizootic	468
feaster	468
hollyhocks	468
communicants	468
curiosa	468
sideswipe	468
barling	468
dandies	468
mulched	468
interjecting	468
technocracy	468
premodern	468
papillons	468
oracular	468
aquarelle	468
technocrat	468
homological	468
undefended	468
crofting	468
irrecoverable	468
ingenue	468
porcelains	468
adaptions	468
curtilage	468
secularized	468
humorists	468
manakin	468
unities	468
isocyanates	468
satisfyingly	468
bedeviled	468
bemusement	468
frieder	468
metalanguage	468
trackage	468
equilibrio	468
outshines	468
effervescence	468
adenoids	468
resections	468
dehiscence	468
choriocarcinoma	468
scavenged	468
scrunchies	468
unworthiness	468
peptone	468
unraced	468
pinchers	468
ferreting	468
moraines	468
unflagging	468
adiposity	468
laryngectomy	468
dogwoods	468
astringents	468
tobacconists	468
collectivization	468
harrows	468
corroborative	468
situates	468
ejaculatory	468
oddments	468
conspectus	468
punning	468
crossbreeding	468
horological	468
endomorphism	468
occultations	468
rainfalls	468
dissociates	468
absconded	468
puckering	468
feminisms	468
ruffling	468
photomicrograph	468
gawking	468
nonperformance	468
diorite	468
galaxian	468
gherkin	468
advective	468
hardihood	468
roustabout	468
cajoling	468
ironmonger	468
flammables	468
longtail	468
aircrews	468
typescripts	468
quashing	468
bandler	468
kidnaping	468
unpeeled	468
termino	468
hyaluronidase	468
misquoting	468
martensitic	468
essayists	468
nematology	468
greenness	468
bedstraw	468
preambles	468
psychically	468
recrimination	468
misbranded	468
reverberates	468
thatching	468
reassignments	468
embarrassments	468
nighties	468
sphenoid	468
thyrotoxicosis	468
aureole	468
disgusts	467
bankrupting	467
mediatrix	467
sledging	467
iridescence	467
unsanctioned	467
physostigmine	467
tenderloins	467
cognisance	467
urbanites	467
recoils	467
excepts	467
promulgates	467
deeping	467
ballplayer	467
quadrupeds	467
goodings	467
togolese	467
embouchure	467
armatures	467
bewailed	467
loesser	467
transpositions	467
roughened	467
legging	467
softwoods	467
gorging	467
spalling	467
vanadate	467
evolutionism	467
thoughtlessly	467
symbolist	467
pyromaniac	467
pouncing	467
vandalize	467
plasticine	467
savours	467
metathesis	467
mansard	467
snakehead	467
demagoguery	467
periodontist	467
bulwarks	467
biograph	467
tariffed	467
forthrightly	467
mantled	467
encouragements	467
whacker	467
conformally	467
dissimilarities	467
factorized	467
unfaithfulness	467
skeptically	467
disorient	467
clangers	467
mezzotint	467
overpowers	467
starless	467
bedraggled	467
unloader	467
ineradicable	467
steadying	467
erodible	467
trapezium	467
automaticity	467
plenaries	467
adjournments	467
anencephaly	467
unhooked	467
unimaginably	467
cowered	467
monseigneur	467
secretagogue	467
ravenously	467
scientism	467
dispassionately	467
plutocracy	467
anglicized	467
improvisers	467
tomatillo	467
weighbridge	467
mobilizer	467
compounders	467
tabulates	467
ordinations	467
detailers	467
cutworm	467
slacken	467
disgorge	467
determinacy	467
philandering	467
disrupters	467
tomcats	467
indemnifies	467
serviettes	467
infuriates	467
folklorist	467
mispronounced	467
somebodies	467
russias	467
agranulocytosis	467
finalizer	467
trouper	467
discipling	467
attainder	467
philomel	467
reseeding	467
petrography	467
dynamis	467
patronymic	467
homozygote	467
virologist	467
communing	467
preterist	467
mischievously	467
reconsiders	467
communistic	467
scrutineer	467
audiogram	467
illicitly	467
deworming	467
lampreys	467
slivered	467
plastids	467
swivelling	467
blepharitis	467
extracurriculars	467
gelation	467
upended	467
dyestuff	467
metacarpal	467
chastising	467
admonishment	467
masterminding	467
appropriators	467
derisively	467
exfoliates	467
provisioner	467
bosporus	467
kohlrabi	467
doublers	467
feloniously	467
subversives	467
oligarch	467
spoliation	467
unsentimental	467
beddings	467
enthalpies	467
pleasantness	467
scrunch	467
singlehandedly	467
secreta	467
bumbershoot	467
homotopic	467
terminable	467
phosphorescence	467
infamously	467
balladeer	467
shearers	467
ringneck	467
dirigible	467
sabella	467
dominical	467
unaired	467
regrind	467
scintillators	467
colling	467
lustily	467
bakehouse	467
maddeningly	467
unlearning	467
bullinger	467
pyrometer	467
linearities	467
neptunium	467
opencast	467
balaclavas	467
incarcerate	467
multidirectional	467
scratchers	467
phenocrysts	467
sixfold	467
panchromatic	467
ukuleles	467
pedagogically	467
cashiering	467
swamping	467
wineglass	467
clubfoot	467
antediluvian	467
unchain	467
acetabulum	467
conveyancers	467
ritualized	467
maleness	467
irreligious	467
bondholder	467
vindicating	467
hitchhike	467
paratype	467
chorion	467
ascetics	467
oenology	467
laggard	467
amylose	467
blockheads	467
interhemispheric	467
saddening	467
obscuration	467
honkers	467
takedowns	467
malcontents	467
shoreside	467
hindbrain	467
greengrocer	467
richens	467
interims	467
scholasticism	467
adjunction	467
entraining	467
endosome	467
orientate	467
effeminacy	467
miscalculations	467
unmindful	467
airstrips	467
regionalized	467
teleost	467
huggles	467
coppery	467
pallium	467
ceramist	467
cannibalistic	467
indescribably	467
hydrolyzing	467
guillotines	467
hinging	467
unruffled	467
noncombustible	467
paraffins	467
inclining	467
disempowered	467
napoleons	467
coppersmith	467
visualizers	467
carneys	467
animosities	467
waxwings	467
encourager	467
unicity	467
antlered	467
pilfered	467
tackler	467
batterys	467
pardoning	467
telekinetic	467
helling	467
cytometer	467
cowslip	467
polygyny	467
intoxicant	467
nudibranchs	467
supernaturally	467
enfranchisement	467
transection	467
gravitationally	467
ramekin	467
demolishes	467
scarily	467
innervated	467
socioeconomics	467
craftiness	467
rebuking	467
perceptibly	467
reflectometer	467
terranes	467
vitiated	467
wizened	467
wintered	466
sympathizing	466
numerate	466
photocatalytic	466
turtleback	466
townsman	466
berthed	466
hindhead	466
unsubstituted	466
underly	466
scratchings	466
nonliving	466
crystallizes	466
smectite	466
principalship	466
continuer	466
anharmonic	466
prophase	466
klipper	466
mildness	466
luckless	466
microphysics	466
monosaccharides	466
ossuary	466
hypotonia	466
necking	466
backaches	466
quinquennial	466
musters	466
feminin	466
gunwale	466
emplacements	466
histrionics	466
agonize	466
deducts	466
flopper	466
swatted	466
indigestible	466
lordosis	466
bathhouses	466
fisherfolk	466
varnishing	466
kingmaker	466
unclosed	466
fanatically	466
clerking	466
astilbe	466
flashover	466
troglodyte	466
inclosure	466
phanerozoic	466
inactivates	466
voluptuousness	466
hydroxylamine	466
hemangiomas	466
recursions	466
clinopyroxene	466
cassowary	466
paroxysm	466
petrolatum	466
sinusoid	466
transconductance	466
luggages	466
maxwells	466
whetted	466
danglers	466
seraglio	466
leavens	466
carious	466
hecklers	466
underexposed	466
cribbing	466
heterocycles	466
scourges	466
accessioned	466
corroding	466
chromatographs	466
noncitizen	466
stalagmites	466
screeches	466
coronets	466
quenches	466
outscoring	466
fundament	466
telecasting	466
provosts	466
triggerfish	466
plaiting	466
warehouseman	466
dwindles	466
impaling	466
meiners	466
spookiness	466
encinal	466
theoretician	466
scrounging	466
modernistic	466
hirofumi	466
microwaving	466
fissionable	466
dewdrop	466
inappropriateness	466
wobblers	466
guiltily	466
classing	466
tritons	466
nailhead	466
slavers	466
turncoat	466
diffusions	466
stopcock	466
disentangling	466
antagonizing	466
perceiver	466
treater	466
programer	466
drivable	466
catchword	466
teicher	466
teaspoonfuls	466
procrastinators	466
aurally	466
generaly	466
smithies	466
unstretched	466
acquainting	466
weigher	466
authentications	466
parapets	466
learnable	466
twittering	466
scupper	466
repaving	466
orbited	466
audiometer	466
emasculated	466
inhales	466
lymphatics	466
disenfranchise	466
admiringly	466
illumine	466
nationalize	466
wrather	466
saleswoman	466
awfulness	466
photophobia	466
slacked	466
movingly	466
reprised	466
henceforward	466
frustum	466
scalped	466
huddling	466
womanizing	466
pelotas	466
tautological	466
combated	466
paresthesia	466
uncorrupted	466
evinces	466
parasitized	466
stevedore	466
jingoistic	466
buttonholes	466
duelists	466
interpolates	466
unfertilized	466
presbyters	466
bangalow	466
slingers	466
medicinally	466
melodramas	466
lungfish	466
corella	466
merchandises	466
turnbuckles	466
deputed	466
boutonniere	466
clambering	466
wishbones	466
surplice	466
factitious	466
strivings	466
convocations	466
fitfully	466
imminence	466
decimating	466
perishes	466
holdfast	466
neuropsychologist	466
unwatchable	466
blanches	466
bostons	466
skulking	466
girling	466
splenocytes	466
stelling	466
slathered	466
dimethylamine	466
sinusoids	466
monstrously	466
communicant	466
wisecracking	466
imposts	466
butterflys	466
prophetically	466
raffled	466
quirkiness	466
fugacity	466
diaphanous	466
levered	466
backcross	466
triennium	466
aurantium	466
suffixed	466
fiendishly	466
rhombic	466
burglarized	466
relearning	466
platforming	466
sprucing	466
goniometer	466
orthopedist	466
reactivities	466
angulation	466
baluster	466
peradventure	466
surmounting	466
radiolocation	466
swatting	466
conspecific	466
pemphigoid	466
outreaches	466
bookland	466
elastically	466
ethylenediamine	466
grandsire	466
evasions	466
submersibles	466
toweling	466
speculatively	466
lumbered	466
cortege	466
autolysis	466
magisters	466
geotechnics	466
diamagnetic	466
slighty	466
manhandled	466
radicalized	466
countenances	466
beholds	466
contradistinction	466
scampering	466
terpene	466
sainted	466
inclusively	466
perivascular	466
manorial	466
inglorious	466
koppers	466
conspicuity	466
whereat	466
removably	466
interbreeding	466
glueing	466
perpetuities	466
chromospheric	466
normalizer	466
diviners	466
celandine	466
marshman	466
defrayed	466
housebuilding	466
irreducibly	466
merrythought	466
fumigated	466
monoplane	466
overtaxed	466
reappoint	466
moonflower	466
recognizably	466
repudiating	466
dicalcium	466
semipro	466
autoloading	466
insupportable	466
agronomists	466
sundowners	466
arithmetics	466
gastrocnemius	466
undisguised	465
recolor	465
trunnion	465
lurches	465
adulteress	465
gastroparesis	465
syntagma	465
decidua	465
autochthonous	465
discerns	465
tenderizer	465
halling	465
osteology	465
boleros	465
sonning	465
unvested	465
silkworms	465
squawks	465
bismillah	465
retrogression	465
grifters	465
freshens	465
vocalise	465
disinterred	465
macaroon	465
syndicalist	465
barangays	465
sponging	465
unalloyed	465
ferromagnetism	465
mannerly	465
chaptered	465
lactalbumin	465
mudguard	465
cysteines	465
sammies	465
indiscipline	465
nonchalance	465
pentameter	465
racketeer	465
windbag	465
bloodstains	465
boardings	465
capelin	465
worktable	465
biotype	465
callously	465
snively	465
astrocytomas	465
interfraternity	465
retransmits	465
warriner	465
cypresses	465
righter	465
dysarthria	465
foggers	465
doubtlessly	465
resoundingly	465
recidivist	465
pinetum	465
bubblers	465
waterer	465
utopianism	465
constructionism	465
posthumus	465
seventieth	465
bunkhouses	465
questioners	465
consignors	465
workingman	465
scoffing	465
cryptograms	465
rehearses	465
serrate	465
brocket	465
mausoleums	465
overreach	465
pigging	465
wisecracks	465
entrusts	465
hepatomegaly	465
prenatally	465
ruminating	465
squishing	465
maladjusted	465
caprine	465
microelectrode	465
inclinometer	465
wellsprings	465
mediately	465
stillinger	465
uncreated	465
abjured	465
tricker	465
catechin	465
epistasis	465
bombproof	465
dialyzed	465
categorizations	465
wedging	465
constrictive	465
stiffed	465
continuances	465
proficiently	465
meadowsweet	465
insincerity	465
pokeweed	465
microelectrodes	465
shepherded	465
erysipelas	465
plastisol	465
persecutor	465
slobber	465
interpolator	465
catechins	465
cloches	465
temenos	465
skerries	465
waterlogging	465
unproblematic	465
regrading	465
frostproof	465
landholder	465
pentagrams	465
circumscribe	465
polites	465
cleated	465
remarques	465
intolerances	465
physicalism	465
crevasses	465
electrodeposition	465
eavesdroppers	465
unvented	465
necromancers	465
combest	465
burgher	465
silicic	465
unstained	465
cowbells	465
ruination	465
progressivity	465
seminiferous	465
intercoastal	465
eviscerate	465
monocle	465
unphysical	465
unflinchingly	465
monopolizing	465
subsisted	465
spicule	465
degradations	465
willfulness	465
courtin	465
anastomoses	465
meanies	465
vocalic	465
circumcise	465
calcination	465
swampland	465
dabbles	465
deceits	465
saponin	465
internodes	465
rupturing	465
theodicy	465
opaline	465
electrokinetic	465
palletizing	465
deputations	465
practic	465
merlins	465
ringlets	465
palynology	465
cooperage	465
quantitate	465
unclothed	465
impersonations	465
scourged	465
dorsalis	465
plethysmography	465
misunderstands	465
canards	465
survivals	465
undergrounding	465
wrongdoings	465
reinvigorating	465
mollify	465
mutualism	465
commonwealths	465
snowberry	465
birthplaces	465
subtended	465
pervasively	465
blockading	465
spruced	465
caseinate	465
forcings	465
voltmeters	465
reappropriation	465
quiring	465
triumphing	465
bonspiel	465
hailstones	465
debriefed	465
ecstasies	465
diathermy	465
extracranial	465
educationalists	465
slurring	465
malleus	465
conversationalist	465
walruses	465
overgrow	465
busybody	465
cinched	465
repurposed	465
unpopulated	465
nuzzled	465
waterfronts	465
cuvettes	465
dosimetric	465
kibbles	465
wiggers	465
sculpts	465
bedclothes	465
swishing	465
tribbles	465
coastwise	465
pressurize	465
sulfadiazine	465
leatherwork	465
impertinence	465
libretti	465
toffees	465
commissaries	465
bloodsucking	465
cocobolo	465
taxpaying	465
spleens	465
languidly	465
sedulously	465
interisland	465
stipendiary	465
breadbox	465
earworm	465
scarabs	465
toboggans	465
voraciously	465
dugongs	465
unemployable	465
whiteheads	465
stippled	465
articling	465
lampposts	465
tranquilizing	465
begrudgingly	465
fermenters	465
hemoptysis	465
underwrites	465
grimaces	465
laryngology	465
badgering	465
flappers	465
bisects	465
brandish	465
legates	465
autoantibody	465
whitewashing	465
borderlines	465
copyrighting	465
reimportation	465
lateralization	465
trialed	465
obstructionist	465
recommenced	465
aplasia	465
inactions	465
rancheros	465
undergrounds	465
detoured	465
neuropathological	465
pyrrolidone	465
stepparents	465
isomerism	465
prepubertal	465
rinderpest	465
depopulated	465
fleabane	465
actinomycetes	465
miscues	465
brimmer	465
upraised	465
recessional	465
tendentious	465
onychomycosis	465
romanza	465
workaday	465
backsides	465
cratering	465
difficultly	465
huckleberries	465
roundworm	465
vidette	465
divorcees	465
organdy	465
bazookas	465
demethylation	465
martensite	465
whereunto	465
toxicologic	465
traffics	465
triazole	464
fabricates	464
lampoons	464
ordaining	464
smashers	464
enjoyably	464
unfruitful	464
paleoceanography	464
conceits	464
strummed	464
anthropomorphism	464
shrivelled	464
jesting	464
sandstorms	464
whitecap	464
trebles	464
burgled	464
deltaic	464
icterus	464
clansman	464
masjids	464
tendril	464
pneumonic	464
trapezius	464
dangler	464
drogues	464
transhuman	464
unshakeable	464
silicide	464
harpies	464
repressors	464
misquote	464
effectuated	464
purusha	464
accretions	464
brassed	464
transthoracic	464
intercessions	464
nishiki	464
depersonalization	464
despoiling	464
tobacconist	464
meshwork	464
mastheads	464
westernization	464
jubilees	464
trilogies	464
reissuing	464
sleighs	464
licentiousness	464
instrumentally	464
disrespecting	464
conformers	464
infarcts	464
aridity	464
splined	464
forenames	464
incomprehension	464
uncoded	464
unshaken	464
giornata	464
edentulous	464
diverters	464
stumping	464
climaxing	464
chaffinch	464
hemolymph	464
poundage	464
rephrasing	464
loincloth	464
multilinear	464
resubmitting	464
hereward	464
coenzymes	464
unscored	464
plainsman	464
combinatory	464
metonymy	464
compassed	464
bankrupts	464
blanching	464
theorizes	464
stecher	464
anaemic	464
rabidly	464
traversals	464
unsettle	464
snowdrops	464
proconsul	464
coarsest	464
reduplication	464
overproduced	464
albuminuria	464
warehoused	464
photomicrography	464
engagingly	464
pinguin	464
gentility	464
assizes	464
nearsighted	464
decliners	464
laudatory	464
laminitis	464
mudslinging	464
phenotyping	464
ciliated	464
canticles	464
rightists	464
bridgeable	464
suggestively	464
rhodonite	464
butterbur	464
quadruped	464
hemolysin	464
unexploited	464
chivalric	464
hotelling	464
noncontiguous	464
trichloride	464
applejack	464
cloaker	464
lurcher	464
unchecking	464
histiocytic	464
diphthongs	464
coexisted	464
womankind	464
anhinga	464
conformer	464
recreationally	464
monikers	464
cruciferous	464
halyards	464
reinforcers	464
provisos	464
labella	464
penknife	464
peacoat	464
diplomates	464
myometrium	464
copyist	464
pinschers	464
automorphic	464
solemnized	464
palpitation	464
haughtily	464
diffusely	464
kindreds	464
haciendas	464
counterfeited	464
conditionalities	464
sweetmeats	464
chrysoprase	464
orchiectomy	464
tousled	464
unfastened	464
quibbling	464
serenaded	464
courser	464
uighurs	464
flaunted	464
perforate	464
bouffant	464
prolegomena	464
halberd	464
mitigations	464
unwinnable	464
hecking	464
entombment	464
dethrone	464
astrophysicists	464
vouchsafe	464
ejectors	464
woolshed	464
misfires	464
blackguard	464
hereabouts	464
horsehead	464
warplane	464
concatenates	464
garrulous	464
enthrall	464
pinchbeck	464
woodcutter	464
roundhead	464
pyrrhic	464
consistencies	464
outwear	464
flexibles	464
instars	464
brachiopods	464
aspirates	464
horrifically	464
rotifers	464
amontillado	464
cordwainer	464
snorkelers	464
supranuclear	464
redrafted	464
batholith	464
chillum	464
controverted	464
readmissions	464
reattached	464
bellboy	464
executer	464
serviette	464
photogravure	464
sloppily	464
circumscription	464
vocalize	464
naphthyl	464
appointive	464
bencher	464
phenomenons	464
amiably	464
caracter	464
cortinas	464
streetside	464
pilchard	464
scamander	464
blowhole	464
rhapsodies	464
bolivians	464
fulsome	464
iconoclasm	464
barbadian	464
transpiring	464
whelming	464
fluorometer	464
scrollers	464
balsamo	464
outsoles	464
terribles	464
hitcher	464
ascendance	464
convergences	464
knowledgeably	464
periodicities	464
paddlefish	464
prevalences	464
footplate	464
longhand	464
casebooks	464
maggies	464
congenitally	464
untangled	464
barnstorming	464
amoebae	464
tuatara	464
intercessors	464
incorrectness	464
marcher	464
anticline	464
aneurysmal	464
gramicidin	464
steelmaker	464
legerdemain	464
sleepwalk	464
insectivorous	464
squelched	464
scrollwork	464
blitzes	464
amoebic	464
cockaded	464
dilatory	464
allocators	463
czarist	463
toroids	463
gossipy	463
textuality	463
incommensurate	463
orogeny	463
polyatomic	463
psychotics	463
transfinite	463
chappie	463
bricked	463
bullfrogs	463
epilepsies	463
touchable	463
stabilities	463
cryptorchidism	463
brickbats	463
heterogeneities	463
marginalizing	463
tabulator	463
shoguns	463
ramified	463
calloused	463
photoluminescent	463
callier	463
millwrights	463
trypanosomes	463
autoclaving	463
synodical	463
hornish	463
evisceration	463
demoralize	463
marathoner	463
entires	463
crybabies	463
unbutton	463
andirons	463
sphingomyelin	463
jumbles	463
clinking	463
slapdash	463
polyamides	463
kindergarteners	463
doodads	463
entropies	463
apposition	463
placers	463
disputable	463
hybridizations	463
maddened	463
meringues	463
airdrop	463
unmaking	463
immobilizing	463
hyperfocal	463
interbedded	463
lacemaking	463
corpuscular	463
slouched	463
reabsorbed	463
ablated	463
unrestored	463
epiphytes	463
booklover	463
aguinaldo	463
sorrowing	463
symbionts	463
gymnosperms	463
outsides	463
premedication	463
specula	463
sostenuto	463
guatemalans	463
inflammatories	463
triangulate	463
fazenda	463
mineworkers	463
volitions	463
grandiosity	463
nitriles	463
corrosives	463
exultant	463
carbamide	463
goalless	463
derbies	463
coddling	463
sprawls	463
pilfering	463
cowbirds	463
devillers	463
metamorphose	463
microphysical	463
dephasing	463
micrographic	463
trousseau	463
concocting	463
activies	463
monkeying	463
legitimated	463
friezes	463
perfectionists	463
orchestrates	463
fraiser	463
indecomposable	463
sparging	463
vasodilatation	463
cosmologists	463
unconquered	463
actualities	463
puffers	463
reliabilities	463
pseudotuberculosis	463
uncleaned	463
disassociation	463
fruitwood	463
perjured	463
achondroplasia	463
shamanistic	463
stigmatizing	463
corpuscles	463
thermochemistry	463
unawareness	463
autotrophic	463
dreamless	463
obscurely	463
synodal	463
penetrators	463
hucksters	463
sommeliers	463
curdled	463
devalues	463
acrosome	463
metastasized	463
lobbing	463
roaders	463
unresponsiveness	463
immunologist	463
predigested	463
creepiest	463
shirting	463
preregister	463
disproportionality	463
dermoid	463
thuggish	463
antirheumatic	463
inoculating	463
anticholinergics	463
imbibing	463
bronzers	463
drillings	463
paydays	463
transliterations	463
misbegotten	463
judgeships	463
pretesting	463
prepublication	463
territorians	463
gallants	463
variates	463
anemias	463
parousia	463
scabbards	463
galliard	463
toadstools	463
vacates	463
lightweights	463
respectably	463
reworks	463
chitose	463
lauding	463
passionflower	463
maceration	463
seconding	463
yelping	463
botting	463
quantas	463
maharani	463
obdurate	463
reoccur	463
devilman	463
mucocutaneous	463
berserkers	463
polyphenol	463
interlining	463
manzanilla	463
glottis	463
polytheistic	463
latchkey	463
sultanas	463
landside	463
mellows	463
orographic	463
ransack	463
unbanked	463
overstep	463
peafowl	463
vacationed	463
rilling	463
gendering	463
visuality	463
zygomatic	463
chucker	463
embalmers	463
locksmithing	463
precipitator	463
arroyos	463
recalibrated	463
pityriasis	463
intravesical	463
leafleting	463
orthogonally	463
acetamide	463
ophthalmoscope	463
piously	463
quaintly	463
dissolutions	463
inferentially	463
seismometer	463
pomposity	463
permanents	463
victimize	463
groundwood	463
bogging	463
biogeographical	463
rationalistic	463
katydid	463
diencephalon	463
federative	463
mastership	463
arboreta	463
shrinker	463
sharkskin	463
myopathies	463
ashling	463
loverly	463
understandability	463
mayoralty	463
disinclination	463
organismic	463
shadowland	463
auricle	463
dehumanization	463
polychaete	463
abstains	463
criterias	463
aloofness	463
capsizing	463
hydrops	463
neurites	463
woolman	463
primordia	463
seismologists	463
deliverers	463
buisson	463
kidskin	463
pythonic	463
quizzically	463
regressor	463
isotypes	463
undescended	463
doorstops	463
alliterative	463
tittied	463
coralline	463
treaded	463
footless	463
unwraps	463
baptistery	463
dilating	463
efflorescence	463
chesser	463
felucca	463
scrapings	463
electrocardiograms	463
prorogation	463
hayfork	463
putrefaction	463
bioluminescent	463
intermedius	463
mimeograph	462
largish	462
aerating	462
stunners	462
unfortunates	462
pottage	462
stayers	462
cableway	462
tubercles	462
memoirist	462
remasters	462
costliness	462
overstay	462
manservant	462
overrunning	462
plumped	462
unluckily	462
pretensioners	462
concealable	462
apposed	462
downfalls	462
hawthorns	462
procreative	462
disinherited	462
resounds	462
unpacks	462
mullite	462
thymocyte	462
anciently	462
precollege	462
micromechanics	462
duffers	462
astounds	462
nonbelievers	462
begetting	462
gurgled	462
sloughing	462
anaerobes	462
coexists	462
northwestward	462
roomier	462
bumming	462
cholesteryl	462
overstepping	462
minimed	462
quadratically	462
vectoring	462
hopefulness	462
unschooled	462
ellagic	462
fishtails	462
triable	462
arthropathy	462
vindictiveness	462
enunciate	462
lolling	462
extorting	462
lacewings	462
mimeographed	462
adventured	462
absconding	462
malanga	462
corrosivity	462
clattered	462
depressor	462
lakelands	462
sufferance	462
unsteadily	462
dairyman	462
unsteadiness	462
iontophoresis	462
speleological	462
apothecaries	462
chauffer	462
raptures	462
barrenness	462
psychonomic	462
undoped	462
yellowthroat	462
placidly	462
rheostat	462
schillinger	462
protoplasm	462
sidecars	462
granodiorite	462
pipefish	462
retiming	462
bluebottle	462
repacked	462
dyspeptic	462
brogues	462
moosewood	462
diffident	462
misalignments	462
tiering	462
affianced	462
compartmented	462
corkage	462
thistledown	462
henbane	462
polygamist	462
lectors	462
charismatics	462
naturalize	462
guileless	462
malpractices	462
opticals	462
anthroposophical	462
corruptly	462
altitudinal	462
freights	462
opprobrium	462
epithelioid	462
clockers	462
preoptic	462
amination	462
legalizes	462
homiletics	462
malonyl	462
cutwork	462
imputations	462
resorcinol	462
saltbush	462
electrosurgical	462
marchioness	462
capriciously	462
spermatic	462
detrusor	462
ethnical	462
superintend	462
bantering	462
perspiring	462
deduces	462
geishas	462
rowboats	462
nominators	462
soteriology	462
dissensions	462
baseness	462
railroaders	462
subglacial	462
lumberman	462
rearranges	462
hellier	462
aerialist	462
assertively	462
blotched	462
embarrasses	462
performant	462
fruitcakes	462
classicists	462
undercoating	462
ringler	462
implores	462
constitutionalist	462
perchloric	462
cashbox	462
ineptness	462
interweaves	462
blandness	462
dwarfing	462
muralist	462
fleecing	462
oblates	462
desaturation	462
hillocks	462
quiller	462
jalousie	462
dispensational	462
flamingoes	462
tediously	462
crinoids	462
reavers	462
outrider	462
lampman	462
fretful	462
untreatable	462
myomectomy	462
infinitesimally	462
lexicographically	462
electable	462
heavener	462
inquisitorial	462
independency	462
palazzi	462
circumspection	462
conservatorships	462
mashers	462
portway	462
unsullied	462
dynamometers	462
brushwork	462
vetoing	462
mogadore	462
cornelian	462
coddled	462
pneumonectomy	462
ringtail	462
spirituous	462
rickettsial	462
interrogates	462
neuroanatomical	462
garrisoned	462
khanate	462
rheometer	462
italicize	462
milkmaid	462
spedding	462
parachuted	462
supercilious	462
unblinking	462
soldiery	462
killick	462
vitrine	462
oxygenator	462
undoubtably	462
profaned	462
skirmishing	462
subchapters	462
pastoralist	462
sexualized	462
wastepaper	462
cancellous	462
ebullition	462
holdbacks	462
mongolians	462
anticlimactic	462
avowedly	462
cellists	462
colloquialisms	462
matriculate	462
remoter	462
gypsophila	462
epididymitis	462
moldable	462
stoffer	462
flapjack	462
irreducibility	462
quandaries	462
intergranular	462
clamorous	462
pippins	462
atomizing	462
sailmakers	462
scullery	462
halflings	462
flaunts	462
blasphemed	462
spellers	462
headworks	462
polynuclear	462
disconsolate	462
accordionist	462
bedfellow	462
unhygienic	462
castrate	462
prognoses	462
medievalist	462
lubricator	462
whitely	462
antiquaries	462
metastasize	462
tympani	462
quadrangular	462
armlets	462
fishback	462
wicketkeeper	462
profiteer	462
distinctives	462
automatism	462
enlivens	462
conkers	462
whimsically	462
enshrines	461
spinsters	461
redcoats	461
sketchers	461
whimpers	461
blowfly	461
segregationist	461
exactions	461
predicative	461
chartist	461
rainbird	461
transfixing	461
mangles	461
subbands	461
patricians	461
brightener	461
revalue	461
unpromising	461
angiology	461
caissons	461
surcharged	461
punctuating	461
telencephalon	461
cardiomegaly	461
scriptor	461
featherbeds	461
quarreled	461
suckled	461
footways	461
stepbrother	461
invigilator	461
mercaptan	461
intimidates	461
partaker	461
censures	461
helminths	461
charnel	461
spooned	461
coffeepot	461
dialectal	461
knuckled	461
prakriti	461
intercropping	461
sawmilling	461
introgression	461
unproved	461
hurlers	461
tweening	461
untracked	461
anticlockwise	461
confessors	461
shrikes	461
unfurling	461
lacerated	461
herning	461
transparence	461
trances	461
vouched	461
broadloom	461
disaccharides	461
obligingly	461
wettability	461
spinifex	461
emasculation	461
sigmoidal	461
outwitting	461
earplug	461
unexpressed	461
spondylosis	461
isobutylene	461
lunched	461
tonnages	461
submaximal	461
scourging	461
circumnavigate	461
goofiness	461
solipsistic	461
zaibatsu	461
selvage	461
reinsured	461
mutuals	461
manfully	461
contrapuntal	461
drainpipe	461
netters	461
revolutionist	461
goldcrest	461
centenarians	461
instrumenting	461
empting	461
ophidian	461
belaying	461
calinda	461
nephrologist	461
tracery	461
coltsfoot	461
materializing	461
electrodynamic	461
slackness	461
surmises	461
fluorescently	461
ascendent	461
pangolin	461
behoove	461
nonflammable	461
tailrace	461
arborvitae	461
slabbed	461
crumpet	461
tarring	461
ackerly	461
catched	461
overlock	461
racketeers	461
howlite	461
adsorbate	461
snaring	461
pointlessly	461
aggrandizing	461
excipient	461
pharmacal	461
somatization	461
theocrats	461
microliter	461
evenhanded	461
sauropod	461
scullion	461
naughtiness	461
deciliter	461
allometric	461
fastidiousness	461
militarist	461
anorectic	461
demoniac	461
pucelle	461
zephyrus	461
psychologies	461
snubber	461
trivialized	461
openable	461
influentials	461
psychotherapies	461
conjuror	461
fibrillar	461
ganglionic	461
irradiating	461
depilatory	461
wainscot	461
supernal	461
moonlights	461
bopping	461
forgers	461
impelling	461
trouncing	461
trialing	461
tanyard	461
womenfolk	461
comedown	461
cellule	461
clothespins	461
stevedores	461
breakaways	461
vacillating	461
allotting	461
maidenhair	461
jocular	461
woodpile	461
mantids	461
skidder	461
microdissection	461
maidservant	461
tightwad	461
wrongheaded	461
indurated	461
ulcerations	461
nonmarket	461
infilling	461
stokers	461
fathomless	461
ontologically	461
comprehensibility	461
insularity	461
filleting	461
chiding	461
patellofemoral	461
camouflaging	461
boggled	461
reutilization	461
reticulocytes	461
laterite	461
endearingly	461
semipalmated	461
savoured	461
sturdiness	461
calamine	461
funnest	461
phenylenediamine	461
caricatured	461
guidances	461
muckraking	461
hypotheticals	461
unfreeze	461
sheepfold	461
cautery	461
marvelling	461
spiciness	461
plentifully	461
bonnies	461
monetized	461
wakeful	461
criminalistics	461
propone	461
polycentric	461
systematize	461
bungles	461
sunbursts	461
toreros	461
physiography	461
shearwaters	461
mystically	461
homelike	461
externalization	461
preservationist	461
fennelly	461
swooned	461
rotties	461
unsociable	461
epigastric	461
electroplate	461
ophiolite	461
simulants	461
ascitic	461
coziness	461
kolinsky	461
woodchucks	461
historial	461
indiscernible	461
translater	461
signees	461
appreciatively	461
steatosis	461
broadsheets	461
buffoonery	461
fungicidal	461
upfield	461
relaunches	461
practicums	461
climacteric	461
anthesis	461
exhales	461
rashness	461
tantalizingly	461
hayloft	461
rangely	461
luxuriate	461
mongrels	461
dissembling	461
comprehensions	461
heckled	461
sweetens	461
consistence	461
chloramines	461
intimating	461
metalworkers	461
kelling	460
defrosted	460
crappies	460
catchpole	460
keloids	460
veridical	460
igniters	460
gematria	460
specters	460
mesencephalon	460
flunking	460
buttonwood	460
missioner	460
spences	460
patroller	460
meteoroids	460
racialized	460
impoverish	460
picketers	460
defeasance	460
galanter	460
letterer	460
eritreans	460
gladioli	460
prowlers	460
sarrazin	460
sulphates	460
transocean	460
brawner	460
crusting	460
agrimony	460
coadjutor	460
footfalls	460
nightwalker	460
enumerative	460
bolometer	460
attestations	460
flexors	460
counterweights	460
symbolics	460
lombards	460
corporals	460
overcook	460
unsuitability	460
diagnostician	460
nonpregnant	460
foliated	460
chophouse	460
marathoners	460
detuned	460
underwing	460
chthonic	460
revenger	460
submucosal	460
recouping	460
bacillary	460
unregenerate	460
sorrowfully	460
iniquitous	460
monumentally	460
tappers	460
standers	460
ecclesiastic	460
tramped	460
agriculturist	460
aphthous	460
bicyclo	460
blustering	460
parlays	460
waylaid	460
blackberrys	460
intumescent	460
granaries	460
syringomyelia	460
climatologists	460
ascomycetes	460
occultists	460
markedness	460
powderly	460
schneiders	460
fratricide	460
agonizingly	460
unprovable	460
cryptographers	460
bespeaks	460
smilingly	460
jaggers	460
epicardial	460
butanone	460
seatings	460
reciprocals	460
nucleoli	460
playbills	460
flatirons	460
negligibly	460
intrusiveness	460
defacements	460
hungers	460
notochord	460
allying	460
jollies	460
epigraphy	460
boatbuilder	460
harasses	460
heuristically	460
openwork	460
bobbers	460
hundredfold	460
canners	460
holyday	460
metalcraft	460
unsupportable	460
externalized	460
redraft	460
basileus	460
spillways	460
annulation	460
knickerbockers	460
capybara	460
driverless	460
mattock	460
induration	460
guarneri	460
indicies	460
spankers	460
erythritol	460
periodogram	460
stonecrop	460
woodyard	460
slowpoke	460
pullets	460
caressingly	460
shallowly	460
towboat	460
ventrally	460
loaches	460
convulsing	460
instanced	460
quelling	460
stimulations	460
corpulent	460
abolitionism	460
myalgic	460
carloads	460
contrarily	460
dabbler	460
planimetric	460
tombola	460
inkwells	460
inclusives	460
miasmatic	460
weebles	460
banditry	460
collectibility	460
barbwire	460
shucked	460
mystification	460
rurality	460
ancilla	460
repellency	460
rebirthing	460
recoiling	460
dinettes	460
experientially	460
bombardments	460
cashiered	460
battlers	460
speedboats	460
quemado	460
homogenizer	460
initialled	460
militantly	460
collarless	460
esparto	460
keratectomy	460
macronutrient	460
traipsing	460
apoplectic	460
internationaler	460
waterscape	460
boutonnieres	460
misters	460
consumptions	460
differenced	460
lipases	460
redpoll	460
miseducation	460
suckler	460
bullfights	460
restyle	460
skywards	460
impalas	460
loosest	460
gradualism	460
bacteriostatic	460
incivility	460
programed	460
flirtations	460
stultifying	460
anthelmintic	460
viscerally	460
regularize	460
erasures	460
astronomic	460
nonphysical	460
unctuous	460
ecotone	460
taxability	460
regurgitating	460
enlivening	460
unreferenced	460
calcaneus	460
gastroscopy	460
obturator	460
encroaches	460
encyclicals	460
overexertion	460
uncolored	460
impinged	460
meerkats	460
insignificantly	460
mouthwashes	460
infidelities	460
hummock	460
libration	460
backswing	460
memoryless	460
stereograms	460
fetcher	460
startles	460
dramatizes	460
unamended	460
colonnades	460
descaling	460
standee	460
theatricals	460
bootlegged	460
dragger	460
miscast	460
savouring	460
fandoms	460
quarterman	460
hyperkinetic	459
raisings	459
recombining	459
enchants	459
dustpan	459
expediter	459
devaluations	459
groundsman	459
improviser	459
intimacies	459
underglaze	459
equimolar	459
nebulas	459
remonstrated	459
braying	459
lassitude	459
nonclassical	459
trichinosis	459
unbinding	459
reacquainted	459
pressers	459
pictograph	459
clothbound	459
relevantly	459
unescorted	459
capelet	459
plinths	459
thunderclap	459
permissiveness	459
druidry	459
ambitiously	459
moonless	459
grottos	459
phonies	459
dipeptides	459
changeless	459
hurtled	459
wordsmiths	459
immortelle	459
valorous	459
tinkler	459
reneging	459
starner	459
bobbles	459
valving	459
endurable	459
overages	459
reorienting	459
lability	459
overlies	459
guillemots	459
lawbreakers	459
abortifacient	459
impersonated	459
engrailed	459
eugenol	459
conjuncts	459
cotangent	459
quickset	459
trespassed	459
individualizing	459
petered	459
pantheist	459
sidelong	459
proximally	459
limnological	459
clamored	459
jingoism	459
demeaned	459
incarnational	459
rollings	459
hornless	459
pansexual	459
bubinga	459
scatterer	459
blackwork	459
deforms	459
idiosyncrasy	459
rearmament	459
xylophones	459
secundus	459
pentoxide	459
clucking	459
bagpiper	459
coagulated	459
noninfectious	459
levator	459
garance	459
picknick	459
deposing	459
venters	459
rearrested	459
messieurs	459
montaner	459
waterwise	459
bisector	459
pompons	459
quartos	459
carambola	459
blackey	459
traversable	459
schwabacher	459
unreduced	459
boneset	459
floggers	459
rollerskating	459
clothespin	459
citrates	459
shantytown	459
scrutinizes	459
paleness	459
groveling	459
alkynes	459
naturalizing	459
bigmouth	459
trivialities	459
anastomotic	459
discourteous	459
collations	459
dimness	459
risible	459
proseries	459
antisubmarine	459
breedings	459
dripper	459
accentuation	459
semimonthly	459
escheat	459
aerogels	459
oxidizes	459
refueled	459
inauthentic	459
misbehaved	459
sunrays	459
goosefoot	459
besetting	459
chikara	459
uncompromisingly	459
noncombatants	459
zeppelins	459
parodying	459
indisposed	459
preplanned	459
extravaganzas	459
pastoring	459
strategical	459
pedicel	459
landholdings	459
peregrina	459
scramblers	459
melasma	459
obovate	459
blackheart	459
maniacally	459
muskrats	459
gambrel	459
skookum	459
unguents	459
amidships	459
gasketed	459
prejudicing	459
worrier	459
draftees	459
amputate	459
paradises	459
deforested	459
prosthetist	459
pterosaurs	459
dustless	459
percepts	459
moneybags	459
civilizational	459
suburbanization	459
auxiliar	459
ballyhooed	459
foliations	459
muffling	459
pollutions	459
pleating	459
stupidities	459
cackled	459
typesetters	459
enthuses	459
solstices	459
epidermoid	459
somersaults	459
intracellularly	459
sexuals	459
substitutional	459
vandalizing	459
mounter	459
storerooms	459
lymphadenitis	459
quacker	459
preternatural	459
indicting	459
conduce	459
gliadin	459
cantors	459
centimes	459
horseless	459
fortifies	459
trussing	459
anatase	459
immigrations	459
repudiates	459
adjourning	459
reclines	459
miliary	459
brading	459
earldom	459
indubitable	459
unprintable	459
firemaster	459
dinitrophenol	459
assimilative	459
collator	459
sloshed	459
spirochete	459
exceptionality	459
countertenor	459
unprimed	459
handsomest	459
decorous	459
oversubscription	459
chagrined	459
prowers	459
durably	459
starves	459
edgings	459
rightwards	459
bludgeoning	459
imbecility	459
monopolists	459
ectoplasm	459
gnomish	459
buffeting	459
urography	459
exorcisms	459
doorkeeper	459
ineffectively	459
reconvenes	459
sycophantic	459
bushrangers	459
mesodermal	459
methylamine	459
transitively	459
gingers	459
bounteous	459
underspend	459
obliterates	459
lulling	459
petronella	459
handsaw	459
periapical	459
sheeter	459
toucher	459
alpines	459
bluetongue	459
willinger	459
cholesteatoma	458
oleoresin	458
humpbacks	458
ideographs	458
farmsteads	458
urbanist	458
steeled	458
abysmally	458
embroiderer	458
iodides	458
whisperings	458
treeing	458
interlanguage	458
panicles	458
humbleness	458
liverworts	458
detests	458
legionaries	458
haughtiness	458
aliveness	458
topcoats	458
willowy	458
uncured	458
brandies	458
terbium	458
omentum	458
defiling	458
disaccharide	458
proneness	458
dislodging	458
rotogravure	458
indexical	458
sicilians	458
speleology	458
emolument	458
billies	458
medleys	458
squealer	458
oversimplify	458
dehydrogenation	458
handwheel	458
unseated	458
silkies	458
terming	458
rivalled	458
prithee	458
railhead	458
expedients	458
persico	458
mazurkas	458
serologically	458
capucine	458
deflates	458
encirclement	458
affiliating	458
hypocotyl	458
cordingly	458
precipices	458
biotypes	458
bicuspid	458
pentangle	458
monomorphic	458
methacrylic	458
platformers	458
colorizing	458
topographically	458
chromoly	458
diffidence	458
barycentric	458
tablespoonful	458
swindles	458
bestowal	458
titbits	458
semimajor	458
stagers	458
mendacious	458
tingled	458
snipping	458
phenological	458
handcuffing	458
stinkers	458
flaxman	458
figments	458
pyruvic	458
stereoscope	458
topazes	458
adhesiveness	458
perring	458
nephrite	458
emotionalism	458
unrelieved	458
complexing	458
franklins	458
flummoxed	458
unwinds	458
sorrells	458
unimagined	458
subliminally	458
sensical	458
swindling	458
falsifies	458
neoclassic	458
gladiatorial	458
authenticators	458
inoculant	458
mangels	458
confraternity	458
residentially	458
coincidently	458
cultivable	458
flattest	458
whorled	458
filibustered	458
embraceable	458
dependably	458
archipelagos	458
aerobically	458
crystallizing	458
anthelmintics	458
anthocyanin	458
guilloche	458
inadvertence	458
entrenching	458
rasters	458
cantaloupes	458
croplands	458
mesophyll	458
sympathectomy	458
weatherproofing	458
homebody	458
tertius	458
tailpipes	458
terrifyingly	458
bacchanal	458
molarity	458
mellifluous	458
ablutions	458
perplexities	458
pretentiousness	458
diagrammed	458
recessionary	458
consilience	458
diagenetic	458
immortalize	458
parallelize	458
snowplows	458
stabled	458
devastates	458
sexologist	458
fuzzball	458
unkindly	458
outpourings	458
halland	458
externalize	458
croatians	458
epidurals	458
gunplay	458
snitches	458
quadrupling	458
phosphocreatine	458
relight	458
stratagems	458
synergetics	458
draggers	458
carousing	458
pedaled	458
hypercubes	458
condescended	458
noncommittal	458
autarky	458
mascaras	458
inseminated	458
mannings	458
strivers	458
freighted	458
pinnate	458
glissando	458
tyrosyl	458
liniment	458
constrictions	458
devourer	458
understating	458
cottony	458
nonmagnetic	458
polyploidy	458
whooshing	458
tracting	458
digitalized	458
styluses	458
flounce	458
naphthalenes	458
antiemetics	458
longlegs	458
hobbles	458
candidacies	458
mockingbirds	458
slackening	458
limekiln	458
sharecropper	458
pardner	458
wondrously	458
interministerial	458
tuskers	458
savable	458
shimmered	458
anarchistic	458
dustproof	458
corsetry	458
extraocular	458
pinniped	458
dissidence	458
overrules	458
aestheticians	458
unquestioningly	458
decanted	458
anteroom	458
handfasting	458
doorframe	458
agriculturists	458
chancroid	458
flagger	458
floatable	458
readjusts	458
saronic	458
flameless	458
uneaten	458
weepies	458
unready	458
eyesores	458
truants	458
currying	458
ichthus	458
essentia	458
ossified	458
intented	458
erythematous	458
babushka	458
interlopers	458
blueprinting	458
reapplying	458
leapfrogging	458
nestler	458
barnstorm	458
melchers	458
synthesisers	458
moriond	458
sluggishly	458
beardless	458
methoxychlor	458
harlock	458
katydids	458
cheerless	458
mensuration	458
reoriented	458
ethmoid	458
scriber	458
urbanizing	458
lycanthropy	458
conflating	458
arthrosis	458
dingoes	458
steeling	458
untrimmed	458
nativism	458
cuckhold	458
manzana	458
dredger	457
preciousness	457
moistening	457
predawn	457
excitingly	457
cincher	457
snowdrift	457
cinches	457
unprejudiced	457
beachcombing	457
explications	457
otolaryngologist	457
reoffending	457
appraisement	457
treebeard	457
dissimulation	457
ergosterol	457
biennials	457
munches	457
ignorable	457
ladybirds	457
ceilinged	457
stumper	457
pictorially	457
scatting	457
fondles	457
nonpaying	457
provisionals	457
inculcating	457
toolmaking	457
anodize	457
spruces	457
gunflint	457
emotionality	457
monazite	457
cambogia	457
interparliamentary	457
bushcraft	457
eightieth	457
purpure	457
spinocerebellar	457
unbeatens	457
gettable	457
substantiality	457
anthropocentric	457
overspeed	457
messiness	457
totemic	457
bascule	457
ghosted	457
nonslip	457
anoraks	457
kinetically	457
stradling	457
shingled	457
corkboard	457
theatricality	457
scouters	457
blasphemer	457
brickfield	457
belabor	457
longspur	457
penetrometer	457
scraggly	457
cheekbone	457
bridewell	457
dazzlers	457
lumbago	457
chiropodist	457
laryngoscopy	457
litanies	457
aloneness	457
copolymerization	457
overdriven	457
botanically	457
arrhythmic	457
plaintively	457
phalanges	457
threateningly	457
profligacy	457
propene	457
wellings	457
colluded	457
precooked	457
spiritism	457
sarangi	457
citronelle	457
tailless	457
pimienta	457
cuddyer	457
workmans	457
demeans	457
newspaperman	457
prioress	457
pulsate	457
maining	457
drayage	457
goslings	457
preheater	457
revivalism	457
runoffs	457
splotches	457
perverting	457
refreshers	457
carbolic	457
hungered	457
armadas	457
diagnosable	457
watchtowers	457
sparhawk	457
diapause	457
misprinted	457
sericea	457
virtualize	457
pharmacognosy	457
muskellunge	457
redrafting	457
outsize	457
bluntness	457
ulcerated	457
escrows	457
gesticulating	457
tailstock	457
repopulate	457
heterosis	457
zarzuela	457
athwart	457
fluffed	457
literalism	457
westlands	457
navicular	457
gumdrop	457
godhood	457
windbreakers	457
shambling	457
depolymerization	457
sandboarding	457
microtome	457
whitethorn	457
tenderest	457
vocalizing	457
nationalisms	457
bellbird	457
ordains	457
plugger	457
predevelopment	457
choirboys	457
transited	457
skewering	457
columbarium	457
lovering	457
peppering	457
graziers	457
unbundle	457
mycotic	457
meritless	457
honeywood	457
acquaints	457
boronic	457
transversality	457
blameworthy	457
benzimidazole	457
propound	457
sporades	457
cratered	457
carline	457
immoderate	457
objectify	457
acuteness	457
fitments	457
reassessments	457
caricaturists	457
pinnipeds	457
complainer	457
kindnesses	457
peopling	457
unaccountably	457
rhomboid	457
dentata	457
barbless	457
fleetingly	457
megakaryocytes	457
selenide	457
plainest	457
redressal	457
taurean	457
kittler	457
snubbing	457
articled	457
cockers	457
subtlest	457
snowcapped	457
quackers	457
jurisprudential	457
gruffly	457
southlands	457
tinkerer	457
guidepost	457
capacitated	457
aneurism	457
infarctions	457
permissibility	457
reshuffled	457
structuration	457
soothers	457
matrilineal	457
orthodoxies	457
photostat	457
unhedged	457
untraditional	457
daringly	457
grapefruits	457
fireguard	457
thingys	457
buncher	457
breviary	457
lineaments	457
nucleoprotein	457
toytown	457
unburied	457
centralism	457
entertainingly	457
insatiate	457
intolerably	457
discomfiture	457
rhapsodic	457
articulator	457
marikina	457
threepence	457
peregrines	457
mismatching	457
pyogenic	457
misbranding	457
teamworking	457
benzidine	457
pursley	457
reimagining	457
effacement	457
reversions	457
madwoman	457
unmercifully	457
velours	457
whitted	457
chickened	457
deodorization	457
titillation	457
sizzlers	457
reintegrated	457
forelegs	457
chanticleers	457
midship	457
congers	457
seamstresses	457
exorcised	457
pyrites	457
vascularity	457
rabbinate	457
mycelia	457
stammers	457
tendances	457
pustular	457
outselling	457
coronae	457
overvaluation	457
pigeonholed	457
intertie	457
enucleation	457
stoically	456
mileages	456
cremaster	456
latecomer	456
sousaphone	456
wouldest	456
disobeys	456
primroses	456
readjusting	456
webbers	456
manumission	456
mortifying	456
sissification	456
vindicates	456
gondoliers	456
drainable	456
vanishingly	456
blunting	456
patrimonial	456
masticatory	456
unresolvable	456
collinearity	456
microbiota	456
wigglers	456
harpists	456
peppermints	456
portering	456
furrier	456
divulges	456
fanfares	456
capitalizations	456
millets	456
smoothening	456
swallower	456
abaxially	456
orbiters	456
crisscrossing	456
fluting	456
cumbres	456
abruption	456
denting	456
trollies	456
organum	456
kneecaps	456
peridotite	456
draughting	456
debaser	456
cyclopes	456
copulate	456
insinuates	456
desperadoes	456
monocultures	456
czarina	456
fascicles	456
rededicate	456
protectiveness	456
sesterces	456
huddles	456
coucher	456
dousing	456
benzophenone	456
metaline	456
civilize	456
snidely	456
deontological	456
describable	456
contrariwise	456
charring	456
appealingly	456
overlander	456
mulligans	456
breadbasket	456
corrugation	456
hothead	456
meriting	456
redecoration	456
wettable	456
helichrysum	456
declamation	456
piecework	456
miscarry	456
tangelo	456
sweatbands	456
eventuate	456
swamper	456
karyotypes	456
excretions	456
complacently	456
harking	456
cordilleran	456
flatworms	456
intersubjective	456
anatomists	456
eyeballing	456
scienter	456
epidote	456
rockery	456
praseodymium	456
odontogenic	456
untalented	456
excoriated	456
inflames	456
parametrically	456
unmerited	456
insubordinate	456
whippoorwill	456
stepless	456
ozonation	456
overripe	456
thallus	456
chorister	456
jardiniere	456
lepidopteran	456
writerly	456
assuaged	456
piccolos	456
dowitcher	456
dukedom	456
nonproductive	456
passerine	456
hydrolyze	456
directionless	456
ironworker	456
crusing	456
anterograde	456
hemopoietic	456
hyperventilating	456
furioso	456
tubulars	456
bufflehead	456
dazzlingly	456
funnyman	456
habanera	456
engrained	456
horticulturists	456
otosclerosis	456
sortation	456
deportable	456
bleakness	456
twinkles	456
differentiations	456
whalebone	456
monopsony	456
aluminate	456
herpetologists	456
allylic	456
minutest	456
retrospection	456
ungovernable	456
fixatives	456
batwing	456
harpoons	456
protoporphyrin	456
recrystallized	456
cauterizing	456
unrecovered	456
wittily	456
hydrometers	456
soaping	456
calibrates	456
hellcats	456
foolery	456
exulting	456
shrewder	456
professoriate	456
summands	456
corries	456
deepness	456
caprylic	456
ropewalk	456
teaware	456
habitant	456
pseudomembranous	456
bedsores	456
spittoon	456
scrivens	456
vanquishing	456
downswing	456
incompetents	456
saddling	456
impromptus	456
ennobled	456
patrollers	456
episcopacy	456
tanagers	456
uncodified	456
occiput	456
apically	456
flesher	456
reverser	456
annotators	456
goldfinches	456
commissars	456
accompanists	456
thunderer	456
andantino	456
recognizers	456
seigniorage	456
wantonness	456
magnetos	456
madrasah	456
mergansers	456
mellower	456
leaches	456
scenting	456
druidism	456
questor	456
dewatered	456
photocurrent	456
clockmakers	456
porkers	456
branchlets	456
fascicule	456
narcoleptic	456
seismologist	456
wombles	456
yesteryears	456
chiggers	456
presaged	456
unbowed	456
yellowhammer	456
ovulated	456
ceremoniously	456
nutation	456
dominie	456
ballasted	456
meristems	456
hollowness	456
shirted	456
unvoiced	456
enticements	456
exciters	456
marmalades	456
hyperextension	456
gummies	456
waffler	456
sonority	456
reintroduces	456
recension	456
passado	456
snifter	456
skyscapes	456
expendables	456
scaremongering	456
beautifier	456
fancying	456
nonusers	456
cowpeas	456
protuberance	456
underpasses	456
fricatives	456
papering	456
unstinting	456
switchyard	456
beguine	456
introducers	456
shallowest	456
internationalists	456
clunker	456
degustation	456
quatrains	456
bellwethers	455
abrading	455
colossi	455
grapplers	455
stickered	455
astigmatic	455
undrawn	455
repurpose	455
nephrosis	455
tersely	455
disarms	455
unexceptional	455
draconic	455
brownstones	455
deploring	455
disarmingly	455
babblers	455
innuendos	455
uninsurable	455
downtowner	455
reclassifying	455
natality	455
sallies	455
maturely	455
glenoid	455
coloratura	455
continentals	455
scooting	455
brotherhoods	455
contraries	455
jellied	455
chemisorption	455
exemptive	455
gabonese	455
easterns	455
nurseryman	455
thumbscrew	455
kneller	455
promotors	455
extricated	455
inapposite	455
osteoblastic	455
margarite	455
tetherball	455
dissemble	455
groovers	455
cohabit	455
bilinguals	455
utopians	455
absorptions	455
parabolas	455
overtopping	455
swaddle	455
sniffling	455
countenanced	455
melodically	455
deepings	455
essayed	455
diacritic	455
niggles	455
chromophores	455
sagaing	455
supersaturated	455
pariahs	455
toadflax	455
auditoria	455
clawless	455
poblacion	455
globose	455
speedometers	455
whistlers	455
deadheads	455
vaguest	455
depreciates	455
glycolipid	455
liquefy	455
waistlines	455
firebolt	455
cumulate	455
schoolmasters	455
abrogates	455
feebleness	455
alkenyl	455
drachmae	455
harpsichords	455
dharmas	455
discolorations	455
overmatched	455
plodded	455
toyshop	455
villanelle	455
envisaging	455
crystallites	455
fiefdoms	455
documental	455
homogenizing	455
padlocked	455
inflaming	455
taipans	455
reawakened	455
demineralized	455
blowguns	455
perinuclear	455
veneering	455
orchitis	455
stachys	455
vinylidene	455
pentagons	455
darters	455
inflect	455
threshers	455
hostings	455
revelled	455
socketed	455
blights	455
sniveling	455
humbles	455
recasts	455
platitude	455
redshirted	455
dysprosium	455
consequentially	455
dismissively	455
putback	455
lifeguarding	455
elision	455
somites	455
demoiselle	455
saltine	455
schemers	455
unhampered	455
monocots	455
convolved	455
fluorene	455
indissoluble	455
crocket	455
polyandry	455
cysticercosis	455
columned	455
stereotypic	455
bighead	455
glasshouses	455
choreographies	455
protoplast	455
unowned	455
censorial	455
springtails	455
tablespoonfuls	455
witticisms	455
brownouts	455
enfeebled	455
relining	455
sharecroppers	455
proctoring	455
retreads	455
muscadine	455
parrying	455
perisher	455
ambulant	455
ampersands	455
natcher	455
ejaculates	455
relinking	455
shivaree	455
tufting	455
mucilage	455
revolutionists	455
mastopexy	455
trisodium	455
seborrhea	455
oscillated	455
archetypical	455
gangrel	455
radiographically	455
penitents	455
annihilates	455
imprudence	455
tiptoed	455
collagens	455
secretos	455
dogmatically	455
phenothiazine	455
flautist	455
myrtles	455
nonimmigrants	455
jailbird	455
edginess	455
civilities	455
diphthong	455
winegrowers	455
fluffer	455
trussed	455
scenarist	455
apiculture	455
sweetleaf	455
crassly	455
kobolds	455
bacteriologist	455
ohmmeter	455
xerostomia	455
domesticate	455
prolate	455
isthmian	455
interspace	455
devotedly	455
plancher	455
roadworthy	455
roundels	455
ethnographies	455
inbounds	455
indigenously	455
vicariate	455
frigidity	455
investable	455
supervenience	455
historicals	455
shreeve	455
disciplinarians	455
geostrategic	455
playday	455
denigrates	455
cuckolds	455
lithologies	455
barragan	455
tippets	455
mainers	455
itchiness	455
prewired	455
conspecifics	455
overfitting	455
syphilitic	455
jaywalking	455
flagman	455
nonskid	455
cravats	455
pelagics	455
monotypic	455
perspire	455
uncleared	455
demineralization	455
engorgement	455
cervicitis	455
topographies	455
trustable	455
salubrious	455
ethnologist	455
timecards	455
speedways	455
irradiate	455
microphonic	455
interdistrict	455
rejuvenator	455
whinger	455
unsystematic	455
intrathoracic	455
shaitan	455
exterminates	455
stridor	455
concretions	455
marriageable	455
pocketknife	455
gannets	455
plumbago	455
imposture	455
backbreaking	455
unbaked	455
beevers	455
escribe	455
televisual	454
mutinous	454
witchwood	454
jabbering	454
descriptively	454
bondages	454
reportages	454
mastodons	454
pitchforks	454
ingrain	454
peremptorily	454
whirlwinds	454
despoiled	454
lugubrious	454
finishings	454
ringleaders	454
archons	454
geoduck	454
affronted	454
listlessly	454
multicentric	454
stowaways	454
curmudgeons	454
monorails	454
pneumococcus	454
ascospores	454
receptiveness	454
twelves	454
ringlet	454
altazimuth	454
eidetic	454
processer	454
scrutineers	454
bunghole	454
permeabilities	454
subpanel	454
pericarp	454
sickeningly	454
paleoanthropology	454
oxidases	454
flapjacks	454
recalculating	454
vigilantly	454
daintily	454
venereology	454
diglycerides	454
incurrence	454
disburses	454
spikers	454
carless	454
fairwater	454
pedicels	454
pastilles	454
spirochetes	454
chittering	454
formely	454
cyclers	454
racemes	454
burnable	454
tamperproof	454
pounces	454
exaction	454
contaminations	454
cowries	454
unlighted	454
rapiers	454
washstand	454
hypericin	454
insulins	454
overspread	454
stereogram	454
biltong	454
tumulus	454
kazakhstani	454
derogating	454
embedment	454
recreationists	454
piteously	454
alizarin	454
norming	454
acquittals	454
loanwords	454
touchless	454
covariation	454
superconductive	454
knickknacks	454
masochists	454
prickle	454
crouches	454
silting	454
synthesising	454
largess	454
solarization	454
perseveres	454
virulently	454
plenipotentiaries	454
snigger	454
atriums	454
overemphasis	454
insensibly	454
zingers	454
transacts	454
reawaken	454
parchments	454
proletarians	454
gemsbok	454
meadowland	454
dischargeable	454
colonizer	454
godchild	454
languishes	454
obstructionism	454
scotchman	454
spanker	454
cutworms	454
upholstering	454
ingratiating	454
lambasting	454
veining	454
poisoner	454
copperheads	454
reticulate	454
girdler	454
verdelho	454
geodynamic	454
delocalized	454
youngish	454
delegator	454
souffles	454
hailstone	454
hypothesizes	454
prodigiously	454
unerringly	454
inconveniently	454
crushable	454
liverwort	454
silversmithing	454
homages	454
coppinger	454
nonconventional	454
forewarning	454
oxblood	454
hematomas	454
uncharitable	454
fluorspar	454
articulately	454
inchworm	454
castigate	454
operculum	454
fixator	454
shiftless	454
normatively	454
visages	454
scatological	454
legitimization	454
subjoined	454
sandboxes	454
bluecoat	454
templer	454
opining	454
segmentations	454
lambdas	454
strengthener	454
larrikin	454
mentalists	454
pinworm	454
robinet	454
scripturally	454
overfilled	454
indivisibility	454
whimbrel	454
reflexologist	454
reshuffles	454
relaunching	454
runabouts	454
conviviality	454
kazakhs	454
territorially	454
mannish	454
crosscurrents	454
streamliner	454
ostentatiously	454
unvarying	454
oligodendroglioma	454
counterpoints	454
kimberlin	454
ampulla	454
unintuitive	454
interpretability	454
nominals	454
nitration	454
orgiastic	454
whereto	454
placentas	454
impasto	454
organotin	454
carbinol	454
cottagers	454
bloodroot	454
recents	454
moneylenders	454
voluble	454
cocotte	454
ingratiate	454
dialectology	454
sukiyaki	454
catfishes	454
studding	454
suckage	454
backfiring	454
nicaraguans	454
ingrowth	454
helpmate	454
buyable	454
granulator	454
hydrodynamical	454
prefabrication	454
rousers	454
spoofer	454
abjuration	454
unloving	454
misquotes	454
gloaming	454
contingently	454
pochard	454
isotopy	454
romanticize	454
adamantine	454
crotchety	454
consignees	454
hysterectomies	454
hydrobromide	454
plusses	454
progeria	454
cabriole	454
antigenicity	454
balking	454
decarboxylation	454
intones	454
mollies	454
bleaker	454
amnestic	454
overemphasize	454
preimage	454
minimizers	454
triethylamine	454
smarten	454
churchwarden	454
compositionally	454
demodulators	454
retuned	454
radiogenic	454
birefringent	454
masturbatory	454
transportability	454
confessionals	454
ravager	454
roulettes	454
editorializing	454
recertify	454
standees	454
inconspicuously	454
hierophant	454
goldies	454
calcaneal	454
irresolute	454
lumberyard	454
kerplunk	454
thirsts	454
gobblers	454
headnotes	454
smartness	454
aardvarks	454
bickers	454
tremolite	454
carnivalesque	454
tricolored	454
feiffer	454
essentiality	454
swished	454
stockcar	454
stuffiness	454
taberna	454
multistory	454
subintervals	454
breadwinners	454
opacification	454
spirometer	454
drumheads	454
excluder	454
mycelial	454
demotic	454
dioecious	454
evocations	454
solemnization	454
ethnographer	454
unsparing	454
manometers	454
plantlets	454
servery	454
interbreed	454
doubter	454
thinkable	454
epigenetics	454
countercurrent	453
humdinger	453
coquina	453
effrontery	453
redelivery	453
zanella	453
antimonopoly	453
akamatsu	453
bisecting	453
andalusite	453
trenchers	453
vacuity	453
diarists	453
pillared	453
queerest	453
impolitic	453
defiles	453
sharpies	453
tactless	453
tidiness	453
blabbing	453
tradables	453
comminuted	453
epaulets	453
indubitably	453
laccase	453
sabotages	453
counterbalancing	453
mottoes	453
slickest	453
prolifically	453
questioningly	453
generalship	453
kleptomania	453
debasing	453
caracara	453
zoonosis	453
unglamorous	453
prejudging	453
demurely	453
mailable	453
binnacle	453
anthraquinone	453
monkies	453
cryptically	453
appraises	453
slaters	453
stratiform	453
flailed	453
annotates	453
prettiness	453
usurpations	453
plebeians	453
aerodynamically	453
corruptor	453
eyeliners	453
stifler	453
altruist	453
groundsel	453
radicalization	453
meteoritics	453
greenhead	453
iconoclasts	453
ignatia	453
fascial	453
agglomerate	453
trigrams	453
afterburners	453
preordered	453
collagenous	453
eradicator	453
shufflers	453
prognostics	453
saturnine	453
adorably	453
librettist	453
attributive	453
homesteaded	453
hungering	453
blazingly	453
hallucinate	453
springboards	453
centerless	453
vascularization	453
segregates	453
unreasoning	453
thoughtlessness	453
belittles	453
radioactively	453
martialed	453
benzimidazoles	453
squelching	453
manipulable	453
abrogating	453
pashminas	453
baxters	453
replevin	453
betties	453
enchanters	453
crosshead	453
cannibalize	453
reshapes	453
sellouts	453
celestials	453
punkers	453
childishness	453
silverwing	453
kindergartner	453
metropolitans	453
revenged	453
radiantly	453
metalliferous	453
annulling	453
blackleg	453
spectroscope	453
fidalgo	453
apostleship	453
patrilineal	453
prohibitory	453
chinquapin	453
precipitators	453
carolines	453
swaging	453
tearooms	453
destine	453
premiss	453
forestalled	453
uncooled	453
converses	453
overstayed	453
purchasable	453
epiphyseal	453
pulldowns	453
phytologist	453
commonplaces	453
stockholding	453
tyrannizing	453
nuzzling	453
polygenic	453
ventrolateral	453
baritones	453
cueball	453
exonerates	453
relators	453
outwitted	453
quadruples	453
bespeak	453
chilvers	453
paralyzes	453
mandatorily	453
wedgies	453
unimodular	453
perming	453
curtails	453
diaconal	453
hellhound	453
deviancy	453
reconcilable	453
stonewood	453
dungaree	453
unbranched	453
ungrouped	453
synchronizers	453
additively	453
delaine	453
wheresoever	453
ecstatically	453
pacifying	453
saxophonists	453
cringes	453
squirmy	453
housemaster	453
witting	453
nectars	453
oolitic	453
reregister	453
verities	453
nondefense	453
compositors	453
nacelles	453
meddlesome	453
audibles	453
studbook	453
bustled	453
hyperglycemic	453
floodlighting	453
neckerchief	453
contravariant	453
yammering	453
ascertains	453
banishes	453
desecrating	453
bunkered	453
bandersnatch	453
uncontroverted	453
poltergeists	453
elongating	453
misgiving	453
indeedy	453
personalizes	453
consultee	453
canoeist	453
farthings	453
autograft	453
disfigure	453
shoemaking	453
soporific	453
margined	453
rancorous	453
agglomerated	453
catfishing	453
forsakes	453
berates	453
grumblings	453
pseudoscientific	453
millivolts	453
potboiler	453
primordium	453
trinitrate	453
depolarized	453
regimentals	453
theophany	453
frasers	453
propagandistic	453
melodeon	453
catalyses	453
intendant	453
kippers	453
psychometry	453
claymores	453
mattocks	453
borates	453
asymptotes	453
overeducated	453
chromatids	453
trollers	453
medicament	453
overheats	453
consistorial	453
binging	453
chequing	453
peccary	453
dramatizing	453
centromeres	453
lutetium	453
cinematograph	453
swiftest	453
backbiting	453
lethally	453
quodlibet	453
inscribing	453
confidants	453
soldado	453
unwonted	453
epiphysis	453
hackery	453
galactoside	453
blessedly	453
caracal	453
astonishes	453
wordlessly	453
brooklet	453
invigorates	453
winterization	453
clockmaker	453
filmstrips	453
frontalis	453
stencilling	453
lectureships	453
initiatory	452
recondite	452
microcosmic	452
clobbering	452
unstack	452
metallography	452
blunderbuss	452
sightless	452
chiselled	452
arboricultural	452
biopsychology	452
skitter	452
unprompted	452
ungodliness	452
whiteners	452
fluoresce	452
limonium	452
unconsidered	452
reconquest	452
enamelling	452
dumbness	452
copperleaf	452
brooder	452
fraternally	452
quintuplets	452
charmless	452
beholders	452
leakers	452
hydroxylated	452
winterberry	452
bluegills	452
invitingly	452
nucleases	452
gloated	452
cuirasses	452
amnesties	452
wearying	452
barwise	452
gerunds	452
defaulter	452
itemizing	452
straitened	452
catastrophism	452
disdainfully	452
mountainsides	452
unfulfilling	452
heathered	452
sidewinders	452
servitor	452
hobgoblins	452
chocked	452
franchiser	452
splicers	452
temblor	452
ingrate	452
newscasters	452
transgressor	452
autodidact	452
unvisited	452
centile	452
criterions	452
unreasonableness	452
purlins	452
fondues	452
salvadorans	452
fluidics	452
contect	452
entreating	452
discomforting	452
sanctifies	452
cuticular	452
longues	452
scenary	452
insensibility	452
rededicated	452
washerwoman	452
bleeders	452
caldron	452
thanksgivings	452
hemocyanin	452
numeros	452
androsterone	452
detonates	452
remanent	452
exuberantly	452
niobate	452
flowerpots	452
caymans	452
osteitis	452
rackers	452
noisemaker	452
holeman	452
handhold	452
transmural	452
detainment	452
befuddle	452
furriers	452
juggernauts	452
swabbing	452
vinification	452
declassify	452
playbacks	452
greenwoods	452
pinacle	452
remixers	452
pyroelectric	452
overprints	452
tarnishes	452
irreproachable	452
vaporizing	452
nepenthe	452
fermentable	452
flitter	452
intermixing	452
hypopituitarism	452
unexperienced	452
psaltery	452
sympathizes	452
corpuscle	452
minoring	452
barrowman	452
botella	452
sentimentalist	452
replacers	452
rebreathers	452
glauconite	452
thulium	452
glycerides	452
sublimate	452
pressies	452
pilferage	452
reverberant	452
doughter	452
escarole	452
inquisitions	452
breastplates	452
bowsprit	452
extrasensory	452
nippled	452
forelocks	452
lobules	452
laughingstock	452
interconversion	452
caoutchouc	452
quisling	452
pellagra	452
iterable	452
childishly	452
envying	452
decrementing	452
enquirers	452
trumping	452
austerities	452
spinnakers	452
choreographing	452
largeness	452
thundershowers	452
traumatizing	452
sandbank	452
granulate	452
ceremonially	452
shrimpers	452
hemlocks	452
hypnotically	452
conferment	452
passionless	452
kennerly	452
ultrafilter	452
weakfish	452
toolmaker	452
syllogisms	452
reunify	452
advisedly	452
bluffer	452
tangibles	452
chlorinator	452
oligarchic	452
postlude	452
preventers	452
tidally	452
plainness	452
thronging	452
wolfish	452
restorable	452
scrutineering	452
breakfasted	452
moralism	452
illiquidity	452
microevolution	452
jongleurs	452
interrupters	452
explant	452
dustbins	452
homestretch	452
overcompensating	452
subrogated	452
stenton	452
spitter	452
diatomite	452
stenography	452
squirms	452
macroscopically	452
dispiriting	452
universitys	452
etymologically	452
thermodynamical	452
adnexal	452
artcraft	452
churcher	452
intrepidity	452
almshouses	452
dropwise	452
untrammeled	452
goading	452
movieland	452
tegmental	452
affectations	452
expediently	452
ambients	452
filthiness	452
coaling	452
absolves	452
intersexed	452
counteroffensive	452
nepalis	452
spliting	452
fomented	452
limeade	452
unsporting	452
bucktail	452
concupiscence	452
crosier	452
imprisons	452
neuromas	452
longshoreman	452
woodcutting	452
oestrus	452
osteolysis	452
bloodstain	452
digitus	452
chlorotic	452
conjuncture	452
alkylated	452
editorialized	452
docility	452
sensorium	452
electrocute	452
idealize	452
perforator	452
clamshells	452
anteroposterior	452
nonpathogenic	452
purling	452
seppuku	452
dioptric	452
dollmaker	452
palmwoods	452
wretchedly	452
unpredicted	452
synergic	452
nosegay	452
serviceberry	452
fidgeted	452
inapplicability	452
euphonic	452
snakeroot	452
wattled	452
notionally	452
cankers	452
trooped	452
amphibolite	452
unamplified	452
deadened	452
carboys	452
behaviorists	452
presidencia	452
brimful	452
heliographic	452
pleasured	452
encumbering	452
slurped	452
seaways	452
gametophyte	452
indecisiveness	452
mistrusted	451
tartlets	451
altercations	451
gaffers	451
ecotypes	451
poncelet	451
saturnian	451
testudo	451
commencer	451
relabel	451
forwardly	451
warpage	451
quinacrine	451
cyclorama	451
atomism	451
trifluoride	451
standpipes	451
encryptions	451
assailing	451
overworld	451
schismatic	451
unseasonable	451
environics	451
expressionistic	451
minstrelsy	451
manacles	451
muscling	451
sensuously	451
parochialism	451
blitzing	451
desensitize	451
sobriquet	451
philologist	451
unenthusiastic	451
zygotes	451
recapped	451
gourami	451
poisonwood	451
nonlinearly	451
folkers	451
chaffing	451
metaphysic	451
megaloblastic	451
gerrymander	451
surette	451
unlettered	451
knockabout	451
pterosaur	451
unilateralist	451
prowled	451
fibered	451
hierarchal	451
overspill	451
stylers	451
gluttons	451
reinvestigation	451
stiched	451
buttoning	451
legitimizes	451
uninviting	451
superheat	451
melters	451
photoelectrons	451
flatfoot	451
anaerobically	451
dismaying	451
polygraphs	451
magnetize	451
tasseled	451
cosmogenic	451
desalting	451
lunette	451
dendrochronology	451
diagnostically	451
mummery	451
hieroglyph	451
slating	451
comeing	451
tragical	451
matriarchs	451
alkalines	451
hostiles	451
interstage	451
vesture	451
diminishment	451
triology	451
cakebread	451
linearize	451
bonderman	451
reformulating	451
electrothermal	451
invertase	451
bryozoans	451
profoundest	451
remands	451
reproachful	451
souders	451
coreless	451
prefigured	451
xenoliths	451
petulance	451
succotash	451
julienned	451
quadruplets	451
grovelling	451
tektite	451
hitless	451
companionable	451
gentles	451
diversely	451
kindliness	451
portugais	451
hypocritically	451
puckers	451
convulsively	451
scapulars	451
superpositions	451
pickler	451
enlistments	451
masterman	451
subcommission	451
retching	451
laudanum	451
residuum	451
winglets	451
significative	451
aversions	451
filberts	451
decontrol	451
servility	451
miscibility	451
intensifiers	451
misfiring	451
pylorus	451
berline	451
lassies	451
mogador	451
crossers	451
myofibrils	451
rarefaction	451
reclaimer	451
unendurable	451
lynnhaven	451
breezing	451
protozoal	451
bifurcate	451
explicitness	451
bookroom	451
medlars	451
moratoria	451
multilaterally	451
cassock	451
crooned	451
interrelatedness	451
overdubbed	451
stiffens	451
chalons	451
bustles	451
excommunicate	451
firebreak	451
timbale	451
proteger	451
remanence	451
reignite	451
enforcements	451
forewing	451
hypothesizing	451
stashing	451
interments	451
sleepyhead	451
disestablishment	451
takeing	451
preponderant	451
arabesques	451
bluebonnets	451
interposing	451
hurdler	451
holydays	451
pathless	451
divests	451
epiphyte	451
flatted	451
subducted	451
snowballed	451
amoebas	451
denature	451
scrimmages	451
recommand	451
whitebait	451
outsmarting	451
testate	451
pastored	451
trooping	451
invasively	451
dustman	451
antagonizes	451
oilskin	451
nonworking	451
ventriloquists	451
cyanotic	451
blancos	451
potentiating	451
gluteal	451
perspicacity	451
roseola	451
dehumanized	451
subinterval	451
outdrive	451
afterbirth	451
woolens	451
stridently	451
denudation	451
squeezy	451
nakedly	451
undulation	451
terrorizes	451
costars	451
outweighing	451
scrawls	451
relents	451
mathies	451
relatable	451
resettling	451
stashes	451
valuate	451
vascularized	451
polyarteritis	451
highroad	451
trimeric	451
whatevers	451
brassieres	451
castling	451
gondolier	451
transposes	451
agitates	451
etchers	451
flagships	451
inactives	451
ironmongers	451
ascendency	451
beeching	451
chugged	451
ammunitions	451
shovelling	451
valuator	451
monomethyl	451
glucuronic	451
aesthetician	451
matriculating	451
dockyards	451
thylacine	451
bryophyte	451
calvaria	451
bringers	451
stupefying	451
chondromalacia	451
courter	451
stampeding	451
flusher	451
pidgins	451
quintic	451
superordinate	451
actinomycosis	451
methemoglobinemia	451
printworks	451
popovers	451
approachability	451
stonewalled	451
bogeyed	451
requite	451
trialists	451
centaury	451
nonreactive	451
scuttles	451
mesothelial	451
layback	451
omnibuses	451
unwatched	451
alterity	451
beachcombers	451
swerves	451
windless	450
sanguinary	450
damselfish	450
rediscovers	450
shrimping	450
diabase	450
motherwort	450
inhalations	450
cashers	450
colorations	450
noncritical	450
methemoglobin	450
lexicographer	450
rehydrate	450
sleights	450
whooper	450
blackhearts	450
decompensation	450
thundercloud	450
tinning	450
choosed	450
possessives	450
triumvir	450
hydrator	450
endometritis	450
churchward	450
firmest	450
allemands	450
hairlines	450
spandrel	450
choirmaster	450
federates	450
sombreros	450
marbleized	450
inquisitiveness	450
obliques	450
liposarcoma	450
misconstrue	450
repotting	450
garling	450
conceptus	450
ophthalmoplegia	450
satiation	450
staunching	450
actinium	450
bethought	450
trimers	450
detriments	450
sidedness	450
hurtles	450
tramples	450
unidimensional	450
lampooned	450
abscond	450
flyways	450
descenders	450
centenaries	450
slipshod	450
tomatillos	450
foundering	450
disparages	450
defecating	450
disaggregating	450
euphemistic	450
belched	450
unilingual	450
recuperated	450
proscribing	450
angioma	450
berberine	450
singable	450
torqued	450
nonaqueous	450
jiggled	450
overmuch	450
cyclohexanone	450
sleekly	450
centenarian	450
diplexer	450
bearberry	450
transoms	450
nosology	450
jaggery	450
crocuses	450
clubroom	450
chastening	450
extubation	450
grosbeaks	450
translationally	450
responsively	450
homomorphic	450
contiguously	450
cadaverous	450
syenite	450
levelheaded	450
underwears	450
sculpturing	450
moldavite	450
colonics	450
contriving	450
viscometers	450
empiricists	450
hoofprints	450
manding	450
subantarctic	450
irritatingly	450
transformable	450
intertwines	450
counterattacks	450
slidably	450
echinococcus	450
boardinghouse	450
greediness	450
southeastward	450
psittacosis	450
reacquired	450
quinces	450
grazier	450
rebelliousness	450
bingeing	450
polyvinylidene	450
prefabs	450
theropods	450
constricts	450
preferment	450
sulfurous	450
bloodsucker	450
apostoli	450
flatlanders	450
unequipped	450
orangery	450
deriding	450
uproariously	450
besmirched	450
remounted	450
abstractness	450
harmonizer	450
agriculturalists	450
rehydrated	450
strewed	450
hoplite	450
cochineal	450
artifices	450
assenting	450
unsworn	450
centrales	450
usurious	450
coagulate	450
staller	450
planchet	450
presentiment	450
godparent	450
lacinia	450
sturdily	450
contort	450
governmentally	450
prosthetists	450
townlands	450
relegates	450
hyperkeratosis	450
pyridinium	450
cyclopean	450
astatic	450
diacetyl	450
parthenogenesis	450
censorious	450
hypoglossal	450
pulsator	450
workhouses	450
sestina	450
swiveled	450
malodorous	450
eggless	450
transatlanticism	450
noontide	450
maquettes	450
recurved	450
pranced	450
supernature	450
articulable	450
theosophists	450
formants	450
triazines	450
bobbies	450
standage	450
whelped	450
salutatorian	450
argillite	450
riffraff	450
sickroom	450
victorine	450
florilegium	450
semisolid	450
frontotemporal	450
roughening	450
braziers	450
brownout	450
salsify	450
defeatists	450
careerist	450
weatherboard	450
bassets	450
lariats	450
possessiveness	450
emancipating	450
custodianship	450
sociologically	450
glowering	450
reframed	450
suppliants	450
polygamists	450
privies	450
underfill	450
suffragettes	450
lubricators	450
kneeler	450
dissociating	450
nominalism	450
lathered	450
soirees	450
preshow	450
sweetbreads	450
desirably	450
schemed	450
transmissibility	450
biosocial	450
durational	450
symbiote	450
disentangled	450
vouches	450
sericulture	450
thorner	450
conservancies	450
unindexed	450
clappers	450
equalizes	450
lyonnaise	450
fruitlessly	450
unbeknown	450
serbians	450
photoplay	450
braehead	450
piggery	450
sharecropping	450
callboy	450
cucurbits	450
romancer	450
chloroformed	450
crocodilians	450
nucleate	450
homogenize	450
dextrin	450
minuted	450
outdoes	450
duchies	450
overbid	450
cuirass	450
middens	450
annatto	450
clavering	450
unsearchable	450
crepuscular	450
aphasic	450
exoteric	450
ferments	450
actioner	450
slather	450
unrewarding	450
crossbeam	450
kindhearted	450
pinkeye	450
carburator	450
enthronement	450
triquetra	450
sawhorse	450
adverting	450
hireling	449
overweening	449
isoamyl	449
corduroys	449
margarines	449
spirally	449
stannous	449
subalgebras	449
odontology	449
compartmentalize	449
dislocate	449
frankfurters	449
predetermine	449
abruptness	449
defrocked	449
syncline	449
monophasic	449
unhealthful	449
burster	449
ecotype	449
maladroit	449
beatable	449
formalistic	449
sensationalized	449
archenemy	449
westing	449
tripeptide	449
scalings	449
oxygens	449
flibbertigibbet	449
irrelevancy	449
nephrogenic	449
tachograph	449
conformists	449
pandita	449
micturition	449
regicide	449
allusive	449
underplayed	449
bandmaster	449
semitrailers	449
chiefdom	449
polytheists	449
chiasmus	449
mainsheet	449
blubbering	449
recuperative	449
experiencer	449
reproductively	449
androgenetic	449
miniver	449
indecently	449
davening	449
interminably	449
touchingly	449
doctrinally	449
paraxial	449
noncommunicable	449
militates	449
crinkly	449
venezolano	449
servomotors	449
bloodsuckers	449
industriously	449
outstand	449
confusedly	449
truncations	449
trypanosome	449
pigface	449
leaderless	449
nosepiece	449
brutalities	449
hangnail	449
obscurities	449
orangewood	449
thwaite	449
necklines	449
malignity	449
vaulter	449
asterisked	449
chronicity	449
mounding	449
quitely	449
sibylla	449
crouton	449
adjudicates	449
rookeries	449
blackcap	449
cicatrix	449
crudest	449
pasturage	449
acquiescing	449
reinstatements	449
puttering	449
stemless	449
massacring	449
perfusate	449
honeycombs	449
cutaways	449
tideland	449
blastomycosis	449
variegation	449
sensationally	449
adjudge	449
smarted	449
mounded	449
interchurch	449
paroxysms	449
unburdened	449
isoperimetric	449
shakiness	449
beveling	449
leftwards	449
cartilages	449
impersonates	449
mirthful	449
crummer	449
sauropods	449
leasable	449
trochanter	449
discreteness	449
quincunx	449
photosynthetically	449
trypsinogen	449
galvanometer	449
cataclysms	449
colorists	449
vitalize	449
reformations	449
glasswork	449
anthropoid	449
longbows	449
blowgun	449
virally	449
creditability	449
graceless	449
slinking	449
interstitials	449
interdental	449
disrobe	449
unlikable	449
hurlock	449
shoesmith	449
reanalyzed	449
fluffies	449
distressingly	449
reignited	449
nonporous	449
brocades	449
lexicographical	449
urbanite	449
slouchy	449
ennobling	449
acanthosis	449
saltpeter	449
carriageways	449
accretionary	449
swaddled	449
ministerium	449
jettisoning	449
synastry	449
cellularity	449
pleasanter	449
creepiness	449
falseness	449
wearability	449
whirligigs	449
quantizing	449
metallizing	449
badgered	449
betimes	449
esslinger	449
spikenard	449
renascence	449
haricot	449
vilifying	449
instable	449
consonantal	449
fifthly	449
incommensurable	449
wallman	449
procurer	449
sequiturs	449
hellebores	449
actualizing	449
omnivision	449
alpenglow	449
malefactors	449
windstorms	449
reveres	449
beamers	449
transcribes	449
biodynamics	449
nonpolitical	449
hypocrisies	449
handmaids	449
nincompoop	449
thermoses	449
spidery	449
footpad	449
deposes	449
pressurizing	449
hopeing	449
dilates	449
cannulas	449
exoticism	449
unscriptural	449
chaloner	449
praecox	449
reacquisition	449
columella	449
hypochondriasis	449
portioned	449
supergiant	449
catchwords	449
deliberates	449
anamnesis	449
dewdrops	449
siciliana	449
dogmatics	449
implausibly	449
twitter	449
didymus	449
subrange	449
angiosarcoma	449
offsprings	449
unrooted	449
adeptly	449
conquerer	449
tetrameric	449
irreverently	449
procrastinated	449
misjudge	449
gibbering	449
stiffest	449
nonmarital	449
dowsers	449
prehensile	449
freewheelers	449
gunnels	449
worster	449
protozoans	449
revengeful	449
pinballs	449
trinomial	449
interdicted	449
suppliant	448
monotonously	448
themselfs	448
benignly	448
breccias	448
outcrossing	448
vedette	448
radioman	448
marcels	448
phenolphthalein	448
gratefulness	448
prewashed	448
sauntering	448
annulments	448
hornbills	448
kissers	448
resurrections	448
lavaliere	448
traditionals	448
virtualizing	448
panhandlers	448
nociceptors	448
dedicatory	448
millennials	448
typographer	448
venules	448
biomathematics	448
endophyte	448
murrelets	448
involute	448
scabrous	448
percolates	448
inexpedient	448
uncreative	448
verifiably	448
suffragan	448
oceanology	448
confiscations	448
chateaus	448
untutored	448
snowmobiler	448
pureness	448
declaratively	448
souring	448
aftertouch	448
enshrouded	448
forbears	448
grinded	448
whiteware	448
transnationals	448
expeller	448
exulted	448
differentia	448
overlie	448
downhills	448
uninfluenced	448
questionably	448
outnumbering	448
electromedical	448
organoleptic	448
selectees	448
smolder	448
guesser	448
tempora	448
pulverize	448
pealing	448
latently	448
observationally	448
teletypewriter	448
reasserting	448
quoniam	448
inceptions	448
homonymous	448
winching	448
stipules	448
leathern	448
ecclesiastics	448
logisticians	448
interceded	448
nonnegotiable	448
corvina	448
whiskeys	448
impugning	448
commandery	448
matalan	448
intelligibly	448
verticality	448
enzootic	448
democratized	448
mooting	448
experimentations	448
garfish	448
craftily	448
housefly	448
culverhouse	448
subscripted	448
antipodal	448
chaplets	448
familiarizes	448
flatlander	448
petrological	448
finagle	448
consciousnesses	448
hemophiliacs	448
interindividual	448
radiologically	448
hymnody	448
reviver	448
inhabitable	448
prestation	448
lawbook	448
servomotor	448
listenings	448
disclaiming	448
queening	448
lithographers	448
viviparous	448
braccio	448
guffaws	448
syzygium	448
ologies	448
zambians	448
copters	448
progenies	448
impasses	448
waltzed	448
centerboard	448
crappiest	448
specker	448
musketry	448
dicarboxylate	448
chemoreceptors	448
filmgoers	448
daguerreotypes	448
sputters	448
decapitate	448
counterrevolution	448
spattering	448
measurability	448
enfranchised	448
mesmerism	448
samhita	448
catling	448
inequivalent	448
gurnard	448
carrack	448
prancer	448
roofies	448
leavings	448
polyarthritis	448
innuendoes	448
casements	448
enshrining	448
clinometer	448
eatable	448
objectivists	448
selectee	448
wallwork	448
incorporator	448
churchyards	448
hydrocele	448
flattener	448
ferroalloy	448
pulverizing	448
billeted	448
boatloads	448
submissiveness	448
lionesses	448
foraged	448
empirics	448
disinterestedness	448
endodontist	448
ideational	448
hexapods	448
blaspheming	448
monotypes	448
fishable	448
glaister	448
expectoration	448
unsearched	448
reformism	448
interschool	448
bushbuck	448
spinous	448
pulverizer	448
pantheistic	448
catapulting	448
tubercular	448
stewarding	448
misbehaves	448
chondrules	448
bronchioles	448
symphysis	448
hostler	448
slumbered	448
cuneate	448
glucosides	448
heartbreakingly	448
unsurpassable	448
hyperemesis	448
flagellates	448
quartette	448
fleshes	448
deducible	448
comptrollers	448
despairs	448
irredeemable	448
phosphoryl	448
deictic	448
ameliorates	448
delocalization	448
intersystem	448
psychokinetic	448
interdictor	448
waterproofed	448
brusquely	448
intercounty	448
moonwalker	448
rankled	448
agglomerates	448
nonconformists	448
prelaunch	448
intonations	448
unsynchronized	448
morticians	448
incinerating	448
scandalously	448
slickly	448
diluents	448
evangelium	448
misfeasance	448
cyclotomic	448
oarsman	448
sorrels	448
shelduck	448
torchbearer	448
expedience	448
misfired	448
presidentially	448
metallicities	448
meteoroid	448
reproachfully	448
chorals	448
publicizes	448
wineskins	448
demonstratives	448
codpiece	448
portages	448
epileptiform	448
roulade	448
rivalling	448
coumarins	448
copulating	448
metalworks	448
futilely	448
inundating	448
threadfin	448
unshaded	448
offensiveness	448
practicably	448
hygienically	448
osteodystrophy	448
tributing	448
vomeronasal	448
crowbars	448
hooding	448
multijet	448
colombier	448
mallows	448
heatherly	448
hoodwink	448
sadists	448
emulsification	448
distrusts	448
alkylene	448
antibacterials	448
covenanters	448
splurged	447
hoodman	447
racoons	447
undersize	447
delusive	447
sepulchral	447
reasserts	447
fantast	447
navicula	447
decompensated	447
subtending	447
reselect	447
cogitation	447
bedpost	447
complexly	447
bombards	447
salling	447
elderberries	447
groundmass	447
parfaits	447
fourscore	447
singlehood	447
specialness	447
blackstrap	447
intranuclear	447
misdeed	447
relabeling	447
jaggies	447
auspice	447
schlieren	447
oversimplifying	447
codefendant	447
proctitis	447
samurais	447
redtail	447
characterful	447
mawkish	447
diathesis	447
saltiness	447
blepharospasm	447
disabuse	447
wheelwrights	447
scribblers	447
millibar	447
postulation	447
masqueraded	447
deceitfully	447
wallowed	447
unrewarded	447
recompensed	447
platens	447
stephanos	447
graininess	447
retellings	447
fluidization	447
nervine	447
chamberlains	447
balloonist	447
gantries	447
mestizos	447
extractives	447
viaducts	447
disgracefully	447
hematologist	447
fruitiness	447
manches	447
chakram	447
marrieds	447
rambutan	447
psychokinesis	447
grisons	447
leanest	447
scratchboard	447
spectrographic	447
experimentalist	447
disengages	447
subjectivities	447
lamentably	447
hellions	447
univalent	447
asexually	447
purgative	447
undulate	447
westerlies	447
tantras	447
trichomes	447
gobelins	447
cribbed	447
effectuating	447
overtop	447
sunward	447
rerunning	447
hogweed	447
virtuosos	447
hierarchs	447
braggart	447
mesophilic	447
instancing	447
cordierite	447
booters	447
felicitations	447
kiloton	447
indisposition	447
squints	447
retarders	447
forlornly	447
hinderance	447
postdated	447
mithridates	447
nutriment	447
dishcloth	447
intercedes	447
patentees	447
rampages	447
annelids	447
boneheaded	447
horrify	447
healthiness	447
underpriced	447
unkindness	447
parachutists	447
flatulent	447
daubers	447
sensationalistic	447
domiciles	447
multifold	447
hyperelliptic	447
salvific	447
undermanned	447
moister	447
changelings	447
shampooer	447
unfurls	447
exudation	447
haunter	447
tabbies	447
translocate	447
ransacking	447
rascally	447
chastises	447
chersonese	447
discriminators	447
matchers	447
chevening	447
tautologies	447
defenestration	447
redeploying	447
modulars	447
vitalizing	447
drinked	447
printery	447
whippersnapper	447
worktime	447
pearling	447
negativism	447
subsuming	447
genuflect	447
strumpet	447
boggart	447
tommies	447
zigzags	447
crystallins	447
micropore	447
sassafrass	447
venality	447
machinable	447
hearses	447
microcosmos	447
nonoverlapping	447
uncrossed	447
salines	447
systematization	447
realigns	447
precariousness	447
discoursed	447
capsids	447
subaccounts	447
unreconstructed	447
electrometer	447
dysphonia	447
buildups	447
diversifies	447
ratable	447
agnosia	447
twitchers	447
regrade	447
nihilists	447
blighting	447
dithers	447
lithographer	447
commissure	447
ricocheted	447
vileness	447
soldados	447
occlude	447
retaliates	447
outcries	447
dehumanize	447
unbuckled	447
rubeola	447
tricalcium	447
porites	447
breadboards	447
stampeded	447
taxonomically	447
centrals	447
whippings	447
dogfights	447
unassociated	447
debacles	447
cupidity	447
electrosurgery	447
toxigenic	447
bibliophiles	447
myelination	447
soundest	447
brighteners	447
frivolously	447
absolving	447
risings	447
heatedly	447
egomaniac	447
forelimbs	447
tektites	447
triplane	447
milliamps	447
quiddity	447
gilling	447
tonometry	447
trundles	447
wethers	447
avoider	447
paraiba	447
truculent	447
wollastonite	447
quadruplex	447
illimitable	447
phosphonic	447
pulvinar	447
forbearing	447
marimbas	447
parented	447
interjects	447
billman	447
parboiled	447
provine	447
potentates	447
serrations	447
impounds	447
urgings	447
cigarillos	447
glassmaking	447
osteoid	447
nonparticipants	447
swabbed	447
impetuosity	447
stonecutter	447
encomium	447
paragraphing	447
interactionism	447
catabolite	447
suthers	447
overrepresentation	447
basidiomycetes	447
exorcising	447
bluejacket	447
theodolites	447
tetrode	447
coccidia	447
populars	447
fiascos	447
fusilier	447
querulous	447
superfamilies	447
hickeys	447
ordinariness	446
pemmican	446
discomfited	446
aligners	446
repressions	446
forestalling	446
deadeye	446
supplants	446
pellicle	446
disorientated	446
spermatids	446
basally	446
foliate	446
derivates	446
backplates	446
sulphurous	446
librettos	446
parterre	446
overexpress	446
percolated	446
yemenis	446
suffragists	446
untypical	446
vulcanization	446
pedicab	446
unwelcoming	446
cucurbit	446
dovetailing	446
pinkies	446
humiliates	446
billowed	446
subtile	446
foredeck	446
enfolded	446
eparchy	446
classificatory	446
xenophobe	446
burette	446
canneries	446
orangey	446
buckaroos	446
beatties	446
diagrammatically	446
elephantiasis	446
illusionists	446
stockinger	446
capuchins	446
exfoliative	446
consecrating	446
detestation	446
californium	446
disinfects	446
decomposers	446
chippings	446
unbuttoning	446
vigilantism	446
brambly	446
proscriptions	446
muzzling	446
definability	446
paranoiac	446
retyped	446
deaneries	446
rudderless	446
reauthorizing	446
adviced	446
saturations	446
infinitude	446
carpetbaggers	446
unchristian	446
primarly	446
thudding	446
criminologists	446
sifters	446
calendering	446
phlogiston	446
earthiness	446
lamella	446
unwaged	446
leatherneck	446
stabbings	446
phosphonate	446
innominate	446
browbeat	446
monitory	446
proscribes	446
hesperidin	446
stender	446
nonjudicial	446
castable	446
hotspurs	446
scuffling	446
slinkies	446
polychaetes	446
commotions	446
unfoldment	446
epilation	446
linework	446
craning	446
fumigating	446
foreing	446
kinking	446
palaeography	446
indistinctly	446
neuters	446
panhandler	446
kilovolt	446
flaggers	446
playrooms	446
itemizes	446
metastability	446
insultingly	446
normies	446
reiners	446
thalamocortical	446
apeiron	446
preventions	446
stockers	446
chiefest	446
legatee	446
casuistry	446
hyperemia	446
bailers	446
footwears	446
crematoriums	446
imbuing	446
thrashes	446
hardeners	446
cherrys	446
sesquiterpenes	446
unpermitted	446
polypharmacy	446
verbalized	446
ghettoes	446
unmarketable	446
decipherment	446
postglacial	446
forecloses	446
anaphylactoid	446
siderite	446
catkins	446
lavenders	446
purposing	446
indenter	446
staving	446
suppling	446
fricassee	446
rebalanced	446
justness	446
rotifer	446
proteinaceous	446
careened	446
mulberries	446
photometers	446
simpering	446
soothsayers	446
gyratory	446
reoccuring	446
charwoman	446
premierships	446
blueness	446
nitriding	446
glowworm	446
contortionists	446
resalable	446
unpatented	446
walkaway	446
subtribe	446
chasseurs	446
equipotential	446
inspirit	446
electrochemically	446
countersign	446
pinacoteca	446
saimiri	446
somnambulist	446
prepaying	446
pluperfect	446
smoothers	446
literalist	446
retests	446
hemiparesis	446
razzies	446
earaches	446
catechumens	446
camming	446
citizenships	446
autoerotic	446
deamination	446
confabulation	446
balladry	446
weirded	446
recolonization	446
tattletale	446
spluttered	446
silverbacks	446
agglutinins	446
stubbing	446
basilicas	446
corroboree	446
drumlin	446
eldership	446
glinted	446
foregrounds	446
piddling	446
turfing	446
supervisions	446
aesthete	446
overindulgence	446
emptier	446
spermatocytes	446
fallowing	446
lowliness	446
ethnographers	446
incongruities	446
unaccredited	446
nomenclatures	446
autogenic	446
papillomas	446
catchings	446
trivializing	446
mignons	446
trundled	446
subindex	446
musicologists	446
desolated	446
individuated	446
flagellate	446
sargassum	446
kindles	446
gherkins	446
stenotype	446
reutter	446
condescendingly	446
pianissimo	446
bolometric	446
homozygosity	446
falchion	446
asperity	446
frangible	446
evolutive	446
sumners	446
impalement	446
lymphotoxin	446
guanaco	446
effulgence	446
banisters	446
extricating	446
cosmopolitans	446
nonmetals	446
hesitatingly	446
metazoans	446
pensively	446
thoracolumbar	446
scouser	446
pontiffs	446
pressel	446
bitties	445
tartness	445
shoaling	445
zigzagging	445
livered	445
actinolite	445
disavowal	445
intermetallics	445
layovers	445
meretricious	445
fascinatingly	445
pimiento	445
animistic	445
ternate	445
recalculates	445
reinsertion	445
promiscuously	445
megacolon	445
demagogic	445
myoblast	445
stenner	445
overset	445
soupcon	445
repetitiveness	445
circumferentially	445
seegers	445
supernovas	445
briquette	445
macerated	445
lathers	445
collaterally	445
vaginismus	445
transplantable	445
alterable	445
larghetto	445
concilium	445
oatcakes	445
galloways	445
shiplap	445
cabalist	445
mileposts	445
chaotically	445
transplantations	445
gamekeepers	445
humidifying	445
cinquecento	445
extroversion	445
deputized	445
hydroforming	445
icelander	445
autocrats	445
retraces	445
undefinable	445
quacked	445
disparagingly	445
bridgers	445
heelers	445
renegotiations	445
untestable	445
scorning	445
incarcerating	445
oxygenating	445
boneheads	445
stationeries	445
berliners	445
simpletons	445
pestles	445
phycology	445
semiring	445
wenning	445
whippers	445
undercapitalized	445
censers	445
reciter	445
drainers	445
headstall	445
trifled	445
abaxial	445
prunings	445
cognacs	445
filamentary	445
chalcone	445
rarebit	445
creepier	445
mutinies	445
delightedly	445
chimerical	445
glowingly	445
autocatalytic	445
hempseed	445
importunate	445
seemlessly	445
disgraces	445
inebriation	445
aestheticism	445
mistranslation	445
expansively	445
housetop	445
redefinitions	445
footholds	445
fumaric	445
sundowns	445
bettinger	445
mixolydian	445
agitations	445
sunbonnet	445
piratical	445
pointlessness	445
dreadnoughts	445
pelorus	445
damnedest	445
indigence	445
acquirement	445
hysteretic	445
bonking	445
relativists	445
coronagraph	445
billowy	445
repletion	445
suzerainty	445
shalwar	445
keleher	445
lewisite	445
intersegmental	445
killinger	445
expectedly	445
lectotype	445
halfhearted	445
helmers	445
noisette	445
imperturbable	445
pillager	445
subleasing	445
reconstructor	445
caravanserai	445
cenacle	445
milliners	445
phonation	445
wakering	445
shindler	445
wheater	445
chancer	445
copacetic	445
commercializes	445
vacillation	445
scaphoid	445
toilers	445
heathenism	445
weaklings	445
regimentation	445
contrasty	445
sonification	445
unredeemed	445
phonologically	445
mesothelium	445
dramatizations	445
singsong	445
subluxations	445
pugilist	445
overthrows	445
facetiously	445
calandria	445
ingathering	445
runnells	445
beaching	445
cesspools	445
sparser	445
marmosets	445
catlins	445
extrapolates	445
thermotherapy	445
deceitfulness	445
metallographic	445
propositioned	445
frisked	445
exfoliated	445
scarman	445
relisting	445
procedurals	445
azelaic	445
sardonically	445
disdains	445
pediculosis	445
strongbox	445
destabilizes	445
misreported	445
desiccants	445
photocells	445
spectroscopies	445
chokecherry	445
stonewalls	445
starrer	445
gastronomical	445
huskily	445
osteochondritis	445
pauldrons	445
unwarrantable	445
chrysocolla	445
friskies	445
glowered	445
curates	445
ejectment	445
falconers	445
irrigations	445
ventromedial	445
furbished	445
interbody	445
cytotoxin	445
demarcations	445
instatement	445
unfenced	445
determinist	445
sinoatrial	445
syncretic	445
barraged	445
whelmed	445
shipwrights	445
coiffed	445
daalder	445
heterodoxy	445
truncheon	445
threaders	445
graduands	445
transcendentalist	445
verruca	445
keratoses	445
yowling	445
cardplayer	445
squarish	445
milliards	445
arithmetically	445
unlovely	445
aneuploid	445
plenteous	445
oversaturated	445
rushers	445
hydrazide	445
uncorrectable	445
debauch	445
lampooning	445
dormition	445
skimping	445
francisc	445
undecideds	445
cyanotype	445
torquing	445
swaddlers	445
kinematically	445
parsecs	445
circulant	444
splotch	444
unrehearsed	444
flamboyance	444
holocausts	444
meiling	444
bumbles	444
microclimates	444
vegetatively	444
imperatively	444
torpedos	444
embryological	444
stenning	444
blanker	444
ratites	444
sunnies	444
breadmaking	444
pennyworth	444
mainlanders	444
crofter	444
undeleted	444
tankage	444
ravening	444
profunda	444
corrodes	444
carcanet	444
coeditor	444
abutters	444
exorbitantly	444
superstate	444
customhouse	444
methought	444
foulest	444
reindeers	444
rigmarole	444
renominated	444
gurdwaras	444
reanimated	444
relatedly	444
audibility	444
pinfall	444
azerbaijanis	444
dragoman	444
economizing	444
cogency	444
mellowing	444
receiverships	444
subheads	444
belugas	444
butterfish	444
exudative	444
epidemiologically	444
convalescing	444
marling	444
deadend	444
songster	444
legitimating	444
affrighted	444
ferulic	444
supersession	444
lushness	444
mulcher	444
unsocial	444
vertiginous	444
thermae	444
electrocardiograph	444
commingle	444
cheapened	444
methacrylates	444
dejectedly	444
brisker	444
crawdad	444
pictographic	444
substitutionary	444
extensors	444
proteges	444
thugged	444
sailcloth	444
pinworms	444
suggestibility	444
brierly	444
reposing	444
undereducated	444
doubloons	444
mitting	444
dexters	444
salthouse	444
lathering	444
variabilities	444
chapmans	444
patristics	444
gossypol	444
hypopharyngeal	444
keening	444
phlegmatic	444
inbreds	444
premolar	444
wringers	444
institutionalist	444
pyrogen	444
mightest	444
leatherbacks	444
reschedules	444
cohesively	444
prickles	444
dispossess	444
bimolecular	444
cadette	444
figurations	444
tailpieces	444
hemorrhoidal	444
lanthanides	444
satirists	444
lactide	444
curlews	444
languorous	444
weldments	444
electrohydraulic	444
spiralled	444
inarguably	444
tweezing	444
dishonors	444
yoghurts	444
autonomist	444
barnstormers	444
wattmeter	444
vulvovaginal	444
dicotyledons	444
foulness	444
mackler	444
osteoma	444
thermopile	444
dysgenesis	444
satisficing	444
slithery	444
silversides	444
buttstock	444
revisioning	444
supernaturals	444
calumnies	444
pointillism	444
scythes	444
bricken	444
fermentum	444
shirked	444
pterygium	444
aerodyne	444
hydrologically	444
haltingly	444
tarsier	444
overstressed	444
evangelized	444
interceding	444
subdivides	444
posterolateral	444
submucosa	444
reclaimers	444
cheapens	444
overdetermined	444
disapprobation	444
propitiate	444
bruisers	444
bejewelled	444
tryptase	444
usurpers	444
archdeaconry	444
spoonbills	444
undergird	444
epileptics	444
vulpine	444
telemetric	444
inspirer	444
dabbing	444
reticles	444
gainsay	444
healthfully	444
ambrosial	444
productivities	444
lacewing	444
pinewoods	444
subducting	444
phenomenologically	444
restrictively	444
subjugating	444
waggish	444
dullard	444
whitebark	444
synecdoche	444
phagocyte	444
stearyl	444
provender	444
jennies	444
advancers	444
callies	444
deuterons	444
candelas	444
medievalism	444
infeasibility	444
moonstones	444
matronly	444
dolomitic	444
scorchers	444
tiddler	444
soakers	444
millenniums	444
prognosticator	444
overawed	444
ungracious	444
bellhousing	444
diffusible	444
filleted	444
protuberances	444
neutralizers	444
flippantly	444
holidaymaker	444
pancreatectomy	444
limonite	444
optionals	444
phimosis	444
carbureted	444
straightest	444
reasoners	444
airworthy	444
relenting	444
underskirt	444
earthers	444
skittering	444
squinty	444
platers	444
sulfanilamide	444
wangled	444
cumulant	444
gneisses	444
satirized	444
sluices	444
confiscates	444
vendettas	444
fundamentalisms	444
vulgarities	444
theoria	444
nabbing	444
cylindric	444
tattooist	444
aureate	444
bedevil	444
vespertine	444
basophilic	444
balbriggan	444
birational	444
menadione	444
instigates	444
antiphonal	444
leanness	444
trapezoids	444
prepuce	444
celestina	444
hartebeest	444
urolithiasis	444
solubilities	444
prospection	444
scratchcards	444
undershoot	444
equable	443
undreamed	443
sclater	443
oppressively	443
evildoer	443
historics	443
yummies	443
handcart	443
germinates	443
girdling	443
doggers	443
cisterna	443
backpedaling	443
novelistic	443
acidifying	443
matrics	443
praesidium	443
microbalance	443
anaerobe	443
loveman	443
chortled	443
unthinkingly	443
abdicating	443
hemoglobinuria	443
acquits	443
scuffles	443
adsorbing	443
moonscape	443
shortsightedness	443
workrooms	443
indulgently	443
proximo	443
brainers	443
doorposts	443
midafternoon	443
whimsey	443
ureteric	443
describer	443
immortalization	443
odorants	443
victimizing	443
caudata	443
saponification	443
snuffles	443
nulling	443
superfluity	443
endobronchial	443
tintype	443
cremate	443
decontaminating	443
hypertrophied	443
pantalon	443
raptured	443
molestations	443
cocooned	443
mementoes	443
periosteum	443
tricorn	443
blissed	443
gossiped	443
birchbark	443
sembler	443
fixating	443
anabolism	443
tetroxide	443
gracile	443
premolars	443
typicality	443
pintado	443
generalissimo	443
muriatic	443
coquettish	443
mercantilist	443
corrugations	443
worriedly	443
unenclosed	443
excising	443
vaporizes	443
zoisite	443
subvariety	443
anticyclonic	443
expiate	443
uneventfully	443
seasonably	443
calculational	443
outcaste	443
commiseration	443
deportee	443
overshoots	443
entrain	443
mechanistically	443
summited	443
counterpoise	443
potbellied	443
inquiringly	443
dilations	443
hypopharynx	443
cultish	443
recirculate	443
incriminated	443
apprehends	443
premixes	443
alkermes	443
redescription	443
myogenesis	443
multigraph	443
deglaciation	443
mutineer	443
greensand	443
pietism	443
penitentiaries	443
sailmaker	443
commendably	443
osteosynthesis	443
mudding	443
sulfatase	443
berning	443
panders	443
maladjustment	443
insecurely	443
alphanumerics	443
tinamou	443
berrier	443
perceptively	443
druggies	443
dollops	443
intersperse	443
innervate	443
sardonyx	443
unmeasurable	443
ingests	443
proliferates	443
polyploid	443
tongans	443
fecking	443
blackeyed	443
steelworker	443
mortising	443
outgrowths	443
winterized	443
clobbers	443
unfeigned	443
impalpable	443
synchronizations	443
murmurings	443
housebuilders	443
scattergood	443
sacaton	443
chartists	443
surinamese	443
causalities	443
conjointly	443
cottonmouth	443
didactical	443
theosophist	443
digressing	443
excitements	443
milkers	443
equatorward	443
comeliness	443
imponderables	443
tweedledum	443
symbolization	443
cowshed	443
salmagundi	443
unsubtle	443
tricyclics	443
grossness	443
mukluks	443
assayer	443
findable	443
grinner	443
hoplites	443
particularism	443
chayote	443
toughens	443
gravers	443
carefulness	443
subthalamic	443
chaperoned	443
symptomatically	443
imbedding	443
astatine	443
morillon	443
moralities	443
cittern	443
updrafts	443
recapitulates	443
hustles	443
groundworks	443
implodes	443
intermunicipal	443
vaporous	443
seigneurs	443
admixed	443
touchwood	443
prevarication	443
nonmalignant	443
sourness	443
tartlet	443
acidemia	443
stickle	443
respirations	443
unproduced	443
trimethylamine	443
toilsome	443
proprieties	443
listlessness	443
mesencephalic	443
somnolent	443
antipyretic	443
basilic	443
ahmadis	443
stenotic	443
buggering	443
concourses	443
sibilant	443
canopic	443
sigatoka	443
balloted	443
scarers	443
feldspars	443
periosteal	443
holdovers	443
mortify	443
tingler	443
tourniquets	443
cabooses	443
azimuths	443
signaller	443
scathingly	443
unrequested	443
unstudied	443
unhallowed	443
popover	443
injudicious	443
architrave	443
quaternionic	443
remonstrances	443
beriberi	443
hawkweed	443
reintegrating	443
uninterruptedly	443
planisphere	443
angolans	443
elasmobranch	443
confluences	443
greasers	443
resurvey	443
scratchcard	443
stucker	443
hagfish	443
playscripts	443
unmanly	443
kilotons	443
cookhouse	443
anhedonia	443
encinas	443
forebodings	443
responsory	443
armamentarium	443
phosphatic	443
stippling	443
clacking	443
croppers	443
cumulants	443
fickleness	443
disbands	443
shortchange	443
originalist	443
provenances	443
satinwood	443
earling	443
delimits	443
unsheathed	442
watchwords	442
anthologized	442
degradative	442
senselessly	442
assortative	442
unethically	442
hammerman	442
prognosticators	442
windrows	442
jewfish	442
perfecter	442
reactively	442
divinations	442
flotillas	442
squirrelly	442
confiscatory	442
inspectional	442
twirlers	442
unobjectionable	442
dualling	442
indigents	442
specificly	442
dismounts	442
overcomers	442
orthognathic	442
seismometers	442
posteriors	442
azoospermia	442
climatically	442
operettas	442
cryogen	442
schists	442
plateaued	442
aquilino	442
towelette	442
sarcomere	442
unfussy	442
condylar	442
scentless	442
steepening	442
neuroblasts	442
impulsion	442
motorization	442
roamers	442
seesaws	442
pinprick	442
eclairs	442
headgears	442
overactivity	442
vicinal	442
northerns	442
treasuring	442
triangulating	442
upsides	442
incongruously	442
intercensal	442
skeeters	442
malvasia	442
acclimatized	442
sarcoid	442
agreeableness	442
nebulosity	442
stemple	442
stickball	442
votaries	442
pinking	442
tetrapods	442
factious	442
athymic	442
rebrands	442
punchers	442
necessar	442
pantheons	442
microfossils	442
forewords	442
provincialism	442
perforators	442
shabbily	442
paranoids	442
kamikazes	442
pinguicula	442
aesthetical	442
hydrometric	442
palaeoclimatology	442
encases	442
banquettes	442
exotoxin	442
polymorphs	442
pinfold	442
spasming	442
shyster	442
programers	442
jerkins	442
causeways	442
detractor	442
sportswoman	442
sundering	442
chelonian	442
superinfection	442
shortstops	442
externalism	442
arbitrating	442
reacquire	442
monsoonal	442
unicolor	442
unlovable	442
mugwump	442
munters	442
bossing	442
counterargument	442
dockland	442
slighter	442
penumbral	442
recolored	442
stupids	442
waterlines	442
gastrula	442
wagtails	442
diterpenes	442
imperfective	442
mischaracterized	442
tequilas	442
comminution	442
homewards	442
flyable	442
bocking	442
ambrosian	442
dredgers	442
finitude	442
chironomid	442
tonsillar	442
frugally	442
bestrides	442
pilaster	442
defatted	442
savarin	442
quadriga	442
gabions	442
grantly	442
palaeogeography	442
impoverishing	442
milliard	442
snuffing	442
procurators	442
presupposing	442
wittingly	442
underdrain	442
tellurian	442
realizability	442
derangements	442
traceless	442
solander	442
postscripts	442
fiddlesticks	442
rustproofing	442
chylomicrons	442
wrangled	442
noncombatant	442
reconvening	442
abnegation	442
budgerigars	442
regenesis	442
extrapulmonary	442
aurorae	442
spurning	442
synergize	442
sporangia	442
sandwiching	442
crucifer	442
barbershops	442
emoting	442
immersions	442
oversensitive	442
stepmothers	442
steadies	442
scatterbrain	442
digitizes	442
forestation	442
quaestor	442
wallows	442
wissing	442
tuckers	442
dejeuner	442
crescendos	442
sympathomimetics	442
outspread	442
clostridial	442
adiabatically	442
numismatist	442
unsafely	442
trematode	442
chrysoberyl	442
hawkings	442
lyophilization	442
mindfully	442
asphyxiated	442
sugarhouse	442
psychosomatics	442
solvated	442
quietus	442
discoverd	442
bedcovers	442
metallers	442
silvertip	442
sphinxes	442
overseeding	442
shrouding	442
aseptically	442
wharfage	442
smooching	442
blurting	442
expressionists	442
chronical	442
plaquette	442
infrequency	442
carbazole	442
frogfish	442
hereditaments	442
angerer	442
cornstalk	442
greasewood	442
chanterelles	442
bunking	442
candidatures	442
enrages	442
saurian	442
pungency	442
goliaths	442
furfural	442
centrosomes	442
coomber	442
hydatidiform	442
outport	442
avuncular	442
shivery	442
glyoxal	442
vantages	442
tramline	442
noncontroversial	442
redcoat	442
triazoles	442
bodices	442
chigger	442
fasciola	442
disproportional	442
setscrew	442
unmerciful	442
beadles	442
parimutuel	442
demoiselles	442
uncircumcision	442
tideway	442
vocalized	442
adaxial	442
deadness	442
reprobation	442
punctuates	442
burgomaster	442
filarial	442
opalescence	441
patchiness	441
interpenetration	441
roundish	441
crooker	441
tracheobronchial	441
copulas	441
parilla	441
extravagances	441
passaged	441
plimsoll	441
repositions	441
inducting	441
porticos	441
subdues	441
curtailments	441
untwisted	441
yarraman	441
gorgonian	441
fibroadenoma	441
brawlers	441
absentmindedly	441
necromantic	441
kittles	441
hydrofoils	441
trainman	441
epiglottis	441
noncriminal	441
nasally	441
bobsledding	441
clavecin	441
victimizations	441
ethological	441
raffinose	441
compatibly	441
wakening	441
neuraxis	441
vacantly	441
discoursing	441
cablegram	441
superorder	441
blowoff	441
squeakers	441
montenegrins	441
hotting	441
explicating	441
parenterally	441
rowdies	441
amphioxus	441
acclimatize	441
pirogue	441
superfit	441
obsessional	441
injuriously	441
flophouse	441
physiochemical	441
poseurs	441
debarkation	441
spluttering	441
crinoid	441
inducts	441
counterproposal	441
rationalizes	441
recapitulated	441
unrepeatable	441
croupiers	441
nastily	441
seismographs	441
tachymeter	441
edematous	441
malacological	441
trinkle	441
consanguineous	441
camporee	441
walkies	441
unloaders	441
iliotibial	441
downstage	441
inculcation	441
peddles	441
subdistricts	441
sickler	441
parallelograms	441
stereoisomers	441
sensitizes	441
sensitizers	441
veldman	441
enteropathy	441
placated	441
unsponsored	441
twilights	441
wardroom	441
saunters	441
personalty	441
shantytowns	441
satirizing	441
misjudgment	441
splutter	441
sizzled	441
promontories	441
mignonette	441
unbudgeted	441
supplicate	441
unipotent	441
orography	441
pattering	441
elliptically	441
sophistical	441
unromantic	441
tanzanians	441
jargons	441
laurelwood	441
etiquettes	441
understaffing	441
frescoed	441
assents	441
provability	441
sidetracks	441
fissured	441
twinges	441
nobleness	441
sandblaster	441
pohutukawa	441
intensions	441
gravediggers	441
exploitations	441
foxhounds	441
grackles	441
appurtenance	441
sealskin	441
supernormal	441
repopulation	441
emaciation	441
asherah	441
vouching	441
oubliette	441
trapezes	441
wheezes	441
forewarn	441
motorman	441
neurotics	441
commensurately	441
handholds	441
nativist	441
unabsorbed	441
paraphilias	441
bilking	441
flinger	441
ophthalmoscopy	441
bewilder	441
torchbearers	441
myotonia	441
myristic	441
adaptative	441
couching	441
glovers	441
promethium	441
cackles	441
drawstrings	441
scoters	441
rechecking	441
cannulated	441
flatcar	441
polyuria	441
padfoot	441
consulship	441
coachworks	441
menfolk	441
nostalgically	441
scission	441
sellier	441
menstruate	441
degassed	441
misplacing	441
bennies	441
berends	441
misappropriating	441
polydactyly	441
selecter	441
sherrer	441
slainte	441
amacrine	441
hitchhiked	441
honorariums	441
deacetylation	441
baccharis	441
frazzle	441
carbuncles	441
tubocurarine	441
unclouded	441
braider	441
affability	441
affright	441
domesticating	441
linalool	441
magnetizing	441
recantation	441
threshed	441
carbene	441
chowing	441
prehaps	441
trackwork	441
flannelette	441
waxworks	441
coprophilia	441
outplay	441
gigantism	441
impracticality	441
southwestward	441
mastics	441
gladdened	441
burgeon	441
longhorned	441
contractive	441
unmasks	441
crudeness	441
antipolo	441
hoopers	441
hypothecation	441
upholster	441
dinheiro	441
glycerate	441
aldermanic	441
cavalryman	441
escarpments	441
butyrolactone	441
wheelman	441
hydrosol	441
slithers	441
pipestem	441
remounting	441
debunker	441
oxychloride	441
disrupter	441
grampus	441
commandeering	441
dilling	441
concentricity	441
graupel	441
hexapod	441
stepstone	441
phenanthroline	441
microbiologic	441
clubrooms	441
gallimaufry	441
besmirch	441
carbonyls	441
duckbill	441
dilapidation	441
neoteric	441
eastlands	441
unpronounceable	441
ethnographical	441
slaveholder	441
stereograph	441
morpholine	441
dorsiflexion	441
sandrock	441
orbitofrontal	441
foreordained	441
scrabbling	441
griffing	441
meddled	441
seceding	441
protestation	441
retrench	441
deanship	441
metallurgists	441
undeformed	441
radiosensitivity	440
truncheons	440
underlayer	440
castellan	440
selectivities	440
cauterize	440
waterspout	440
hydrobiology	440
sporozoites	440
enmities	440
becalmed	440
certifiably	440
derides	440
epistatic	440
specifiable	440
charcoals	440
undisputable	440
syncytium	440
straggler	440
skedaddle	440
gingery	440
firefall	440
disbandment	440
unskillful	440
cheekily	440
abutted	440
sphincterotomy	440
recurrently	440
harkers	440
bagatelles	440
frittered	440
persnickety	440
scarifier	440
ineluctable	440
learnership	440
parasitemia	440
crinkles	440
sackman	440
polychromatic	440
waitressing	440
explosiveness	440
mustachioed	440
cembalo	440
cuttyhunk	440
tinware	440
epigraphic	440
retrogressive	440
amorality	440
unstick	440
amateurism	440
hermaphroditic	440
outscore	440
leprous	440
deadheading	440
castigating	440
universalistic	440
penstock	440
placating	440
lambent	440
leatherjacket	440
thrillingly	440
discretions	440
asocial	440
bimanual	440
sacristan	440
fossicking	440
concocts	440
slogged	440
tragicomedy	440
reattachment	440
lavishing	440
spasmed	440
turnagain	440
rekindles	440
subadult	440
overprinting	440
disquieted	440
wending	440
ironbound	440
benedictions	440
coexistent	440
niggardly	440
stimulative	440
cummerbunds	440
pentode	440
collectivities	440
lorikeets	440
tilefish	440
lebensraum	440
untended	440
eulogized	440
blancmange	440
dicking	440
benedicts	440
enchiridion	440
experimentalism	440
heteronuclear	440
libidinous	440
callipers	440
hailstorms	440
piperonyl	440
drunker	440
eversion	440
muscovites	440
paraboloid	440
permuting	440
vigneron	440
unforgettably	440
postdate	440
claimable	440
evincing	440
tricarboxylic	440
pockmarked	440
proffering	440
cultivations	440
schepens	440
paratyphoid	440
darkrooms	440
greenshank	440
secessionists	440
buckboard	440
retuning	440
intragastric	440
micropaleontology	440
infiltrative	440
noisome	440
milieus	440
diabolically	440
saccharide	440
atypically	440
impassible	440
missioners	440
unrelentingly	440
clamming	440
radicular	440
oblations	440
pocketable	440
postering	440
curatorship	440
neurogenetics	440
producible	440
outsmarted	440
decamped	440
jumbuck	440
hidebound	440
galbanum	440
typecasting	440
intoxicate	440
hoochies	440
plopping	440
exasperate	440
thionyl	440
fatalist	440
westaway	440
dribbler	440
onrushing	440
trinitrotoluene	440
coagulants	440
departmentally	440
conjugative	440
serenading	440
educationists	440
babyhood	440
sojourned	440
bluestocking	440
circumcisions	440
dooming	440
blackmailer	440
censuring	440
phantasms	440
puffery	440
armonica	440
disrespectfully	440
mesmeric	440
nephrotoxic	440
apprehensively	440
fieldworkers	440
gradational	440
grenadian	440
leadless	440
pushpins	440
consummating	440
quadratics	440
disubstituted	440
wherefores	440
regencies	440
monistic	440
roofless	440
conflates	440
despoil	440
displacer	440
smolders	440
unleased	440
auricula	440
neutrophilic	440
plunking	440
asphalts	440
arbitrable	440
cavalierly	440
wireman	440
kilocalories	440
nebulized	440
terminer	440
humectant	440
millstones	440
relabeled	440
whicker	440
filiation	440
coerces	440
contrapositive	440
gangrenous	440
retoucher	440
fearfulness	440
vainglorious	440
bailment	440
proselytes	440
embezzle	440
sphincters	440
disenchant	440
zagging	440
rebroadcasting	440
salomons	440
pearled	440
peepholes	440
regresses	440
positivistic	440
furring	440
peckers	440
espinal	440
endomorphisms	440
spading	440
benevolently	440
archbishopric	440
dysgraphia	440
mayoress	440
cottaging	440
smackers	440
conchal	440
hatchway	440
guesting	440
objectifying	440
belived	440
construes	440
mankins	440
debilitation	440
federating	440
wonderings	440
pinnace	439
samphire	439
chronister	439
slighting	439
refractoriness	439
headways	439
uyghurs	439
nonsynonymous	439
greisen	439
relationally	439
allocution	439
montilla	439
batcher	439
boomslang	439
extirpate	439
quizzer	439
insightfully	439
destress	439
excreting	439
ligamentous	439
hirondelle	439
overconsumption	439
avoirdupois	439
piercers	439
convulse	439
preventatives	439
crystallite	439
imperiously	439
polymerize	439
subgeneric	439
quinolines	439
slopping	439
conversationally	439
layland	439
peregrin	439
rhetorician	439
misappropriate	439
nonrecourse	439
glowers	439
conciliators	439
consorting	439
tuberosity	439
neuroblast	439
decreeing	439
shinners	439
choicers	439
regaling	439
aphrodisias	439
unburnt	439
foreshores	439
unconcern	439
francium	439
dearness	439
requited	439
spadefoot	439
edibility	439
zooxanthellae	439
abdomens	439
stationmaster	439
poopers	439
triller	439
blankness	439
rehousing	439
squidgy	439
unclutter	439
unsaturation	439
consomme	439
crucifying	439
huntings	439
rockslide	439
wastrel	439
religiousness	439
privative	439
risinger	439
rutabagas	439
postern	439
philosophize	439
grousing	439
intersectional	439
supergiants	439
neediness	439
cacophonous	439
undischarged	439
irremediable	439
quavering	439
jackies	439
thissen	439
unperceived	439
logistician	439
clotheslines	439
vulcanizing	439
tropically	439
styptic	439
blackmailers	439
pintails	439
redetermined	439
lathing	439
leonine	439
quacking	439
plenums	439
haemorrhages	439
unvalidated	439
abscission	439
haberdasher	439
nonviable	439
wonderingly	439
ruffing	439
accedes	439
haversack	439
crumpling	439
inaugurations	439
dawdling	439
hancher	439
spiritless	439
wolfskin	439
intraosseous	439
inutile	439
bowering	439
loitered	439
signally	439
caterwauling	439
expansiveness	439
unburden	439
glaciological	439
benefices	439
batfish	439
tetanic	439
indemnitor	439
tribuna	439
sonorities	439
osteopetrosis	439
paleography	439
teetered	439
depressors	439
presages	439
trochus	439
clauser	439
womanist	439
lupines	439
matanza	439
transgresses	439
eradicates	439
strafed	439
wobblies	439
legatees	439
onslaughts	439
outflank	439
forgoes	439
outmost	439
probates	439
fossiliferous	439
macrosomia	439
noblewoman	439
balagan	439
catcalls	439
dishwater	439
pulsates	439
larking	439
gravities	439
abysses	439
capsizes	439
aspirating	439
beacher	439
anticlimax	439
footwall	439
discloser	439
slovenians	439
retrenchments	439
egestas	439
stratifying	439
denotations	439
everlastingly	439
majorettes	439
pushpin	439
unshackled	439
homiletic	439
paleogeography	439
lipolytic	439
promisor	439
sleepwalkers	439
funnelled	439
definiens	439
shunter	439
eternals	439
tintypes	439
dentelle	439
untranslatable	439
unmatchable	439
resuscitator	439
spectroscopically	439
harrower	439
suffixing	439
weanlings	439
froward	439
goobers	439
crumbed	439
somatics	439
uncomprehending	439
farrago	439
reprimanding	439
audaciously	439
hydantoin	439
croyden	439
dislocating	439
whitethroat	439
indelicate	439
venation	439
unsplit	439
circumferences	439
exhaustible	439
orthopyroxene	439
prostrating	439
ceremonious	439
seining	439
trollop	439
positivists	439
beanfield	439
pixilated	439
multipoles	439
slaveholding	439
hemicellulose	439
figureheads	439
documenter	439
portamento	439
genista	439
clocker	439
sedimented	439
pyrrhotite	439
ideality	439
unworldly	439
sniggering	439
jackhammers	439
epiglottitis	439
ultimatums	439
unanchored	439
outgrows	439
enslaves	439
blintzes	439
champignons	439
wakonda	439
colloquialism	439
showpieces	439
fathomed	439
synapsis	439
prepositioning	439
valorization	439
tweedledee	439
concentrically	439
guardhouse	439
canalside	439
lunation	439
imprecisely	439
guardedly	438
klystrons	438
pullbacks	438
metting	438
prohibitionist	438
bitterns	438
shopworn	438
tranquilly	438
writhes	438
eavesdropped	438
brazils	438
stratis	438
pudendal	438
delectation	438
pyrethrin	438
fenestra	438
sclerotia	438
bushranger	438
deflowered	438
repping	438
revetments	438
laugher	438
prattling	438
debunkers	438
hornitos	438
urinates	438
indeterminable	438
integrality	438
schoolhouses	438
invagination	438
commandants	438
chambering	438
tonalities	438
unsuppressed	438
phosphite	438
anterolateral	438
indoctrinating	438
submissively	438
whithersoever	438
cocksure	438
falsifications	438
rhythmicity	438
midrashic	438
brutalize	438
patinas	438
foundress	438
brutalizing	438
belying	438
sterically	438
utilizations	438
annexures	438
orbicularis	438
pennings	438
girdled	438
confinements	438
unappetizing	438
decoratively	438
remarkables	438
unaccented	438
moldboard	438
sulfonated	438
carabao	438
bughouse	438
infarcted	438
servitudes	438
drenches	438
piazzas	438
digressed	438
tamarins	438
misdirect	438
derailments	438
votings	438
acculturated	438
sturgeons	438
needler	438
vestibules	438
redbeard	438
undervaluation	438
goatherd	438
doubloon	438
dictations	438
equipartition	438
despairingly	438
bronchopneumonia	438
planetoid	438
verbalization	438
porringer	438
fingersmith	438
expropriating	438
francolin	438
munificence	438
traipse	438
branner	438
cottier	438
throwed	438
matchsticks	438
incorruption	438
habitude	438
wideness	438
clutters	438
latticework	438
seraphine	438
filiform	438
impetuously	438
unseating	438
cautiousness	438
imbibition	438
hearkens	438
accountings	438
bumpkins	438
providentially	438
dysphasia	438
serotina	438
overfed	438
barwood	438
harangued	438
briefers	438
yakking	438
coneheads	438
hatpins	438
toothbrushing	438
whoredom	438
budging	438
cavatina	438
burnisher	438
psychodynamics	438
cockade	438
dehumidifying	438
glorying	438
jackdaws	438
sippers	438
carpels	438
allaying	438
inconstancy	438
dissuading	438
unfixable	438
sweepings	438
covenanting	438
reciprocates	438
asterias	438
dishonoring	438
stalactite	438
groggily	438
benison	438
reconversion	438
gastroplasty	438
milkfish	438
suasion	438
gratifications	438
impenitent	438
scuppered	438
synchrotrons	438
memorizes	438
overstretch	438
arriver	438
downlinks	438
parturient	438
octagons	438
pentaerythritol	438
reverends	438
cutterhead	438
jocularity	438
greaseproof	438
fantasist	438
revivalists	438
protactinium	438
remunerate	438
blabbering	438
deadfall	438
pilonidal	438
circumscribing	438
saccharides	438
embellishes	438
cryptographer	438
valences	438
courland	438
icefall	438
cordons	438
sadistically	438
eyeshield	438
harmlessness	438
centralist	438
demarcating	438
trivializes	438
foreskins	438
alginates	438
parries	438
planetesimals	438
humoresque	438
flunkies	438
sarcophagi	438
sternness	438
guilded	438
illegitimately	438
precess	438
winegrowing	438
wisecrack	438
gleaners	438
complot	438
subdominant	438
prandial	438
knapsacks	438
hydrophones	438
engross	438
zymogen	438
misplacement	438
convolute	438
backslide	438
insufflation	438
polacca	438
propionyl	438
hermaphroditism	438
gracefulness	438
communed	438
upchuck	438
hemiplegic	438
neopagan	438
insurgence	438
hydroperoxides	438
multinucleated	438
calmest	438
maliciousness	438
glutted	438
dallying	438
movables	438
norlander	438
scurries	438
witticism	438
tympanum	438
spherules	438
trophozoites	438
neurasthenia	438
thermoluminescence	438
suttles	438
flatheads	438
ingoing	438
paleface	438
reassembles	438
larcher	438
encrusting	438
wirework	438
sinistral	438
plasterwork	438
examinable	438
penances	437
pickman	437
cockfight	437
scrounged	437
sureness	437
meteoritic	437
satirizes	437
tornadic	437
bircher	437
monoceros	437
mappable	437
volleyed	437
glimmered	437
servitors	437
cannibalized	437
monarchists	437
propertied	437
dipotassium	437
amygdaloid	437
tabards	437
prostates	437
arcadians	437
tyrannosaur	437
coracle	437
flamboyantly	437
graveled	437
seamark	437
slickness	437
pectins	437
tillering	437
scrubland	437
gadabout	437
torchwood	437
disproof	437
radiused	437
aiguilles	437
stepsisters	437
ambushing	437
downflow	437
jawbreakers	437
unseasoned	437
primogeniture	437
dequeen	437
blastomeres	437
overfeeding	437
toxicosis	437
congruity	437
gorbals	437
braziller	437
hairbrushes	437
summable	437
divinyls	437
influxes	437
kinsfolk	437
comportment	437
filterable	437
sphericity	437
yashiro	437
asthenosphere	437
satirize	437
unambitious	437
distrusting	437
kinetochores	437
malaprop	437
redware	437
neorealism	437
homeomorphisms	437
stonechat	437
restudy	437
lemurian	437
thoughs	437
meddler	437
gettings	437
hydrolyzes	437
geebung	437
cabernets	437
uncorking	437
constrictors	437
warmhearted	437
cockiness	437
sniggers	437
blandishments	437
nonentity	437
distractibility	437
nymphal	437
shankly	437
steelheads	437
digestives	437
streetwalker	437
oronoco	437
quashes	437
doodler	437
remonstrate	437
occasioning	437
orignally	437
actomyosin	437
skidders	437
steatite	437
perspicuous	437
riveters	437
deductively	437
revalidated	437
viceroys	437
improvident	437
fluorogenic	437
polygynous	437
handsomer	437
cannibalization	437
savouries	437
stolons	437
adverbials	437
resealing	437
blazoned	437
turbinate	437
overtimes	437
metrically	437
disassembles	437
peached	437
tenuously	437
webworm	437
nomogram	437
debarring	437
luncheonette	437
revolute	437
geriatrician	437
guested	437
plimmer	437
syndicators	437
gastroschisis	437
kumquats	437
prescript	437
farseer	437
stepdaughters	437
benzoquinone	437
floaties	437
muscularity	437
bonhomie	437
cohabited	437
demotions	437
overdressed	437
evacuates	437
unposted	437
adverted	437
thumbtack	437
inheres	437
industrialize	437
seethes	437
soldiered	437
arthrogryposis	437
lanting	437
illegalities	437
inertness	437
cyclopedic	437
productiveness	437
connate	437
militarists	437
parodic	437
disestablished	437
nonwhites	437
truthing	437
bookmobiles	437
irrefutably	437
overacting	437
variorum	437
deliciousness	437
cherubic	437
plasticized	437
culturable	437
ironclads	437
pedregal	437
cordate	437
fiddlehead	437
selfing	437
anxiousness	437
crotched	437
noninterference	437
relativized	437
infernos	437
grasset	437
lactoglobulin	437
trommel	437
willers	437
undoable	437
somebodys	437
rotatory	437
metabolisms	437
glossolalia	437
millennialism	437
invitationals	437
statists	437
psychosurgery	437
endears	437
obsesses	437
paleoclimatic	437
tranced	437
deontology	437
cnidarians	437
schermer	437
versification	437
pontianak	437
egotistic	437
creameries	437
briquetting	437
pyrroline	437
misinterprets	437
sojourning	437
gasolines	437
readjustments	437
incurably	437
nasturtiums	437
varicosities	437
incontestably	437
soonish	437
semiformal	437
acclamations	437
griffons	437
sloughed	437
unfaltering	437
tetrarch	437
defendable	437
lithological	437
feminizing	437
replantation	437
lipogenesis	437
loftiness	437
acetophenone	437
examing	437
predicable	437
snitching	437
scullers	437
eventer	437
geriatricians	437
emendation	437
appetitive	437
megalomaniacal	437
stonecutters	437
purifications	437
circlets	437
hardtack	437
testamentum	437
loaners	437
acrophobia	437
connotative	437
turreted	437
clownish	437
morganite	437
wolfing	437
overdraw	437
ballades	437
glenohumeral	437
childlessness	437
stomatology	437
utilitarians	437
bagpipers	436
astrologically	436
espousal	436
hectoring	436
imperviousness	436
zoogeography	436
animatedly	436
detoxifies	436
postsurgical	436
prester	436
reseting	436
skillings	436
prehension	436
decoctions	436
aardwolf	436
graving	436
factorize	436
heparinized	436
irredeemably	436
emendations	436
strutter	436
foreshortened	436
redound	436
moodily	436
furloughs	436
interventricular	436
nonperishable	436
channeler	436
immatures	436
solipsist	436
discords	436
supination	436
goodyears	436
gastronome	436
purgation	436
honeycombed	436
outworn	436
reselection	436
deathblow	436
speedsters	436
pollywog	436
decompresses	436
reinstituted	436
parapsychological	436
saltier	436
quarterstaff	436
transmittable	436
curette	436
stinkbug	436
participator	436
rechristened	436
polyclinics	436
interphalangeal	436
livened	436
hondurans	436
overstaying	436
forepart	436
amendable	436
pronotum	436
hardheaded	436
pedagogues	436
neurosyphilis	436
prickling	436
congeal	436
muckrakers	436
perfector	436
crocodilian	436
unifications	436
pseudepigrapha	436
shimming	436
disempowering	436
fiducia	436
odalisque	436
sniffled	436
snappish	436
girasole	436
superannuated	436
photochemically	436
gangplank	436
parquetry	436
tiredly	436
accusingly	436
stalkings	436
wristed	436
amiability	436
coppins	436
incapability	436
shortenings	436
unaccepted	436
psalmody	436
stagnates	436
kaisers	436
restrictiveness	436
significances	436
victualling	436
ideograms	436
midnighters	436
casualness	436
libeled	436
scoopers	436
brinjal	436
cushiony	436
problematics	436
sequinned	436
wickerwork	436
sloganeering	436
uniface	436
archaeologically	436
gussied	436
alloxan	436
untouchability	436
passionist	436
increaser	436
scenography	436
solemnize	436
catholicos	436
imagineer	436
flavorless	436
pawning	436
mispronounce	436
cabotage	436
skylarks	436
enduringly	436
mercers	436
unwearied	436
rehashes	436
standoffish	436
sunwise	436
punctilious	436
overusing	436
imamate	436
egotist	436
handmaidens	436
shucking	436
baldhead	436
rankles	436
unplugs	436
nuttiness	436
peregrinations	436
reductant	436
guignol	436
subjectivist	436
electronegative	436
dismembering	436
overdevelopment	436
curbstone	436
overworking	436
squeezable	436
goldsmithing	436
importunity	436
androgyne	436
imputes	436
distractedly	436
heterochromatic	436
untarnished	436
waxwork	436
autocephalous	436
parceled	436
vexations	436
freighting	436
piastres	436
megakaryocyte	436
steading	436
bioclimatic	436
bewitch	436
repurchasing	436
allures	436
passman	436
commentating	436
frisking	436
rottenness	436
lasered	436
sentimentalism	436
deglaze	436
multipotent	436
clanged	436
borderers	436
treasurys	436
almandine	436
codered	436
defoliated	436
timbering	436
graphitic	436
tinsmith	436
privily	436
noctilucent	436
ungenerous	436
reptilians	436
dunnock	436
monotremes	436
vertexes	436
spiderwebs	436
boondoggles	436
baronies	436
drabbles	436
absented	436
overpricing	436
ratties	436
legislates	436
triterpenes	436
rectally	436
particularistic	436
copyists	436
desideratum	436
sherbets	436
teamers	436
roquette	436
unicyclist	436
brookie	436
outbred	436
coadministered	436
excursus	436
spectrographs	436
weldable	436
upbraided	436
virologists	436
monomorphism	436
furloughed	436
ignominiously	436
mischiefs	436
appertain	436
burbling	436
indefeasible	436
infests	436
staleness	436
uncropped	436
enviously	436
teleosts	436
whities	436
rebroadcasts	436
engrafted	436
bracher	436
gurgles	436
almsgiving	436
rehabilitations	436
hubbies	436
muslins	436
preadolescent	436
systematical	436
godmothers	436
cubital	436
bearwood	436
castanet	436
cockatrice	436
kelvins	436
abducts	436
underfed	435
eccentrically	435
greenfinch	435
petaled	435
cloggers	435
mastectomies	435
rimland	435
lipotropic	435
laneway	435
overbuilt	435
rearmost	435
maddest	435
spiritedness	435
adenopathy	435
cabalistic	435
coffeecake	435
spiceland	435
spendable	435
viscountess	435
biomagnetic	435
midnights	435
conventionality	435
anticyclone	435
quicklime	435
atraumatic	435
initialing	435
grammies	435
pyrrolidine	435
informationally	435
lateralized	435
intercalating	435
corticospinal	435
forthrightness	435
saltation	435
lycanthrope	435
scripters	435
uncommunicative	435
inconveniencing	435
sopranino	435
pargeter	435
multiaxial	435
aboriginality	435
manufactories	435
striked	435
celestite	435
twelvemonth	435
insufficiencies	435
aftergood	435
undimmed	435
gabbing	435
predications	435
paratypes	435
cinematically	435
faithlessness	435
effectuation	435
maycock	435
vibronic	435
impared	435
unchartered	435
factorials	435
panentheism	435
sluiter	435
semitransparent	435
elusiveness	435
exonerating	435
contrives	435
foisting	435
debutants	435
teletherapy	435
wistfulness	435
catlike	435
unappreciative	435
munificent	435
catchable	435
suppertime	435
cesspit	435
eglantine	435
reacquaint	435
educable	435
gestating	435
greenroom	435
arietta	435
faddish	435
uncrowned	435
hackler	435
resynthesis	435
thinnings	435
shootist	435
convoked	435
drumbeats	435
unreturned	435
motorboating	435
preordering	435
threnody	435
playfields	435
toothaches	435
anticommunist	435
malefactor	435
capless	435
crackly	435
honeymooning	435
cannibalizing	435
oxalates	435
palliate	435
euphonious	435
kittiwakes	435
metabolizes	435
vacillate	435
oxyacetylene	435
approximative	435
cobbling	435
redoubling	435
enshrinement	435
pedants	435
hydrophobia	435
internationality	435
sanitizes	435
blueback	435
affronts	435
plexiform	435
depressives	435
emprise	435
folklorists	435
overselling	435
cervids	435
prodromal	435
lusciously	435
outdoing	435
reproaching	435
sterilizations	435
tiltable	435
bleakest	435
excellences	435
orthoclase	435
predetermination	435
unmethylated	435
vocative	435
burgeoned	435
venturesome	435
isolationists	435
unremittingly	435
jimmies	435
plodder	435
washouts	435
redactor	435
muskmelon	435
polearms	435
forcefulness	435
suppuration	435
unfermented	435
amenability	435
diploids	435
radiopaque	435
handsaws	435
paternally	435
severer	435
fusillade	435
incomprehensibly	435
raveling	435
muddying	435
crispies	435
shininess	435
suffocates	435
impassively	435
collaged	435
accouterments	435
ropeway	435
vibrationally	435
hogback	435
underclothes	435
folkloristic	435
solferino	435
viertel	435
transected	435
radiatively	435
bandings	435
hussies	435
spillers	435
wellsite	435
transliterate	435
tonally	435
ectropion	435
peerages	435
arrowed	435
preverbal	435
unacceptability	435
laxness	435
bellhops	435
sociotechnical	435
bareheaded	435
blackland	435
occluder	435
endodermal	435
moneylender	435
phenacetin	435
coastland	435
girding	435
baffler	435
postclassic	435
repointing	435
fieldworker	435
atheroma	435
renomination	435
desertions	435
winnowed	435
belarusians	435
infiltrations	435
casuality	435
peignoir	435
postnatally	435
enticingly	435
replanning	435
equestrianism	435
astringency	435
cardioplegia	435
malnourishment	435
glacially	435
hummocks	435
mooching	435
electorally	435
flinches	435
bicyclic	435
dorsoventral	435
detraction	435
tunnelled	435
barabara	435
earthshine	435
trounces	435
doublings	435
wolfberry	435
seaworthiness	435
tainter	435
accessibly	435
wastefulness	435
insufferably	435
copulatory	435
saucerful	435
harmfulness	435
aviatrix	435
lycanthropes	435
carbonado	435
pneumonias	435
preposterously	435
ironweed	435
draftee	435
undocked	435
illumines	435
unrepaired	435
magneton	435
vegetate	435
grunter	435
antivenom	435
asepsis	434
subserve	434
automatical	434
quieten	434
cherubims	434
parlous	434
pallbearer	434
namibians	434
toilettes	434
hydroxamic	434
foreleg	434
giveing	434
involutions	434
richters	434
rehydrating	434
fallbacks	434
predestinated	434
prefacing	434
quorums	434
glaciations	434
enactor	434
kempler	434
lymphangioma	434
amenorrhoea	434
rampaged	434
bursters	434
amberly	434
cuddler	434
bowlegs	434
cyclotrons	434
insolently	434
psychographics	434
depreciations	434
overfilling	434
uprightly	434
videoed	434
dimpling	434
ineptly	434
invigilators	434
periodontium	434
diddling	434
unexecuted	434
systemics	434
diethanolamine	434
kidnaped	434
neighborliness	434
devilfish	434
chasuble	434
angularity	434
entireties	434
silvertips	434
shillelagh	434
nutshells	434
outvoted	434
littleness	434
torsade	434
hypersecretion	434
highnesses	434
crunchies	434
undrinkable	434
regally	434
vituperative	434
upbraid	434
bluffed	434
inwardness	434
thornless	434
unsubstantial	434
bibliotherapy	434
tentacled	434
southpaws	434
efficacies	434
proselyte	434
escapements	434
gearless	434
intoning	434
winninger	434
authoress	434
chiffons	434
illogically	434
starflower	434
fizzies	434
etiolated	434
finlands	434
outmatched	434
snakebites	434
pleasantry	434
prophylactically	434
discontinuously	434
squareness	434
porphyrogenitus	434
overbank	434
wolfhounds	434
somberly	434
syllogistic	434
symptomless	434
pontificates	434
suburbans	434
groundings	434
workless	434
aluminosilicate	434
fermentative	434
denominate	434
ultraconservative	434
pubescence	434
pensioned	434
handholding	434
considerately	434
captivation	434
travesties	434
faultlessly	434
redbreast	434
countershaft	434
endemicity	434
smelted	434
stickles	434
doodled	434
centrifuging	434
pestilent	434
companionway	434
botanics	434
bafflement	434
bountifully	434
countrified	434
boringly	434
desisted	434
appreciator	434
granges	434
myxedema	434
scrawling	434
airscrew	434
outspent	434
plectrums	434
reincarnations	434
constitutionalists	434
jollity	434
inexpressibly	434
nugatory	434
abbreviating	434
centralizer	434
condensations	434
magnetrons	434
deformability	434
likings	434
turbulences	434
sunshiny	434
eloping	434
chording	434
kalends	434
cylindrically	434
overburdening	434
wastefully	434
porkpie	434
aftertreatment	434
unpretty	434
atrociously	434
unmemorable	434
amanuensis	434
caulder	434
nitrifying	434
seasonals	434
dreariness	434
reddest	434
bladers	434
chloromethane	434
callused	434
lifespring	434
downhearted	434
oligopolies	434
senselessness	434
chessman	434
masseter	434
fluffing	434
trireme	434
pontification	434
bursars	434
detents	434
exotically	434
paperbark	434
intravaginal	434
songcraft	434
fearsomely	434
stalagmite	434
brocard	434
orisons	434
stetter	434
histogenesis	434
improvises	434
penetrable	434
resubscribe	434
debbies	434
younker	434
gravitates	434
hidradenitis	434
hermeticism	434
notarize	434
outguess	434
autistics	434
reposes	434
taproom	434
transmuting	434
inductances	434
puddling	434
mischance	434
vocalion	434
keynoter	434
reappropriated	434
mercapto	434
zonally	434
hospitably	434
nucleating	434
dowries	434
nationalizing	434
topsides	434
metaphysician	434
vulgarly	434
invectives	434
palpated	434
monopolar	434
ascariasis	434
scroggs	434
prejudicially	434
keralite	434
insouciance	434
hoodoos	434
appeasers	434
lasciviousness	434
pompously	434
potheads	434
chasten	434
tiptoeing	434
discourtesy	434
prosthodontist	434
hazarded	434
unclogging	434
fetishistic	434
cystadenoma	434
infectiously	434
rewetting	434
pantaloon	434
urgencies	434
velocipede	434
adsorptive	434
handwrite	434
palpitating	434
suckable	434
authoritarians	434
professionalize	434
foppish	434
infilled	434
spicers	433
cheapening	433
kennings	433
oligarchies	433
yardman	433
archaeologies	433
histamines	433
funking	433
extravascular	433
hospitaller	433
magaziner	433
grimalkin	433
khutbah	433
tartrazine	433
unworked	433
walkouts	433
reanimate	433
sunlamps	433
appassionata	433
scoffers	433
recombinations	433
sleekest	433
mullions	433
shiftable	433
enraging	433
insanitary	433
ennoble	433
lucking	433
unsought	433
peracetic	433
swallowtails	433
egomania	433
palsied	433
panegyric	433
coagulating	433
messuage	433
perturbs	433
profanation	433
intellection	433
mistranslated	433
cleavable	433
rectifies	433
landgrave	433
unfitted	433
intermarry	433
cruellest	433
snakeheads	433
chamfering	433
entrustment	433
smilers	433
cuboidal	433
imprecations	433
inconceivably	433
virtuously	433
disunited	433
dewormed	433
interiority	433
bracero	433
funkiness	433
arrogate	433
unpadded	433
highboy	433
slavering	433
washbasins	433
assiduity	433
glossopharyngeal	433
anogenital	433
dimmest	433
obscurantism	433
carnality	433
unbalancing	433
nonsexual	433
expunging	433
tutorship	433
artificers	433
footlockers	433
concent	433
standardly	433
torsades	433
murderess	433
interspersing	433
emulsify	433
gallinule	433
arribas	433
significations	433
wheezed	433
radicle	433
connectivities	433
scepters	433
streakers	433
carminative	433
petrogenesis	433
floodwood	433
teleseismic	433
assayers	433
shanked	433
creational	433
polymerizing	433
deftness	433
gasifiers	433
anginal	433
bhagavata	433
hippogriff	433
lengthways	433
theatergoers	433
superintended	433
atavism	433
counteraction	433
cutlers	433
abominably	433
emasculate	433
geometers	433
lymphoblasts	433
undulated	433
stupendously	433
uruguayans	433
belives	433
unirradiated	433
preindustrial	433
enervating	433
concertgoers	433
tumults	433
ectoparasites	433
ammoniacal	433
cryolite	433
philippus	433
projectionists	433
foxgloves	433
horsted	433
spuriously	433
reclusion	433
squanders	433
hemifacial	433
danning	433
einsteinium	433
holstered	433
thiazole	433
singlehanded	433
superphosphate	433
ranters	433
forswear	433
argueing	433
astuteness	433
conflux	433
canonic	433
fortuneteller	433
shackling	433
trophys	433
unbridgeable	433
darkish	433
wrangles	433
papilledema	433
pigmentary	433
whingeing	433
bungler	433
autosomes	433
gynoecium	433
panspermia	433
changeability	433
bolters	433
moistness	433
reflash	433
petrify	433
departmentalized	433
pachyderms	433
pedagogics	433
giddily	433
blastoderm	433
couponing	433
industriousness	433
zoomers	433
humanization	433
refeeding	433
allopatric	433
transbay	433
glaucomatous	433
myxomatosis	433
charivari	433
solenoidal	433
ungrazed	433
coccinella	433
hauberk	433
dogfighting	433
egomaniacal	433
professionalized	433
vicinities	433
chromates	433
unspotted	433
pratfalls	433
entailments	433
paresthesias	433
intuitionism	433
sweetish	433
biddies	433
sublinear	433
undeservedly	433
unreformed	433
scoparius	433
antinomian	433
glycolate	433
peelings	433
obscurantist	433
subliminals	433
popcorns	433
tightener	433
narcissi	433
froggies	433
gowling	433
prostyle	433
misinform	433
promisingly	433
polytropic	433
gingersnap	433
nulliparous	433
peaberry	433
trialist	433
appressed	433
combusting	433
victualler	433
elevens	433
bounden	433
rotaries	433
massifs	433
declaimed	433
trundling	433
berlins	433
preciseness	433
filtrates	433
unexampled	433
poppets	433
interpenetrating	433
unarticulated	433
acylated	433
stylization	433
cockspur	433
leniently	433
reprobates	433
seiners	433
marocain	433
tearless	433
hafting	433
encashment	433
absoluteness	433
avulsed	433
improvisatory	433
timeously	433
outmaneuver	433
quarterlies	433
scriver	433
porosities	432
rucking	432
dashers	432
spatiality	432
mystifies	432
parallelepiped	432
speakest	432
tellings	432
exhuming	432
archimandrite	432
cellobiose	432
tendancies	432
nitwits	432
headingly	432
preternaturally	432
unlooked	432
vermiform	432
paleobotany	432
outrank	432
tackiness	432
provenience	432
shadowless	432
fornicators	432
pueblito	432
dishpan	432
chiefdoms	432
solemnizing	432
symmetrized	432
bookstall	432
hipbone	432
sovereignties	432
psychopathological	432
adulterate	432
haranguing	432
asphyxiating	432
quaintness	432
stavely	432
heterogeneously	432
begrudging	432
gidding	432
vamoose	432
kleptomaniac	432
stoical	432
alarmists	432
liniments	432
aptness	432
tegument	432
remunerations	432
periplasm	432
interventionists	432
sorcerous	432
splurging	432
bacterially	432
groovies	432
malediction	432
discreditable	432
brilliants	432
refluxed	432
reoffend	432
bootees	432
connived	432
unseeing	432
hyperostosis	432
blowups	432
chiseling	432
derisory	432
micropipette	432
mutualist	432
broadacre	432
wristlets	432
acquitting	432
portraitist	432
cowgate	432
crabbed	432
copeman	432
thermostability	432
rewarming	432
weedless	432
titanite	432
rootlets	432
everglade	432
fainthearted	432
obsequies	432
perverseness	432
reitter	432
scuppers	432
fireboat	432
megatons	432
abdicates	432
fibular	432
trapshooting	432
disconcertingly	432
unnerve	432
subspecialists	432
plights	432
innervating	432
incongruence	432
stereopsis	432
antipope	432
latticed	432
parallaxes	432
photocatalyst	432
pleadingly	432
antidrug	432
besiegers	432
busying	432
puggles	432
jaegers	432
stroboscopic	432
osmoregulation	432
jaywalker	432
aquarians	432
crocidolite	432
unquantified	432
unpatentable	432
reassertion	432
cudgels	432
groaner	432
oversell	432
bastardization	432
circumnavigated	432
glimpsing	432
chorused	432
capturer	432
upstroke	432
waffled	432
paraphilia	432
recommenders	432
implausibility	432
osteotomies	432
overwatch	432
leiomyomas	432
dendron	432
peristyle	432
limpets	432
microbiologically	432
twirler	432
crawdads	432
photosensitizing	432
idolater	432
oxyrhynchus	432
porphyritic	432
soldierly	432
subaerial	432
haematite	432
handclaps	432
prototypic	432
pterygoid	432
jackaroo	432
exhalations	432
ivorians	432
intercalary	432
churchgoing	432
foreshortening	432
knifing	432
undependable	432
racialism	432
vouchered	432
kowtowing	432
concretion	432
humoristic	432
imperils	432
ontogenesis	432
perquisite	432
reforested	432
refurnished	432
danseuse	432
bulling	432
condensable	432
corking	432
partitive	432
aftereffect	432
swifties	432
verbalizing	432
navette	432
rapturously	432
reweighting	432
unforgotten	432
dabblers	432
forelock	432
dispersers	432
esteems	432
assimilationist	432
rhinorrhea	432
bennets	432
hirelings	432
anosmia	432
cadetship	432
tenpenny	432
whittles	432
optation	432
jauntily	432
declivity	432
obeisances	432
aggravations	432
nursemaid	432
coulombs	432
pasturing	432
calendered	432
daymark	432
gyroplane	432
neuropsychologists	432
reburial	432
reviling	432
natrium	432
affectively	432
potstickers	432
yodelling	432
brandishes	432
conjoin	432
introit	432
redbacks	432
lording	432
bitingly	432
eclogite	432
adderly	432
corollas	432
disenfranchising	432
thaught	432
batatas	432
garlanded	432
chromosomally	432
jazzing	432
dizygotic	432
abjectly	432
bushwood	432
rotters	432
suburbanite	432
assonance	432
birlinn	432
furbish	432
sautter	432
bridgework	432
forebear	432
sticklebacks	432
bantered	432
prelature	432
gingered	432
gametogenesis	432
clunkers	432
cementum	432
mensing	432
abstainers	431
extraverted	431
fussiness	431
lettable	431
rhinology	431
tomentose	431
distain	431
tunisians	431
heartsick	431
epicenters	431
buttering	431
starfruit	431
locution	431
doughboys	431
muffles	431
alveolus	431
hornpipes	431
rearwardly	431
spandrels	431
cabezon	431
telegraphing	431
conformities	431
interphone	431
leapfrogged	431
cystocele	431
avocets	431
backstopping	431
launchd	431
statesmanlike	431
judiciaries	431
backslider	431
souverain	431
decimeter	431
septate	431
enciphered	431
bronchoscope	431
manuring	431
erythrocytic	431
gunwales	431
finessed	431
careens	431
rhamnose	431
sparker	431
parasitical	431
balanitis	431
scrooged	431
commonness	431
tanglefoot	431
pyrogenic	431
dunghill	431
gliosis	431
agistment	431
haberdashers	431
declaim	431
galloper	431
pharmacologists	431
distraint	431
bucklers	431
contorting	431
snooped	431
precognitive	431
footbridges	431
triskelion	431
complexioned	431
boluses	431
laotians	431
nitrated	431
undersurface	431
palominos	431
pelagian	431
crisped	431
dicotyledonous	431
stouter	431
wardship	431
barkeeper	431
unpractical	431
reverenced	431
declinations	431
proselytism	431
unlikeable	431
carbonization	431
chloroprene	431
pirouettes	431
liveried	431
outworking	431
palpebral	431
noisettes	431
pandered	431
regularizing	431
muntjac	431
alertly	431
crudity	431
mudlark	431
hypothecated	431
genially	431
bisectors	431
polecats	431
stilbene	431
unlatched	431
vortexes	431
abusively	431
erythropoietic	431
nonscientific	431
balletic	431
hypertonia	431
spicebush	431
hybridizes	431
indention	431
pertinently	431
antigovernment	431
esoterically	431
volleying	431
sensilla	431
andesitic	431
allogenic	431
ricocheting	431
careering	431
monatomic	431
widdershins	431
preservations	431
leaseholds	431
thenceforward	431
freethinking	431
firebreaks	431
electroforming	431
steelmakers	431
jiggles	431
reflexed	431
eyeline	431
honeymooner	431
jackers	431
showest	431
illuminants	431
watchout	431
suprapubic	431
strickly	431
katalyst	431
rakshasa	431
inexcusably	431
moaners	431
recalcitrance	431
unarmored	431
decrepitude	431
intuitiveness	431
ratcatcher	431
thinkest	431
novenas	431
effluvia	431
discoloring	431
shoreward	431
analyzable	431
inoculants	431
ornithopter	431
sublevels	431
vexillum	431
subchondral	431
analecta	431
ossicles	431
shortchanging	431
muddles	431
suggestible	431
reconsiderations	431
frenzies	431
acquiescent	431
grimness	431
scatterbrained	431
polymorphous	431
subpolar	431
wrasses	431
depuration	431
mimetics	431
stimming	431
standfast	431
meditatively	431
stinginess	431
blasphemers	431
sinecure	431
houseflies	431
rubbished	431
kantele	431
bassetts	431
numismatists	431
quintals	431
carboxyhemoglobin	431
chordate	431
internuclear	431
glossies	431
photophysical	431
ratched	431
compounder	431
fibbing	431
thebest	431
abbreviates	431
herries	431
woolpack	431
mishandles	431
enucleated	431
alchemic	431
clockworks	431
sporophyte	431
dominations	431
infusers	431
underrate	431
acromioclavicular	431
merrymaking	431
spottings	431
pardonable	431
alongshore	431
opposers	431
catadioptric	431
kookaburras	431
apochromatic	431
pastorals	431
choleric	431
champers	431
incarnadine	430
placemaking	430
inclose	430
planation	430
selvedge	430
mewling	430
kerygma	430
edaphic	430
refocuses	430
weekending	430
flighted	430
unsymmetrical	430
tacklers	430
sidelining	430
importable	430
beggary	430
naturalizations	430
underdown	430
shanghaied	430
parroted	430
ameliorative	430
pleasantest	430
albedos	430
visioned	430
pistils	430
handgrips	430
overcompensate	430
extroverts	430
smoothen	430
unitedly	430
snowsuits	430
poolroom	430
allottees	430
festered	430
geochemist	430
financer	430
exordium	430
botching	430
conceptualism	430
reformatories	430
monoecious	430
spiritualities	430
disadvantaging	430
blankies	430
forecourts	430
spirograph	430
weeders	430
vegetational	430
societys	430
disingenuously	430
cessions	430
palpate	430
sidesaddle	430
timelessly	430
antiphons	430
reconverted	430
monoamines	430
catarrhal	430
tetrads	430
hoofbeats	430
absorptivity	430
nurturer	430
minerally	430
quarterbacking	430
broadness	430
gullion	430
creaminess	430
bacchanalian	430
triaged	430
anticorrosion	430
beleave	430
syllabary	430
erythronium	430
paunchy	430
tebbetts	430
rossing	430
esquires	430
spitefully	430
bricking	430
perking	430
hexagrams	430
malpais	430
imprisonments	430
landowning	430
mudstones	430
bulkiness	430
despond	430
hydrosols	430
uncombined	430
lemme	430
pipistrelle	430
harmonists	430
ostracize	430
pustule	430
subretinal	430
chemoreceptor	430
brocaded	430
jamborees	430
lionized	430
suspensory	430
drawling	430
forwardness	430
redactions	430
remineralization	430
goatfish	430
intuited	430
merchandised	430
vamping	430
inattentiveness	430
simians	430
arraignments	430
unreflective	430
barters	430
testily	430
tyrannize	430
unlawfulness	430
multivibrator	430
insensitively	430
decelerates	430
disapprovingly	430
pardoner	430
unfasten	430
myoepithelial	430
noseband	430
kingsman	430
preforming	430
closable	430
preregistered	430
windflower	430
precocity	430
sacramentum	430
hyperventilate	430
queering	430
droppingly	430
backstay	430
coalesces	430
idolizes	430
semipermeable	430
gumming	430
titrating	430
oersted	430
spasmodically	430
orthotropic	430
elephanta	430
slouches	430
mesdames	430
plushes	430
balustrading	430
resignedly	430
clogger	430
dominium	430
bottlings	430
collocate	430
uncapping	430
asteroidal	430
fornicate	430
northlight	430
goalmouth	430
wingspread	430
festoons	430
churched	430
festively	430
dishcloths	430
threatenings	430
woodwards	430
rhombohedral	430
hybridizer	430
prevision	430
allegorically	430
buttressing	430
demoting	430
descriptives	430
landlubber	430
heatproof	430
pyrazole	430
pottering	430
idempotents	430
breyers	430
prophylactics	430
femaleness	430
orgasmed	430
altissimo	430
phreatic	430
literalists	430
plunderers	430
compotes	430
abecedarian	430
disfavors	430
radiosondes	430
reroutes	430
skywriting	430
leaming	430
longfin	430
enunciating	430
racialist	430
argillaceous	430
comfortless	430
wordiness	430
bleakly	430
cloacal	430
winehouse	430
intranasally	430
incautious	430
luxuriance	430
barnstormer	430
impaneled	430
sectionally	430
homosexually	430
hornbook	430
millenarian	430
reactivates	430
personifications	430
unreviewable	430
inflowing	430
walloped	430
strophe	430
coelomic	430
pounamu	430
disintegrative	430
ichneumon	430
creditably	430
exclave	430
cordwood	430
impressiveness	430
equivocate	430
impracticability	430
undecipherable	430
wappinger	430
murderously	430
gruesomely	430
irradiations	430
outranks	430
presumable	430
bifurcating	430
overindulge	430
antidemocratic	430
labyrinthitis	429
panamanians	429
ebonized	429
demoness	429
unpersuaded	429
moratoriums	429
palsies	429
coonskin	429
downlines	429
breezily	429
peduncles	429
bacalao	429
bilaterals	429
sculptress	429
superabundance	429
jacketing	429
vegetations	429
splashproof	429
outwell	429
showery	429
counterarguments	429
derelicts	429
implacably	429
incendiaries	429
glamorize	429
suffragist	429
savaging	429
acrostics	429
urbanists	429
digitoxin	429
extradural	429
thousandfold	429
telophase	429
protectionists	429
commensurable	429
snivelling	429
deodorize	429
precipitately	429
paralyses	429
planetology	429
unceremonious	429
sidewise	429
chromes	429
lustfully	429
polearm	429
gymnosperm	429
selectives	429
shoulds	429
morgues	429
suppressions	429
overreached	429
compeer	429
flatman	429
mineralogists	429
extramedullary	429
lisping	429
pyriformis	429
muddies	429
mellophone	429
kinglets	429
piscivorous	429
obliviousness	429
arboretums	429
formability	429
earthlike	429
brandied	429
honeymooned	429
sarcolemma	429
fumigate	429
trental	429
fowling	429
champignon	429
panoche	429
clachan	429
uncaged	429
oranger	429
shortish	429
octavarium	429
libidinal	429
cyclopropane	429
amylopectin	429
fibroblastic	429
fulminate	429
hogfish	429
sneller	429
fibrosing	429
fluxing	429
titleholder	429
enigmatically	429
unthreatening	429
concreted	429
blastula	429
sluicing	429
riotously	429
afterglows	429
reinterpretations	429
jiggers	429
brandreth	429
commutable	429
cyanuric	429
detachably	429
celiacs	429
passably	429
vituperation	429
rebuffing	429
sesquiterpene	429
castrating	429
littermate	429
interaural	429
impossibles	429
unmodulated	429
lineament	429
prostituting	429
cancelations	429
gerrymandered	429
disavows	429
goldhammer	429
whitewall	429
chalazion	429
allopathy	429
scorches	429
biocatalysts	429
freezed	429
bodiless	429
pteridium	429
newcome	429
accrete	429
personifying	429
untaught	429
topflight	429
schistosome	429
extortionists	429
dermatosis	429
positionally	429
suspensive	429
housebuilder	429
decidual	429
isinglass	429
bailable	429
forsworn	429
birdlike	429
imperilled	429
droving	429
geophone	429
governorships	429
supernaturalism	429
synergist	429
cataplexy	429
clairaudience	429
septuagenarian	429
staminate	429
uncouple	429
humanlike	429
warrener	429
unelectable	429
tandemly	429
atlantics	429
slenderness	429
undersaturated	429
stramonium	429
universalization	429
promptitude	429
belches	429
holdups	429
sarcosine	429
venator	429
cantered	429
acetoacetate	429
banquette	429
unscrambled	429
allurements	429
displeases	429
admonishments	429
pegmatites	429
syndactyly	429
macrocephalus	429
pronounceable	429
dissociatives	429
unreactive	429
salvages	429
homeworker	429
sideslip	429
dialectically	429
prospected	429
mastoiditis	429
distressful	429
tiddlywinks	429
whirley	429
hemangiosarcoma	429
stanely	429
justifier	429
infuriatingly	429
thirring	429
clanger	429
elapsing	429
asteria	429
regroups	429
pieties	429
palming	429
monocotyledons	429
pennyweight	429
crustless	429
disputant	429
carboxylation	429
clucked	429
literates	429
oxidations	429
flubbed	429
tragicomic	429
checkering	429
preventives	429
psychographic	429
persecutes	429
blackmails	429
remeasured	429
carnally	429
contango	429
hedgies	429
kimberlites	429
prestidigitation	429
trilled	429
incommensurability	429
overtired	429
heparins	429
seldomly	429
foremast	429
plutocrats	429
margining	429
unfound	429
flakiness	429
humbugs	429
graticule	429
parthenogenetic	429
quenchers	429
thirsted	429
hypostasis	429
hellbender	429
irruption	429
progressiveness	429
supplicants	429
submental	429
frogging	429
professedly	429
unexcelled	429
furrowing	429
scatterings	429
chilblains	429
pejoratively	429
montgolfier	429
pyrroles	429
waterhead	429
shamelessness	429
resiliently	429
chalmer	429
felicitated	429
shoestrings	429
stupefaction	428
coffered	428
lexicographers	428
masseuses	428
harangues	428
reinterprets	428
envenomation	428
remorselessly	428
arsenical	428
catechumen	428
creedal	428
lazybones	428
matchboxes	428
scoggin	428
diammonium	428
dexterously	428
smoothened	428
bladderwort	428
rhabdoid	428
unconvincingly	428
nancies	428
dewclaws	428
firehouses	428
ataraxia	428
meddlers	428
autographing	428
extempore	428
recitalist	428
ruminates	428
metabolizable	428
unharvested	428
colonoscopies	428
mortgagors	428
sunshines	428
biddings	428
pessary	428
hardpan	428
hoaxers	428
misjudgments	428
bidentate	428
pantheists	428
rehabilitates	428
reproving	428
undocking	428
denitrifying	428
skivvies	428
stabber	428
exclosure	428
tortuosity	428
trousered	428
habituate	428
univocal	428
bilabial	428
capitulum	428
disrobed	428
serpentina	428
accelerando	428
fermentor	428
longshanks	428
guineans	428
lamming	428
pestilential	428
concertinas	428
overbite	428
disconnector	428
incompetently	428
bogarts	428
confiture	428
concision	428
engulfment	428
monastics	428
pedology	428
squawked	428
sponged	428
disbeliever	428
elongates	428
captaining	428
depravation	428
capitulates	428
emblazon	428
filioque	428
immunogens	428
beefeaters	428
circumlocution	428
queenly	428
willock	428
superficies	428
bryozoan	428
helvering	428
indigos	428
insectivore	428
stromata	428
neurotically	428
wonderlands	428
demobilize	428
unmedicated	428
hoarder	428
reinserting	428
percolators	428
coequal	428
ascriptions	428
suzerain	428
disembowelment	428
georgics	428
ideogram	428
theogony	428
connive	428
exegete	428
disgorged	428
emirati	428
unchaste	428
nucleoid	428
deliverd	428
exculpate	428
interpleader	428
billionths	428
broadways	428
premorbid	428
crankiness	428
manhandling	428
glamorized	428
orientalists	428
confounder	428
indispensability	428
juiciness	428
pliability	428
extensiveness	428
precipitations	428
crucian	428
entablature	428
grandees	428
reductionistic	428
abettor	428
clenches	428
empathizing	428
croakers	428
processual	428
prostrations	428
blisteringly	428
paraplegics	428
insouciant	428
lotuses	428
hymnbook	428
bequeathing	428
hassard	428
obstreperous	428
wonderfulness	428
unfaithfully	428
nonoperative	428
blackfire	428
hookworms	428
moonman	428
commissural	428
espalier	428
counterfeiter	428
intragroup	428
snorkeled	428
stators	428
heedlessly	428
repaved	428
fullbacks	428
unlikelihood	428
additionals	428
nomadism	428
refolded	428
amphitheaters	428
keratins	428
unalterably	428
countys	428
autodrome	428
martlets	428
counterstained	428
omphalocele	428
flatterer	428
alphabetizing	428
houseful	428
couriered	428
undergirds	428
autocracies	428
sentimentally	428
adsorbs	428
bergers	428
pruritic	428
outflanked	428
condyles	428
pennywort	428
undissolved	428
phrasings	428
crushingly	428
exophthalmos	428
tuckshop	428
tutelary	428
hindmost	428
whingers	428
counterforce	428
monkish	428
deflowering	428
commonsensical	428
metachromatic	428
geomancer	428
ineffectually	428
jitterbugs	428
multiparous	428
parasitological	428
herodian	428
shacking	428
surgeonfish	428
inventively	428
obligatorily	428
brightnesses	428
idealizing	428
godowns	428
winched	428
divinatory	428
propounding	428
angularly	428
neoteny	428
jokester	428
turbaned	428
careerists	428
comfortingly	428
unindicted	428
ruching	428
lavishes	428
romanticist	428
guillotined	427
ligating	427
outwater	427
chaperoning	427
anabasis	427
bedroll	427
conformably	427
prorogued	427
modernly	427
hydroid	427
crystalloid	427
harders	427
uncaused	427
kilovolts	427
syntypes	427
canalicular	427
glanders	427
irrotational	427
skijoring	427
aquavit	427
petechiae	427
systematizing	427
bayadere	427
stepladders	427
maharana	427
gestate	427
talismanic	427
flanner	427
dewormer	427
snookered	427
mudflows	427
heartful	427
disdaining	427
waterings	427
discontentment	427
telephonist	427
brewsters	427
mismanaging	427
pyrexia	427
undamped	427
shamble	427
bustards	427
flatting	427
invertibility	427
unnamable	427
humaneness	427
metalinguistic	427
bushwhacker	427
floggings	427
stagehands	427
lacunar	427
lowness	427
interactionist	427
fuzzing	427
kinships	427
idiotically	427
sherries	427
unbaptized	427
unpleasing	427
disgracing	427
overcomer	427
preselect	427
lawbreaking	427
heteros	427
scorekeepers	427
zoospores	427
corrupter	427
deuterocanonical	427
synonymized	427
antipoverty	427
gingersnaps	427
deflagration	427
ambulate	427
flageolet	427
misfiled	427
picnickers	427
unremarked	427
firkins	427
romanticizing	427
shoehorned	427
heartiness	427
decapitating	427
bijouterie	427
nonparticipation	427
laurate	427
silvering	427
stroboscope	427
heartbreaks	427
noteholder	427
outclass	427
bridegrooms	427
unreceptive	427
unmovable	427
situationally	427
climacus	427
gyrfalcon	427
petulantly	427
rhetoricians	427
undereye	427
flattops	427
luxuriating	427
outrunning	427
habitational	427
federalized	427
heterocycle	427
sulkily	427
slopped	427
supraclavicular	427
philanderer	427
esophagectomy	427
minuteness	427
haricots	427
solemnities	427
decapod	427
implantations	427
tramper	427
affectional	427
grayness	427
revaccination	427
forearmed	427
impecunious	427
theirselves	427
processive	427
vaudevillian	427
perspicacious	427
electrocautery	427
dissuasive	427
pilchards	427
barrelling	427
geminate	427
deniable	427
presumptuously	427
knothole	427
unperformed	427
moocher	427
confessedly	427
seasiders	427
stoppered	427
deoxygenated	427
monofilaments	427
dauphins	427
primitively	427
cabdriver	427
wheedle	427
opaqueness	427
undermentioned	427
cuerdas	427
scousers	427
thixotropic	427
paronychia	427
allophones	427
hushing	427
clunking	427
colorados	427
reinstitute	427
beechnut	427
syntype	427
principium	427
clathrate	427
coalitional	427
superimposes	427
communards	427
isometrically	427
outliving	427
translocates	427
apportions	427
repopulating	427
spermatogenic	427
southmost	427
bootlicking	427
liberatory	427
ungraceful	427
raffling	427
pillboxes	427
queerly	427
minification	427
retroflex	427
pinheads	427
cheesed	427
guanacos	427
atmospherically	427
overexcited	427
luxation	427
unlinking	427
soulfully	427
twizzlers	427
coercions	427
cloudland	427
controvert	427
straggled	427
parrotlet	427
refluxing	427
mouflon	427
picturesquely	427
carabus	427
advancer	427
nonconductive	427
aviculture	427
memorializes	427
mainmast	427
tillable	427
disquisition	427
oliguria	427
maximizers	427
preganglionic	427
putties	427
rosiers	427
unmelted	427
effortful	427
loganberry	427
pistillate	427
polyrhythmic	427
recapitalizations	427
acromion	427
unsmiling	427
pistoles	427
datable	427
emporiums	427
tenebrous	427
recrudescence	427
unarguably	427
pummelled	427
cofferdam	427
grunion	427
unexceptionable	427
consigns	427
recommitment	427
tenseness	427
granulite	427
knobbly	427
touchbacks	427
pretested	427
extracapsular	427
babyish	426
bucketful	426
extracellularly	426
palanquin	426
guffawed	426
vasectomies	426
arteriole	426
unserious	426
inhumanly	426
cheesiness	426
saltworks	426
penalization	426
oversoul	426
pigeonholes	426
digestions	426
respire	426
epistemologically	426
acclimating	426
tractions	426
ferroalloys	426
permited	426
subscribership	426
peridotites	426
dentifrice	426
laddering	426
stentorian	426
flatterers	426
derailer	426
expectorants	426
freezable	426
onomastics	426
maligning	426
dialoguing	426
dissonances	426
brantly	426
dirtiness	426
cantering	426
overstimulation	426
stealthed	426
casualities	426
gumdrops	426
originary	426
deliveryman	426
resorbed	426
idolizing	426
psychrometric	426
reasonability	426
paymasters	426
folkies	426
constructionists	426
pitchman	426
quadripartite	426
whaleboat	426
derated	426
exegetes	426
gradgrind	426
metastasizing	426
datings	426
hydrostatics	426
breakables	426
flaying	426
aspirins	426
draglines	426
permeant	426
unsurveyed	426
eventuated	426
telescoped	426
manacled	426
aerofoil	426
joyfulness	426
sportsmanlike	426
defectives	426
stampedes	426
pyrophoric	426
autographic	426
filtrations	426
polysyllabic	426
unlivable	426
clinked	426
mustached	426
policial	426
uninterpretable	426
doddering	426
pussyfoot	426
backwashing	426
bestower	426
endolymphatic	426
logwood	426
fratricidal	426
resuscitating	426
stiching	426
ferriter	426
heedlessness	426
hedgers	426
decipherable	426
coquetry	426
karstic	426
knowingness	426
connectional	426
subangular	426
baldric	426
redeposit	426
bloodworm	426
dialkyl	426
brashness	426
histiocytes	426
xiphias	426
sanatoriums	426
omental	426
irrelevancies	426
lambers	426
unsurprised	426
admited	426
lumbers	426
tachypnea	426
worlders	426
pontins	426
disavowing	426
arrestable	426
cursorily	426
undervaluing	426
wielders	426
kenting	426
quibbler	426
mulders	426
cassina	426
dialyzer	426
eyeblink	426
corporeality	426
cyclohexene	426
consols	426
yellowwood	426
fraternization	426
worthiest	426
pusillanimous	426
superiorly	426
graybeard	426
moderner	426
copulations	426
refashioned	426
swaggered	426
sharking	426
interosseous	426
banalities	426
predesigned	426
answerd	426
untuned	426
formidably	426
ankylosis	426
snugger	426
basicity	426
pianola	426
forbore	426
bedevilled	426
signets	426
regraded	426
finless	426
gravelled	426
bungees	426
patisseries	426
opportunely	426
entropion	426
crappier	426
effulgent	426
desquamation	426
homotypic	426
defensed	426
odoriferous	426
hobnobbing	426
slipperiness	426
butterfingers	426
distinguisher	426
quadruplicate	426
rummages	426
sierran	426
volatilize	426
insensate	426
polemicist	426
chaparro	426
osculating	426
zanthoxylum	426
pediments	426
excisions	426
swimmable	426
immorally	426
unimportance	426
causeless	426
scarcities	426
temperamentally	426
trombonists	426
totalization	426
homothetic	426
bucktails	426
multipartite	426
unhealed	426
nondominant	426
slidable	426
dextral	426
archipelagic	426
betweenness	426
permalloy	426
spooking	426
albinos	426
overwinters	426
superyachts	426
unsprung	426
fidgets	426
skywriter	426
antiviruses	426
ransoms	426
prologues	426
ridinger	426
imprudently	426
mutualistic	426
congestions	426
houseboy	426
scarfing	426
lawyerly	426
polarizable	426
bastardy	426
drollery	426
nocturn	426
offshored	426
explanted	426
croquette	426
purebreds	426
conjoining	426
machinability	426
blackcock	426
easterner	426
hyperacusis	426
slanging	426
newsworthiness	426
mildewed	426
capitulating	426
animalism	426
truffled	426
forgeting	426
intimidators	426
resonantly	426
quinolinic	426
electrodialysis	426
manhandle	426
uncongenial	426
columbines	425
junkman	425
hypomanic	425
gravamen	425
irresolvable	425
nymphomania	425
wattages	425
leapers	425
shebeen	425
expropriations	425
eustatic	425
spearwood	425
farewelled	425
wellers	425
antiprotozoal	425
infinitival	425
snowdrifts	425
socking	425
weepers	425
antegrade	425
pinnately	425
thrusted	425
decidely	425
outspokenness	425
triphasic	425
moquette	425
pilotless	425
garrote	425
plugboard	425
unprecedentedly	425
unenhanced	425
knobbed	425
sententious	425
switchman	425
reconnoitre	425
eatables	425
reconnoiter	425
squirreled	425
ascendants	425
chalcolithic	425
disowning	425
playmaking	425
remediable	425
haggled	425
carnifex	425
pissant	425
scherzando	425
desaturated	425
philatelists	425
oiliness	425
pacifics	425
referentially	425
sabines	425
infectiousness	425
conceptualizes	425
cosiness	425
psychosynthesis	425
scotches	425
formational	425
kerogen	425
vacuolation	425
tallboy	425
slanderers	425
starkness	425
strakes	425
messily	425
housetops	425
christens	425
empresses	425
abandonments	425
enchantingly	425
shotter	425
barycenter	425
adjoints	425
outnumbers	425
inseparability	425
soundlessly	425
mannerist	425
desolations	425
perovskites	425
stencilled	425
complaisance	425
lesional	425
odometry	425
assegai	425
fieldfare	425
knotless	425
coppicing	425
tinkled	425
overbuilding	425
capacitation	425
fimbriated	425
eternities	425
planform	425
redeposited	425
dreiling	425
imponderable	425
butterly	425
bewailing	425
whishes	425
entrenchments	425
periwinkles	425
misreads	425
understandingly	425
sternest	425
beingness	425
granitoids	425
minories	425
impersonality	425
befitted	425
biometrical	425
untucked	425
exclamatory	425
cambered	425
sacrificially	425
gallinger	425
hoarders	425
powdering	425
wriggles	425
unthought	425
codefendants	425
drayman	425
enervated	425
forestay	425
wussies	425
bobbled	425
disperser	425
growlers	425
greated	425
cinnamic	425
isopods	425
protium	425
twelfths	425
whiffenpoofs	425
fertilizes	425
decelerations	425
supercharges	425
fluorescing	425
enfolding	425
capitate	425
rebirths	425
ceremonials	425
holdens	425
rhinoceroses	425
sedately	425
educationalist	425
disabused	425
responde	425
hoofers	425
amphiboles	425
talukdar	425
dogtooth	425
immovables	425
incubates	425
inequal	425
truckle	425
beardie	425
firebrands	425
callosal	425
pectorals	425
searchingly	425
sectarians	425
terrines	425
mohring	425
overdrives	425
somewheres	425
temptingly	425
smokiness	425
schochet	425
tyrannous	425
troublemaking	425
agalloch	425
wigwams	425
pupation	425
pyroxenes	425
excoriating	425
totalitarians	425
quadrilles	425
metaphysicians	425
sackings	425
gangmasters	425
transcendentalists	425
incarcerations	425
sunlike	425
lightwood	425
slanderer	425
hexanes	425
epicondyle	425
adsorbates	425
existentialists	425
zwitterionic	425
seismographic	425
commerciality	425
monosyllables	425
surveillances	425
osmotically	425
sluggard	425
undescribable	425
choirboy	425
flanging	425
winkles	425
dissembled	425
empyreal	425
coherences	425
phytotoxic	425
spelter	425
mentorships	425
hyoscine	425
shindigs	425
gizzards	425
bloodwood	425
nostrums	425
impudently	425
quagmires	425
conniption	425
tillerman	425
contrariety	425
vitrines	425
guideways	425
marrowbone	425
grandiloquent	425
phyllite	425
timeworn	425
prodigals	425
conflagrations	425
supportively	425
turnpikes	425
unprovided	425
metasedimentary	425
griffes	425
neurally	425
participial	425
hilding	425
diffract	425
printability	425
rebooked	425
rebasing	425
centavo	425
unventilated	425
symmetrization	425
overtopped	425
homophone	424
threadlike	424
signior	424
participators	424
supping	424
unessential	424
earthward	424
mucormycosis	424
unsuspended	424
photosensitizer	424
diplomatist	424
emancipator	424
lupulus	424
screechy	424
acicular	424
toothsome	424
alternance	424
homogenic	424
barefaced	424
plighted	424
doorpost	424
mortared	424
seductiveness	424
exclosures	424
taxonomical	424
glazers	424
loutish	424
undesirability	424
codirector	424
fungibility	424
phantasies	424
acquiesces	424
subtexts	424
cherimoya	424
piastre	424
hypophysis	424
archduchess	424
deports	424
subcapsular	424
pardesi	424
refashion	424
counterbore	424
unisexual	424
ofttimes	424
telluric	424
allochthonous	424
outlives	424
reallocates	424
reoccupation	424
steersman	424
uncommons	424
slagged	424
unmyelinated	424
obsessives	424
procuratorate	424
caitiff	424
tureens	424
overextend	424
polarizes	424
tuneless	424
diametric	424
grittiness	424
extortionist	424
fastidiously	424
diffusor	424
federalization	424
overvalue	424
phytosterol	424
downstroke	424
hospitallers	424
insectivores	424
convulsant	424
anoints	424
punctum	424
assistances	424
jangled	424
interpretational	424
romanced	424
ferricyanide	424
avenges	424
earliness	424
aspersion	424
rudiment	424
outremer	424
embroil	424
chondritic	424
athirst	424
blackballed	424
outsells	424
debilitate	424
kalashnikovs	424
handcrafting	424
gnashed	424
linders	424
cobbers	424
neighing	424
comprador	424
unchallenging	424
frangipane	424
dysplasias	424
saprophytic	424
subleased	424
dynamited	424
calendrical	424
nimbleness	424
disrobing	424
soapsuds	424
bipyridine	424
aerostat	424
boozers	424
fornicating	424
quarrier	424
rancidity	424
crinkling	424
foregrounding	424
magnanimously	424
mislabeling	424
anchorite	424
boisterously	424
spitball	424
angiopathy	424
precordial	424
pummels	424
brachiopod	424
corrugating	424
chancing	424
hipshot	424
galleried	424
lessness	424
reformulations	424
semipermanent	424
apocalypses	424
hertzian	424
recommissioned	424
hematogenous	424
integrands	424
cristobalite	424
martlet	424
unswervingly	424
focally	424
prosecutable	424
quintette	424
pseudocyst	424
sinapis	424
consorted	424
slichter	424
scalene	424
suppost	424
greyness	424
cystinuria	424
chiastic	424
endocardium	424
renovates	424
specced	424
recapitalize	424
criminalist	424
invigoration	424
fossilization	424
guiders	424
incompressibility	424
bureaucratically	424
reappraise	424
accentor	424
fanlight	424
uncongested	424
amphoteric	424
pepsinogen	424
sandbagging	424
semiprivate	424
clepsydra	424
nephrons	424
bernies	424
connoisseurship	424
highflying	424
ectasia	424
parganas	424
villainess	424
wavelike	424
malleolus	424
stymies	424
transversally	424
ponderously	424
landownership	424
tussles	424
coaming	424
zeolitic	424
belligerency	424
preassigned	424
competely	424
provitamin	424
countersuit	424
pyramiding	424
hospitalize	424
corpulence	424
cowskin	424
foregrounded	424
triclinic	424
rootedness	424
cosmologist	424
bedtimes	424
chicanes	424
backpedal	424
hydrometeorology	424
humectants	424
junking	424
punchinello	424
tennies	424
coaxially	424
stalemated	424
tremolos	423
implosions	423
mutilates	423
edgerly	423
extraembryonic	423
windowpanes	423
unsoundness	423
orbicular	423
vacillated	423
shampooed	423
plurilateral	423
cephalometric	423
hemodilution	423
explicates	423
feelingly	423
arteriosclerotic	423
phycological	423
turbopump	423
phantasmal	423
stewartry	423
prejudged	423
innovatory	423
gourmands	423
nebulization	423
tantalized	423
bashfulness	423
vesical	423
showboating	423
greatcoat	423
stabbers	423
crannog	423
pathognomonic	423
routinized	423
inaudibly	423
antedate	423
metaphyseal	423
finessing	423
hurdling	423
barrass	423
unitarily	423
unmeaning	423
horizontals	423
nerveless	423
untrodden	423
grasser	423
lexicology	423
brunswickers	423
insurrectionary	423
interrogatives	423
undesirably	423
successfulness	423
colluvial	423
inculpatory	423
fickling	423
aspected	423
ingrates	423
presetting	423
everted	423
unionizing	423
waistbands	423
thumbprints	423
scheelite	423
dematerialization	423
gilders	423
recordists	423
replyed	423
refuser	423
regnant	423
bakeshop	423
bartons	423
ciphered	423
gaberdine	423
quondam	423
impeachments	423
unidirectionally	423
accelerant	423
fiddleheads	423
battened	423
hyperthermic	423
raillery	423
faciles	423
restringing	423
accordant	423
haymakers	423
swigging	423
repopulated	423
chlorophylls	423
maldistribution	423
patinated	423
chortling	423
scheffel	423
prepositioned	423
lawbreaker	423
midriffs	423
pleasurably	423
sensibles	423
episodically	423
midvein	423
airlifts	423
indissolubly	423
uniformities	423
tetrapod	423
methodic	423
modernizes	423
maltman	423
drugless	423
imaginaries	423
traumatize	423
uraemic	423
washtub	423
disseminator	423
asperities	423
rashers	423
colonnaded	423
extenuation	423
philosoph	423
palamas	423
brainwashes	423
lingonberry	423
unapplied	423
minored	423
argentinians	423
condemnatory	423
contumacious	423
dishonorably	423
extrusive	423
perplexes	423
pasquin	423
genizah	423
millimolar	423
loftily	423
outrageousness	423
stucked	423
gestations	423
congruous	423
germicide	423
oxidization	423
placidity	423
appassionato	423
armload	423
satirically	423
philologists	423
riddling	423
transuranium	423
upholder	423
deciphers	423
subframes	423
chaplaincies	423
incarnates	423
neuroepithelial	423
pederasty	423
tzolkin	423
galoshes	423
dilators	423
tenterhooks	423
degenerations	423
epicentral	423
frothed	423
quatorze	423
thunderstrike	423
enfolds	423
pulmonic	423
pelleting	423
prehnite	423
festers	423
chomped	423
milliamp	423
queerness	423
religionist	423
excerpting	423
merchanting	423
spiracles	423
appendicular	423
hotheaded	423
resentenced	423
cuspidal	423
readmit	423
precalculated	423
prophetical	423
ignoramuses	423
unitive	423
cuffing	423
forsterite	423
offhandedly	423
corseted	423
emboldens	423
greenheart	423
underdone	423
matchlock	423
oversimplifies	423
harpsichordist	423
geniality	423
malonate	423
inhabitation	423
tinkles	423
bulrushes	423
papular	423
twopence	423
licenser	423
antituberculosis	423
servient	423
asystole	423
recalculations	423
tungstate	423
proliferations	423
blennies	423
foregate	423
teosinte	423
tromping	423
decapping	423
excessiveness	423
diaphoretic	423
gardened	423
perceptiveness	423
castigation	423
stutterers	423
cycloid	423
hearkening	423
flippancy	423
breastworks	423
pinkness	423
bidirectionally	423
galeras	423
rebreathing	423
shaggers	423
hatrack	423
unkillable	423
suctioned	423
lactational	423
refracts	423
thrombosed	423
administrates	423
cohabitants	423
wrongfulness	423
champing	423
pellucid	423
exclusivist	423
unaccessible	423
frenulum	423
fulminating	423
horrifies	423
younkers	423
hemocytes	423
frighted	423
reinstalls	423
dingleberries	423
almagest	423
shrinky	423
uninspected	423
evocatively	423
hearest	423
tetravalent	423
disempower	422
vacuously	422
whitens	422
undernourishment	422
foreignness	422
imagineers	422
harebrained	422
pepperwood	422
spranger	422
unthank	422
dissociations	422
coastlands	422
comprehensives	422
affectivity	422
festing	422
lipomas	422
zealousness	422
electrolyzer	422
gambits	422
sixteenths	422
sniggered	422
lambaste	422
irreligion	422
decollete	422
lymphocytosis	422
overgrazed	422
constructivists	422
trenched	422
catalinas	422
prodigality	422
intersexual	422
wolfers	422
schismatics	422
unrolls	422
brickfields	422
maharajas	422
subcircuit	422
positiveness	422
adducing	422
astrolabes	422
marginalizes	422
fimbria	422
tragacanth	422
windigo	422
incommunicable	422
overplaying	422
freshet	422
rhizomatous	422
forensically	422
tumorous	422
punctuations	422
stoutest	422
deflower	422
hunching	422
chauvinists	422
canvasser	422
altruists	422
roundest	422
livelong	422
rhyolitic	422
exotoxins	422
poultices	422
pretests	422
grotesques	422
snowiest	422
supraspinatus	422
educationist	422
detectably	422
reimagined	422
namaqua	422
canebrake	422
sheering	422
locutions	422
sublimes	422
escaper	422
corbicula	422
capriciousness	422
reconviction	422
hallucinated	422
reising	422
delegable	422
opprobrious	422
subzones	422
chromatics	422
reconfirms	422
aggrandize	422
precipitant	422
proprietress	422
homologated	422
imbecilic	422
propitiatory	422
periodate	422
acquirements	422
gradualist	422
unhooking	422
drearily	422
pomology	422
alights	422
caffeic	422
inseminate	422
telegenic	422
scarfed	422
violences	422
hideousness	422
valiants	422
boathouses	422
witters	422
mistimed	422
souterrain	422
postured	422
sorceries	422
morphew	422
solubilizing	422
fascinator	422
reseeded	422
snowbank	422
afebrile	422
commutations	422
ballasting	422
pianistic	422
capacitively	422
contretemps	422
inexpert	422
reconfirming	422
unfitting	422
colonizes	422
grounders	422
irrigable	422
hieratic	422
promotive	422
evasiveness	422
dalliances	422
endocrinological	422
underplay	422
mindlessness	422
crumples	422
academicals	422
adduces	422
undergirding	422
slathering	422
squeamishness	422
nemeses	422
flosser	422
declensions	422
machination	422
myasthenic	422
keyholes	422
unsatisfactorily	422
motoric	422
entangles	422
exoskeletons	422
malawians	422
snoozes	422
mockers	422
squalling	422
snorers	422
whispery	422
defectively	422
quintillion	422
reinvigoration	422
cryptogenic	422
upholders	422
humoring	422
unsettles	422
storekeepers	422
plunders	422
collines	422
phalangeal	422
fuselages	422
horniness	422
oldsters	422
bloodmobile	422
epileptogenic	422
straggly	422
traprock	422
knowledged	422
awesomest	422
wolfsbane	422
armorers	422
conduced	422
petalled	422
microbicidal	422
papermakers	422
barbone	422
petcock	422
freshies	422
mucilaginous	422
disordering	422
outlasting	422
plumaged	422
peckish	422
tripolis	422
knockdowns	422
superscription	422
hesitance	422
palatines	422
spalted	422
skunked	422
semidirect	422
filched	422
entrepot	422
complexification	422
sclerophyll	422
perceivers	422
rawhides	422
darkies	422
prances	422
suffrages	422
toddling	422
trudges	422
khedive	422
trichome	422
aggregative	422
polydipsia	422
reshoot	422
scootering	422
coeducation	422
flutists	422
pabulum	422
swineherd	422
assimilable	421
noncanonical	421
tessellated	421
sinusoidally	421
bureaucratization	421
misapprehensions	421
overwintered	421
conidial	421
hunkering	421
brandys	421
purposefulness	421
undertreated	421
unforgiveness	421
inchers	421
ciggies	421
defecated	421
unparliamentary	421
unworthily	421
disturber	421
foresaid	421
marting	421
solubles	421
excretes	421
devasted	421
redoubts	421
fumaroles	421
groused	421
mozambicans	421
photoconductivity	421
shushed	421
shooing	421
agentive	421
savories	421
volatilized	421
infalling	421
disinter	421
secretagogues	421
benumbed	421
heydays	421
teratomas	421
arrestment	421
entwining	421
hadrosaur	421
carouse	421
mothered	421
starkest	421
moneywise	421
muggins	421
cosmically	421
scilicet	421
traduce	421
adulterants	421
misstate	421
firemans	421
isomorphous	421
ferrocyanide	421
heiresses	421
scapegoated	421
sensate	421
epenthesis	421
shrager	421
curtesy	421
propagandizing	421
waltzer	421
harmfully	421
ambuscade	421
stickpin	421
scampers	421
ethnobiology	421
birling	421
uninstructed	421
canella	421
sauteing	421
jingled	421
sacramentals	421
submaxillary	421
autrefois	421
churchy	421
remarrying	421
throwout	421
breakfasting	421
nocturia	421
unchallengeable	421
barricading	421
commiserating	421
incompletion	421
oligospermia	421
infibulation	421
refurbishes	421
affricate	421
lastingly	421
exfiltration	421
collectorate	421
propagandize	421
regionalist	421
shingler	421
amortizations	421
drowsily	421
cocooning	421
restoratives	421
purities	421
proctology	421
blowpipe	421
internalizes	421
capstans	421
pastiches	421
perfectibility	421
suicided	421
tomboys	421
swivelled	421
panaceas	421
ecclesiological	421
mellowness	421
morphosis	421
articulators	421
benefaction	421
heterosexually	421
whiling	421
multiplicand	421
scorekeeping	421
aerially	421
plastron	421
thumbtacks	421
calcining	421
unprepossessing	421
defames	421
metabolizers	421
sanctimony	421
indeterminism	421
jilting	421
baiocchi	421
blabbed	421
molehills	421
reprieved	421
depolarizations	421
sensationalize	421
allometry	421
disproportionally	421
evasively	421
ecuadorians	421
extemporaneously	421
pamphleteer	421
slippages	421
noncombat	421
shirttail	421
preciously	421
halfheartedly	421
superheater	421
metonymic	421
arraying	421
perpetrates	421
outwood	421
worriers	421
monocultural	421
paramatta	421
secularity	421
truncal	421
overstress	421
resentfully	421
lentigo	421
psychiatrically	421
benzenes	421
afterwork	421
endophytic	421
subepithelial	421
acquaintanceship	421
declamatory	421
oleaginous	421
gangsterism	421
intermediated	421
substitutive	421
crueler	421
riflery	421
subaqueous	421
outmaneuvered	421
granulating	421
ligations	421
skulduggery	421
loanable	421
catalepsy	421
justiciability	421
tunicates	421
relayer	421
unarguable	421
holarctic	421
mugwumps	421
reforest	421
headsail	421
accentual	421
enstatite	421
moonglows	421
supplicating	421
spraining	421
hedonists	421
paratroops	421
equipotent	421
sinding	421
lineation	421
obtuseness	421
pulverizers	421
periorbital	421
reincorporated	421
accosting	421
paraparesis	421
supervene	421
adoringly	421
editorialize	421
trembler	421
queasiness	421
recompose	421
wickedest	421
unwaveringly	421
scaliger	421
struvite	421
subsoils	421
vagabonding	421
condemnable	421
loadstone	421
bondman	421
intoxications	421
sunbirds	421
overabundant	421
conehead	421
castellated	421
dissatisfactions	421
falutin	421
entrenches	421
churchgoer	421
footpads	421
adroitness	421
inculcates	421
effluvium	421
tuckered	421
mispronunciation	421
undersheriff	421
instrumentalism	421
vernaculars	421
swearer	421
cyanate	420
sticklers	420
thrumming	420
earthlight	420
backgrounding	420
preparator	420
horseshoeing	420
meristematic	420
rustles	420
girasol	420
monkshood	420
geophones	420
bacterias	420
schoolmistress	420
surmountable	420
obloquy	420
landlording	420
considerd	420
adhesively	420
procuration	420
methodologists	420
noddings	420
profitless	420
unconventionally	420
bezique	420
inferiorly	420
sericite	420
teached	420
chylothorax	420
typifying	420
dermatophytes	420
spiritist	420
chemoreception	420
prohibitionists	420
hearties	420
outflowing	420
ophthalmopathy	420
husking	420
twinkly	420
anesthetize	420
housemaids	420
acidify	420
alisher	420
neuritic	420
unconcealed	420
stuccoed	420
confreres	420
photolithographic	420
conjecturing	420
stigmatic	420
backstrap	420
coursers	420
overcompensated	420
crochets	420
reginal	420
arsenopyrite	420
simplicities	420
neurotropic	420
uncoloured	420
dementing	420
circumspectly	420
bronchoscopic	420
effusively	420
lechery	420
granitoid	420
upbuilding	420
abstemious	420
moralize	420
applier	420
consensually	420
expectable	420
gladiolas	420
caudally	420
comestibles	420
metaplastic	420
channer	420
laconically	420
lindens	420
friended	420
interdicting	420
rubdown	420
worklessness	420
demagogy	420
characterless	420
imbricate	420
plosives	420
residually	420
cannonade	420
plebiscites	420
ovipositor	420
skimped	420
fetlock	420
shibboleths	420
chitter	420
deifying	420
biomechanically	420
homodyne	420
decreasingly	420
beseeched	420
ischial	420
backsliders	420
serenaders	420
kipping	420
palmate	420
gyrated	420
spatters	420
quavers	420
belizeans	420
hydrometallurgy	420
tediousness	420
rehoused	420
meathook	420
titratable	420
binomials	420
alienable	420
copaiba	420
intracortical	420
scuffled	420
nonpermanent	420
glassing	420
bhagavat	420
incisively	420
primping	420
borlase	420
accessioning	420
flecker	420
knowers	420
scofflaws	420
suggestiveness	420
strenth	420
bellyache	420
continueing	420
dorados	420
trailered	420
coinages	420
backwall	420
outranked	420
rotundo	420
typographically	420
warbled	420
reinitiated	420
micaceous	420
caseless	420
preachings	420
shovelled	420
clamors	420
connoting	420
complaisant	420
deferent	420
plowshare	420
doeskin	420
emboldening	420
overproducing	420
everybodies	420
threating	420
unstaffed	420
subtend	420
pouched	420
reimposed	420
diamorphine	420
monotheist	420
befalling	420
discoverability	420
averagely	420
shoddily	420
unrepairable	420
plotless	420
stratigraphically	420
metatarsals	420
biconvex	420
dudleys	420
procreating	420
unbelted	420
outworkers	420
capillarity	420
unreconciled	420
brochette	420
manageress	420
waviness	420
proctologist	420
automatization	420
mattering	420
collotype	420
historiographic	420
ichthyologists	420
catchiness	420
videoing	420
rattrap	420
deltoids	420
substract	420
disrespects	420
heirship	420
whirred	420
luxuriantly	420
innocuously	420
wharfside	420
multifilament	420
overviewed	420
percipient	420
landlubbers	420
reauthorizes	420
chilliness	420
mammalogists	420
earless	420
humanizes	420
prodrome	420
gibberd	420
plastically	420
disseminators	419
harborage	419
trihydroxy	419
inharmonious	419
unconstructive	419
renewability	419
calendared	419
eardrops	419
ideologists	419
amatory	419
frontally	419
disgustedly	419
wallinger	419
unstamped	419
symbion	419
eviscerating	419
sidearms	419
countermand	419
bottommost	419
vomitus	419
coercively	419
corncob	419
eclogues	419
snuffling	419
disowns	419
atheromatous	419
cheapies	419
photopic	419
phoenixes	419
cricoid	419
daydreamed	419
antinomy	419
plateful	419
haemorrhaging	419
raffish	419
demographical	419
portended	419
frogged	419
becketts	419
lampstand	419
knavery	419
hairiness	419
adulteries	419
impersonally	419
militiaman	419
scotoma	419
subsistent	419
tippetts	419
rebased	419
recluses	419
woebegone	419
suffuses	419
flavone	419
inelasticity	419
ritualist	419
oxyhemoglobin	419
chitons	419
mersing	419
capulets	419
distracters	419
schmelz	419
harrowed	419
hyperboloid	419
audiograms	419
discriminability	419
multiplicatively	419
anacrusis	419
papillomatosis	419
theocracies	419
ascidians	419
paracentesis	419
locusta	419
assuredness	419
bahrainis	419
firecrest	419
unhesitating	419
potholed	419
dolerite	419
chloroformate	419
unconscionably	419
cholesteric	419
shacked	419
clonally	419
recidivists	419
cuckolded	419
mythologized	419
oversleeping	419
overeager	419
photoactive	419
queendom	419
premonitory	419
renumeration	419
altruistically	419
disemboweled	419
woodlanders	419
nonduality	419
providences	419
maskers	419
conspiratorially	419
scotopic	419
tangibility	419
vaulters	419
razorbill	419
ependymal	419
mentals	419
denotative	419
irresolution	419
brunching	419
bilingually	419
proverbially	419
oxidatively	419
retrobulbar	419
waywardness	419
wurtzite	419
maturer	419
gillings	419
congregationalism	419
bicycled	419
jovially	419
helically	419
unexpurgated	419
submicroscopic	419
excoriate	419
ricochets	419
hemophiliac	419
hypocotyls	419
lymphosarcoma	419
roundheads	419
suckering	419
algebraist	419
speckling	419
jewelweed	419
preponderate	419
unpayable	419
analogized	419
sensuousness	419
comradery	419
canonicity	419
relearned	419
repriced	419
mechanician	419
torchon	419
antiparasitic	419
frenetically	419
morphogenic	419
benignant	419
niblick	419
metalorganic	419
actuations	419
garishly	419
cockscomb	419
procurers	419
taxonomist	419
jarringly	419
arraign	419
perioral	419
ineluctably	419
loveing	419
vitaphone	419
wholely	419
claming	419
likeliness	419
dithionite	419
cambial	419
pyriform	419
blackly	419
inexistent	419
antipathies	419
seedbeds	419
whaleback	419
twanging	419
communality	419
ruffins	419
affixation	419
pronghorns	419
engrams	419
interpellation	419
convoke	419
totters	419
bishoprics	419
persecutory	419
happing	419
fancifully	419
baptizes	419
gritter	419
boosterism	419
concubinage	419
garganey	419
visiters	419
lifework	419
autografts	419
naphthoquinone	419
priding	419
creaser	419
ophthalmia	419
reparable	419
bulimics	419
polders	419
seducers	419
gallivanting	419
seraphina	419
solubilize	419
nitrosamine	419
denticles	419
disfranchised	419
triborough	419
abjection	419
discursively	419
reanalyze	419
unsheltered	419
whetting	419
ministership	419
quarryman	419
dichotomized	419
victual	419
twigged	419
ferreted	419
glycogenolysis	419
axiomatically	419
conerly	419
knoller	419
crippler	419
unblocks	419
collaring	419
projectable	419
scarcest	419
naturality	418
counterbalances	418
intellectuality	418
undermountain	418
nepheline	418
predaceous	418
reclamations	418
murshid	418
goschen	418
javelinas	418
nonbreeding	418
disbelieves	418
healths	418
pulverizes	418
bassoonist	418
fusionist	418
perfectness	418
dissatisfying	418
membrana	418
sandworm	418
diagnosticians	418
downdrafts	418
prognosticate	418
agglutinated	418
recomposition	418
benignity	418
microstructured	418
uncomplimentary	418
immolated	418
ribboned	418
coxcomb	418
granadilla	418
idiocies	418
shrewdest	418
feminity	418
incarnating	418
physicalist	418
floodways	418
pacifistic	418
upstages	418
entrapping	418
squeezers	418
carcinomatosis	418
outstandings	418
disarticulation	418
congest	418
undistinguishable	418
sequela	418
fulvous	418
screamingly	418
arrogated	418
grumpiness	418
landslip	418
stateliness	418
wilking	418
sevenths	418
conodont	418
delectably	418
smoothbore	418
unbuckle	418
strutters	418
radicalize	418
tussocks	418
jerkiness	418
emersion	418
reinitiate	418
hernani	418
richesse	418
snowscape	418
reinsure	418
obstructionists	418
middies	418
monzonite	418
corruptive	418
cameroonians	415
burundians	413
moldovans	413
heteronym	408
heteronyms	408
ain't	364
